Date,Open,High,Low,Close,Volume
2016-04-01,24.592661723114336,24.868476005695932,24.461536617488488,24.866214752197266,103496000
2016-04-04,24.963428146395394,25.363585502011237,24.929516242979144,25.12168312072754,149424800
2016-04-05,24.757697483706366,25.03351175238245,24.73734965290633,24.825519561767578,106314800
2016-04-06,24.92047307197915,25.09003085329812,24.68761227010977,25.085508346557617,105616400
2016-04-07,24.857170292431228,24.963426779060946,24.443450612873242,24.538402557373047,127207600
2016-04-08,24.62204429896581,24.816468911599358,24.45474609474674,24.56552505493164,94326800
2016-04-11,24.6356145264045,25.006380722002575,24.60396387981668,24.64691734313965,117630000
2016-04-12,24.719260900720705,24.981511075678288,24.565530180707952,24.967947006225586,108929200
2016-04-13,25.04933303960668,25.397490112175344,25.04933303960668,25.329668045043945,133029200
2016-04-14,25.234715207735842,25.408793737753513,25.169152671154205,25.343231201171875,101895600
2016-04-15,25.345489104569126,25.388444280577385,24.807426539882638,24.83455467224121,187756000
2016-04-18,24.617529101873007,24.631093172522302,24.176679557461316,24.29876136779785,243286000
2016-04-19,24.389186509241224,24.41631637059203,24.016160833443923,24.169893264770508,129539600
2016-04-20,24.108853935186644,24.436664933233505,23.977728846035568,24.21963119506836,122444000
2016-04-21,24.17441593542663,24.17441593542663,23.85564650775408,23.957382202148438,126210000
2016-04-22,23.740347814241954,24.072681302070844,23.652177916429892,23.89181900024414,134732400
2016-04-25,23.73809132344436,23.885041757555705,23.627314046887655,23.75617790222168,112126400
2016-04-26,23.49166611475082,23.805913063172742,23.49166611475082,23.59113883972168,224064800
2016-04-27,21.70339656246717,22.316065154282096,21.631051976252184,22.114856719970703,458408400
2016-04-28,22.067374663291364,22.128414690369752,21.307755855035232,21.438880920410156,328970800
2016-04-29,21.2489783607375,21.414015342196215,20.914385341232986,21.192459106445312,274126000
2016-05-02,21.244457131151787,21.269325740502186,20.889516290677836,21.169851303100586,192640400
2016-05-03,21.296445413381594,21.644604081073545,21.17888617258576,21.518001556396484,227325200
2016-05-04,21.522535580268162,21.68079055833006,21.210549856114113,21.294198989868164,164102000
2016-05-05,21.380624970491734,21.396546643077752,21.080386476489608,21.207759857177734,143562000
2016-05-06,21.23733026508152,21.25552522309774,20.891600032790514,21.08948516845703,174799600
2016-05-09,21.153174647026425,21.328313071417906,21.059917882827285,21.105409622192383,131745600
2016-05-10,21.228227306812844,21.282815639667177,20.950733867194614,21.24869728088379,134747200
2016-05-11,21.26234185446101,21.282811824862847,21.030338444584512,21.041711807250977,114876400
2016-05-12,21.089491526904567,21.103138183364223,20.35026755623948,20.54815101623535,305258800
2016-05-13,20.470819081949156,20.85066608621211,20.470819081949156,20.589094161987305,177571200
2016-05-16,21.014431067364605,21.469338118045226,20.846115944505925,21.353336334228516,245039200
2016-05-17,21.505725491322284,21.539842122301142,21.155446952171033,21.264623641967773,187667600
2016-05-18,21.4170270181785,21.65585220355567,21.35561358812947,21.508007049560547,168249600
2016-05-19,21.526198945289668,21.526198945289668,21.282823771465388,21.426118850708008,121768400
2016-05-20,21.526197671292028,21.70588613259609,21.49890262838541,21.65812110900879,128104000
2016-05-23,21.805966673755872,22.106205210629504,21.760474934634164,21.933340072631836,152074400
2016-05-24,22.113016577826922,22.310899896150712,22.02658318790943,22.267684936523438,140560800
2016-05-25,22.44283273539829,22.686207870935945,22.31545935166485,22.65891456604004,152675200
2016-05-26,22.672564068641318,22.91139092849649,22.43601222959086,22.838605880737305,225324800
2016-05-27,22.617973234698777,22.85225002723643,22.574756520813573,22.824954986572266,145364800
2016-05-31,22.65437020496822,22.836333714780267,22.476956737334422,22.71350860595703,169228800
2016-06-01,22.522438677649962,22.640715437250694,22.36549698538301,22.395065307617188,116693200
2016-06-02,22.199454383892053,22.25404272110802,21.97882427950708,22.226749420166016,160766400
2016-06-03,22.242675173197796,22.35185186766778,22.165340090560306,22.27224349975586,114019600
2016-06-06,22.28816291833011,23.17523171397771,22.18808458108011,22.433732986450195,93170000
2016-06-07,22.57476119621173,22.715782999184874,22.50879946911135,22.524721145629883,89638000
2016-06-08,22.522444533680854,22.645269630433198,22.445111177577044,22.504249572753906,83392400
2016-06-09,22.4041672169554,22.743072407745238,22.395068869744176,22.665739059448242,106405600
2016-06-10,22.410994133388883,22.597505942764318,22.399622499052526,22.479230880737305,126851600
2016-06-13,22.44738726302582,22.545192340893063,22.08573528288135,22.140323638916016,152082000
2016-06-14,22.13577254221866,22.399619411239556,22.006124128394898,22.16761589050293,127727600
2016-06-15,22.24949606499538,22.383694500789666,22.069807634038472,22.09482765197754,117780800
2016-06-16,21.937885363581174,22.233575553567107,21.85145367412832,22.188085556030273,125307200
2016-06-17,21.976553053616854,21.983376379491627,21.67631456780198,21.683137893676758,244032800
2016-06-20,21.835533516508335,21.96518192734931,21.61490336894878,21.63082504272461,137647600
2016-06-21,21.594435217670487,21.915143740976294,21.53529682349623,21.815065383911133,142185600
2016-06-22,21.892393901115703,22.037963965891365,21.687685455233666,21.733177185058594,116876400
2016-06-23,21.821884717278408,21.901493078328414,21.664941280256883,21.8582763671875,128960800
2016-06-24,21.132702264491982,21.530745828211515,21.073563877703485,21.24415397644043,301245600
2016-06-27,21.15317339788312,21.164546765885873,20.811993181788228,20.934818267822266,181958400
2016-06-28,21.130425171644948,21.303290273971506,20.957560069318394,21.28736686706543,161779600
2016-06-29,21.373800251297773,21.50572366431587,21.296465178540526,21.47160530090332,146124000
2016-06-30,21.480701821969273,21.783213555686512,21.448858481577986,21.74454689025879,143345600
2016-07-01,21.719530809980615,21.942435968436794,21.683139158082344,21.81051254272461,104106000
2016-07-05,21.696786177642384,21.699061198215826,21.485254382950593,21.605804443359375,110820800
2016-07-06,21.517098265953845,21.758200128113007,21.464784938786494,21.72863006591797,123796400
2016-07-07,21.767295981394707,21.949259448154788,21.749101022984483,21.82188606262207,100558400
2016-07-08,21.946985234678728,22.037966971404515,21.846906886079424,21.990201950073242,115648400
2016-07-11,22.006129899287746,22.21083843146396,22.00158159205396,22.05844497680664,95179600
2016-07-12,22.101654466928018,22.222204534939202,22.09028283400815,22.158517837524414,96670000
2016-07-13,22.15623798567594,22.215374624130522,22.02658787322161,22.03341293334961,103568800
2016-07-14,22.15169380085942,22.51561901394798,22.13577212701593,22.470129013061523,155676000
2016-07-15,22.499696893197058,22.586130322629735,22.404166852033615,22.467853546142578,120548000
2016-07-18,22.449660537981696,22.774919123726548,22.426915534255787,22.706684112548828,145975600
2016-07-19,22.645262793249994,22.74534285712758,22.595222761311202,22.715774536132812,95119600
2016-07-20,22.74534827125444,22.84997666506233,22.68620987985612,22.736249923706055,105104000
2016-07-21,22.70668150786607,22.97280166513089,22.547463029383575,22.615699768066406,130808000
2016-07-22,22.577034955196268,22.586133303460066,22.360953088429195,22.440563201904297,113254800
2016-07-25,22.34730716418514,22.481503900964643,22.044793582022212,22.140323638916016,161531600
2016-07-26,22.02204294034227,22.283614754680112,21.931061213355353,21.987924575805664,224959200
2016-07-27,23.716572664616915,23.734769358782028,23.37084415214117,23.41633415222168,369379200
2016-07-28,23.389042741889188,23.757516284268405,23.3867677211011,23.73249626159668,159479200
2016-07-29,23.698374515782017,23.78025789317055,23.582372775259596,23.702922821044922,110934800
2016-08-01,23.748417340119882,24.144185887101667,23.748417340119882,24.121440887451172,152671600
2016-08-02,24.12144519959996,24.125993506210257,23.655164814413595,23.76434326171875,135266400
2016-08-03,23.839402151415797,24.073678992242918,23.830303802652377,24.062307357788086,120810400
2016-08-04,24.14462990019436,24.240677448708052,24.076023511408614,24.210948944091797,109634800
2016-08-05,24.302422820540578,24.61801012849132,24.281841949882754,24.579133987426758,162213600
2016-08-08,24.5882810486413,24.782665252685547,24.505955817357165,24.782665252685547,112148800
2016-08-09,24.750643477224642,24.91301004531006,24.700332365617083,24.88327980041504,105260800
2016-08-10,24.860412303340663,24.90386312729229,24.643161673048006,24.69804573059082,96034000
2016-08-11,24.816966775969792,24.910728732985522,24.663747804231658,24.682043075561523,109938000
2016-08-12,24.647733632697385,24.79866696582525,24.647733632697385,24.739208221435547,74641600
2016-08-15,24.730065079268527,25.05022532562946,24.716344499122467,25.0365047454834,103472800
2016-08-16,25.07081087098698,25.208023676966587,24.974763302587895,25.013639450073242,135177600
2016-08-17,24.94959834469605,25.011344433087153,24.775796802026377,24.977041244506836,101424000
2016-08-18,24.979329587656807,25.06394214550732,24.931304074884757,24.945026397705078,87938800
2016-08-19,24.8741382751019,25.084530406646195,24.78037806249972,25.009063720703125,101472400
2016-08-22,24.894719727168077,24.949603794044457,24.66374673466097,24.814680099487305,103280800
2016-08-23,24.832966796582657,24.99990804103871,24.819246219819778,24.892425537109375,85030800
2016-08-24,24.82839690386297,24.869560383942947,24.62486684811553,24.704906463623047,94700400
2016-08-25,24.55855460240886,24.670610095106888,24.396187981841,24.59971809387207,100344800
2016-08-26,24.563127145006252,24.686615863863906,24.31157152765486,24.455644607543945,111065200
2016-08-29,24.382463338384497,24.56998549165305,24.30699665914969,24.428199768066406,99881200
2016-08-30,24.194946162837265,24.35502544439064,24.126339759466784,24.24068260192871,99455600
2016-08-31,24.16292739451736,24.371030435457087,24.15835270431955,24.263547897338867,118649600
2016-09-01,24.272692142709676,24.42362549295995,24.15377638517271,24.407617568969727,106806000
2016-09-02,24.629442820545787,24.698049210690897,24.428200084710696,24.63630485534668,107210000
2016-09-06,24.67518421063032,24.76665882783158,24.58599693866072,24.629446029663086,107521600
2016-09-07,24.65916952655998,24.871847211765008,24.485367975974665,24.780372619628906,169457200
2016-09-08,24.52653203011818,24.53110497470245,24.06687345879079,24.130905151367188,212008000
2016-09-09,23.929664472583937,24.17664537470225,23.584348678588867,23.584348678588867,186228000
2016-09-12,23.47458241005094,24.176647288411548,23.44713950384346,24.11261558532715,181171200
2016-09-13,24.585996391162194,24.878713763901224,24.524250284414737,24.686616897583008,248704800
2016-09-14,24.86499303896986,25.84834034830154,24.835262785991265,25.560195922851562,443554800
2016-09-15,26.038143227331968,26.465785938468404,25.95352892504526,26.429195404052734,359934400
2016-09-16,26.326290082769418,26.557261310484716,26.0793091861753,26.28055191040039,319547600
2016-09-19,26.342299391140802,26.56869768588233,25.89864869187927,25.9741153717041,188092000
2016-09-20,25.852912693764175,26.09760626250278,25.729422236914832,25.97182846069336,138057200
2016-09-21,26.035861194948506,26.06787704672819,25.713415332100855,25.967256546020508,144012800
2016-09-22,26.150202295608366,26.285127728976082,26.070162671440883,26.21194839477539,124296000
2016-09-23,26.166212094527168,26.250826414554755,25.509885384613206,25.77515983581543,209924800
2016-09-26,25.53046381318725,25.93066366912903,25.509882943782042,25.81403350830078,119477600
2016-09-27,25.84147014571746,25.8826336192787,25.690536827748755,25.862051010131836,98429600
2016-09-28,25.9992683528483,26.21651899108683,25.939809603908138,26.058725357055664,118564400
2016-09-29,25.87806430902848,26.024422958967328,25.56705174172525,25.65395164489746,143548000
2016-09-30,25.71798746482417,25.926092239549394,25.567055846165303,25.85291290283203,145516400
2016-10-03,25.775155537213298,25.852909553815465,25.67682065266904,25.731704711914062,86807200
2016-10-04,25.855197020048127,26.141054060318368,25.75686212840585,25.841476440429688,118947200
2016-10-05,25.932952529752114,25.992411286064037,25.770585930933372,25.85291290283203,85812400
2016-10-06,26.001556875263983,26.147915547003027,25.87120612872349,26.045007705688477,115117200
2016-10-07,26.141048960376857,26.198220357277155,25.958101537135455,26.083877563476562,97433600
2016-10-10,26.303423257158567,26.6990502077917,26.234818607533,26.538970947265625,144944000
2016-10-11,26.916296469049705,27.1426964864746,26.573268042962923,26.59613800048828,256164000
2016-10-12,26.83626027589914,26.9803333498666,26.69904923690448,26.833972930908203,150347200
2016-10-13,26.708195213406025,26.856841223390578,26.4635016565636,26.751646041870117,140769600
2016-10-14,26.957462853376438,27.023781898930597,26.785948621860403,26.900291442871094,142608800
2016-10-17,26.831688845240055,26.948317275365774,26.70591103463414,26.881999969482422,94499600
2016-10-18,27.026073209034124,27.032933500144,26.859131898183037,26.863706588745117,98214000
2016-10-19,26.81338748219759,26.93001763056003,26.02442283413263,26.783658981323242,80138400
2016-10-20,26.72420109018321,26.843116842219377,26.602997993473434,26.76993751525879,96503200
2016-10-21,26.712772927510628,26.735642890616635,26.591569799874968,26.664749145507812,92770800
2016-10-24,26.779087467944834,26.92544613453879,26.756219253426952,26.904865264892578,94154800
2016-10-25,26.97347543055382,27.06723739742523,26.827116733996778,27.042081832885742,192516000
2016-10-26,26.141055692416426,26.458928601464468,25.912370045922412,26.433773040771484,264536800
2016-10-27,26.388036578780813,26.495519111665708,26.093031885777496,26.179933547973633,138248000
2016-10-28,26.040437231807747,26.346875184613896,25.944387926768172,26.006134033203125,151446800
2016-10-31,25.990125196790462,26.122763296228115,25.887215604578586,25.964969635009766,105677600
2016-11-01,25.94667147935056,26.01756346663362,25.276622510848522,25.49616050720215,175303200
2016-11-02,25.47558434052238,25.692835032144323,25.436708194818788,25.519033432006836,113326800
2016-11-03,25.50983774029462,25.62016944650457,25.18113820298895,25.245498657226562,107730400
2016-11-04,24.94668073850706,25.34203982636608,24.85014005529243,25.01793670654297,123348000
2016-11-07,25.302962463940972,25.401802229569288,25.160448783314564,25.378816604614258,130240000
2016-11-08,25.355835804686546,25.679938987822432,25.215621176283374,25.528230667114258,97016800
2016-11-09,25.256992858020464,25.587991513710712,24.836350779053614,25.486852645874023,236705600
2016-11-10,25.535120808105646,25.535120808105646,24.32605969000553,24.77658462524414,228538000
2016-11-11,24.622584529865712,25.024839214541213,24.491564502719058,24.9237003326416,136575600
2016-11-14,24.758190903293574,24.781176525179863,23.92380072835661,24.298471450805664,204702000
2016-11-15,24.496156727620768,24.751301224165672,24.401915129573986,24.620281219482422,129058000
2016-11-16,24.526035433304067,25.337441850694617,24.50304980828329,25.28227424621582,235362000
2016-11-17,25.24089869361549,25.36502316958602,25.015637119724733,25.27307891845703,110528000
2016-11-18,25.220215064064362,25.408700011438132,25.206424038597554,25.29836654663086,113715600
2016-11-21,25.31215378733923,25.741990354786033,25.286869077055236,25.682228088378906,117058400
2016-11-22,25.73279985776237,25.84083422734658,25.60637803987788,25.698322296142578,103862000
2016-11-23,25.597183842295777,25.631663158149788,25.360428562424204,25.567302703857422,109705600
2016-11-25,25.5443156508187,25.71441314355612,25.50294082200296,25.69602394104004,45903600
2016-11-28,25.613276084266637,25.852330472710847,25.604081482362126,25.645456314086914,108776000
2016-11-29,25.46386018725582,25.751184844999162,25.300659992100464,25.62016487121582,114115200
2016-11-30,25.652355162766206,25.79027070188551,25.346641186029405,25.40410614013672,144649200
2016-12-01,25.369630452214057,25.50065048714844,25.061617363435026,25.1673526763916,148347600
2016-12-02,25.09378875204552,25.30525930339659,25.020233701415115,25.261587142944336,106112000
2016-12-05,25.284576903890887,25.291472417001383,24.882322271328984,25.080001831054688,137298000
2016-12-06,25.169642731993623,25.367322258129196,25.09838677037175,25.27307891845703,104782000
2016-12-07,25.114473229295417,25.55810255429244,25.091487608279657,25.521324157714844,119994800
2016-12-08,25.48225161015469,25.84313134162784,25.422487585094927,25.771875381469727,108273200
2016-12-09,25.815554018149612,26.36491880924601,25.815554018149612,26.192523956298828,137610400
2016-12-12,26.040820341209297,26.4338804399164,25.856931775802913,26.043119430541992,105497600
2016-12-13,26.167232723536717,26.645341417576397,26.146546188104477,26.4775447845459,174935200
2016-12-14,26.443065471801468,26.709701866064297,26.429274448179974,26.4775447845459,136127200
2016-12-15,26.521215662599765,26.83152770861694,26.48673810521173,26.62235450744629,186098000
2016-12-16,26.771763515751104,26.778659027184773,26.58327860390481,26.65683364868164,177404400
2016-12-19,26.617759262011504,26.98093632752822,26.60626557324657,26.810840606689453,111117600
2016-12-20,26.83382881080029,27.00852272541942,26.82003778590881,26.882099151611328,85700000
2016-12-21,26.847618786987013,26.98553428257856,26.843020610042583,26.907381057739258,95132800
2016-12-22,26.744179664197883,26.780958063359915,26.58097946372022,26.730388641357422,104343600
2016-12-23,26.569494467741563,26.78326416015625,26.569494467741563,26.78326416015625,56998000
2016-12-27,26.783262095756886,27.07748410155773,26.776366582612287,26.953359603881836,73187600
2016-12-28,27.013118748301817,27.128048630534312,26.709703929355662,26.83842658996582,83623600
2016-12-29,26.767167413662005,26.918875691723734,26.755675478278704,26.83152961730957,60158000
2016-12-30,26.813138508882915,26.939560311250457,26.532709350856184,26.62235450744629,122345200
2017-01-03,26.617757300869563,26.739582676563,26.3787029724356,26.69820785522461,115127600
2017-01-04,26.629247785955513,26.780956040503956,26.606262165060723,26.668323516845703,84472400
2017-01-05,26.645345545100454,26.86141430165792,26.620060828750496,26.8039493560791,88774400
2017-01-06,26.84302715539977,27.160234801667425,26.771771178602183,27.10276985168457,127007600
2017-01-09,27.111955034121088,27.452148213448933,27.109657699428972,27.351009368896484,134247600
2017-01-10,27.30044022223815,27.440654802259388,27.192407618828085,27.37859344482422,97848400
2017-01-11,27.29354460540982,27.56707825286981,27.261364382613422,27.52570343017578,110354400
2017-01-12,27.330316065000353,27.422260286938595,27.171712325999135,27.4107666015625,108344800
2017-01-13,27.378596979992935,27.49582595216352,27.309638348435918,27.362506866455078,104447600
2017-01-17,27.201601911231894,27.638335785974654,27.174019863656817,27.58316993713379,137759200
2017-01-18,27.583176393143425,27.69810629478152,27.516516839750395,27.58087730407715,94852000
2017-01-19,27.44525623100266,27.60385827599191,27.43836071865845,27.532602310180664,102389200
2017-01-20,27.686606122921752,27.686606122921752,27.52110857639915,27.58316993713379,130391600
2017-01-23,27.583165672604693,27.76935147971383,27.53029716677507,27.60155487060547,88200800
2017-01-24,27.47972849435472,27.60615028016712,27.468234807603423,27.576269149780273,92844000
2017-01-25,27.679713323448713,28.06587781055767,27.647533095663874,28.015308380126953,129510400
2017-01-26,27.967037299224167,28.144030301053384,27.95094718575704,28.02910041809082,105350400
2017-01-27,28.075074601809906,28.123344947252377,27.95095010480454,28.031400680541992,82251600
2017-01-30,27.796938846873953,27.957839965820312,27.734877487763406,27.957839965820312,121510000
2017-01-31,27.84751666921803,27.902682533252058,27.725691249034423,27.89348793029785,196804000
2017-02-01,29.199083322907335,29.994399589197755,29.19448689960036,29.59444236755371,447940000
2017-02-02,29.417454823709267,29.741556195064256,29.371481816420356,29.54387664794922,134841600
2017-02-03,29.49330273313571,29.695580427074365,29.458825175024025,29.67029571533203,98029200
2017-02-06,29.6817925388683,29.996699294153608,29.62892226767109,29.948427200317383,107383600
2017-02-07,30.005893220062706,30.36217656964027,29.98520668226717,30.233455657958984,152735200
2017-02-08,30.1920810160122,30.3920578857579,30.162198124714433,30.35068130493164,92016400
2017-02-09,30.392227928366967,30.57691365734262,30.269874381470395,30.569988250732422,113399600
2017-02-10,30.57923197573663,30.690042031268984,30.48458003206259,30.5007381439209,80262000
2017-02-13,30.722363737255407,30.893198705813756,30.646180718408644,30.770841598510742,92141600
2017-02-14,30.812387671676035,31.186373714385837,30.7615990087664,31.170215606689453,132904800
2017-02-15,31.285662716827844,31.45880503012387,31.077889827318987,31.28335189819336,142492400
2017-02-16,31.32027492739609,31.37337089198569,31.12866376877793,31.246402740478516,90338400
2017-02-17,31.188684049497923,31.357208143318125,31.188684049497923,31.33181381225586,88792800
2017-02-21,31.449551232808037,31.569597489292896,31.391837160615545,31.558053970336914,98028800
2017-02-22,31.495731526325887,31.65502297845318,31.421859322819444,31.6527156829834,83347600
2017-02-23,31.715043374169532,31.738126893348525,31.465718117955575,31.518814086914062,83152800
2017-02-24,31.375687767675753,31.548830032348633,31.23024713812225,31.548830032348633,87106400
2017-02-27,31.659645485318602,31.728903107496215,31.461108847123583,31.611164093017578,81029600
2017-02-28,31.645793395180352,31.728901833939823,31.558066842437338,31.625017166137695,93931600
2017-03-01,31.8327861816255,32.35452033367567,31.765839381187224,32.27141189575195,145658400
2017-03-02,32.31988870396161,32.38452819956247,32.03362556445187,32.07979965209961,104844000
2017-03-03,32.038240052746666,32.28063989511755,31.99437678799724,32.26909637451172,84432400
2017-03-06,32.17444402347953,32.266788664550965,31.996687194269274,32.167518615722656,87000000
2017-03-07,32.10288046672162,32.31526786615911,32.04054827172309,32.209075927734375,69785200
2017-03-08,32.077491511304345,32.27372083241931,32.04748257893479,32.08903503417969,74828800
2017-03-09,32.02900249902331,32.0405424952935,31.638854810714165,32.0151481628418,88623600
2017-03-10,32.14673985398543,32.17213418795133,32.00591736973592,32.12134552001953,78451200
2017-03-13,32.054395288155675,32.188288828177306,32.047469881692045,32.13519287109375,69686800
2017-03-14,32.15829205120706,32.23908966465567,32.052096574351545,32.086727142333984,61236400
2017-03-15,32.18367896678893,32.493025576232185,32.09595244191277,32.42607879638672,102767200
2017-03-16,32.486100975279875,32.55535857439694,32.379905520288666,32.47917556762695,76928000
2017-03-17,32.550744818317526,32.550744818317526,32.294494133099576,32.31758117675781,175540000
2017-03-20,32.412233559046285,32.66617697993997,32.37298839810612,32.656944274902344,86168000
2017-03-21,32.806980752835045,32.96627212372661,32.25754176862048,32.282936096191406,158119600
2017-03-22,32.2852662073475,32.68926487303964,32.26448645594441,32.647708892822266,103440800
2017-03-23,32.61076646650214,32.68464218874113,32.460711249263134,32.53227615356445,81385200
2017-03-24,32.66616502927259,32.721571806994355,32.400681704854115,32.467628479003906,89582400
2017-03-27,32.17906357298683,32.60153107795881,32.00130321325164,32.523040771484375,94300400
2017-03-28,32.529961373650984,33.252539181636585,32.46301107545243,33.19713592529297,133499200
2017-03-29,33.16943020616903,33.35642676088705,33.05631287801409,33.2710075378418,116760000
2017-03-30,33.28717868536346,33.358743592432035,33.12788723539098,33.22715377807617,84829200
2017-03-31,33.178668624823224,33.305640297811806,33.01475909740384,33.164817810058594,78646800
2017-04-03,33.17636782480755,33.27101625175768,33.02400178739265,33.17405700683594,79942800
2017-04-04,33.07017128430263,33.44877554763126,33.05170235406852,33.42107391357422,79565600
2017-04-05,33.29409917945968,33.58036228806485,33.19944724162395,33.247928619384766,110871600
2017-04-06,33.310254887674894,33.36335437438955,33.1163364357947,33.164817810058594,84596000
2017-04-07,33.18098002721279,33.284864673395035,33.07478808581338,33.090946197509766,66688800
2017-04-10,33.15096299412437,33.21560247028275,32.98936078114117,33.051692962646484,75733600
2017-04-11,32.99859962141102,33.09325154850054,32.333732359535915,32.6961784362793,121517600
2017-04-12,32.689249676952514,32.81621780907595,32.55304179866994,32.73542022705078,81400000
2017-04-13,32.76081912568794,32.86932187096987,32.56228256225586,32.56228256225586,71291600
2017-04-17,32.661550412813725,32.753895052233354,32.52072791996312,32.74235153198242,66328400
2017-04-18,32.645393762219754,32.79083085160347,32.57613616020524,32.5969123840332,58790000
2017-04-19,32.75388655549566,32.781588178841524,32.42376027941425,32.47685623168945,69313600
2017-04-20,32.60155259522129,32.99400790920488,32.58770176994746,32.88319778442383,93278400
2017-04-21,32.88319353832954,32.938596832270854,32.74698907727062,32.84394836425781,69283600
2017-04-24,33.12788990407592,33.23177456859535,33.05401417302912,33.16020965576172,68537200
2017-04-25,33.222535636949104,33.451081151540144,33.21329941100493,33.365665435791016,75486000
2017-04-26,33.35181589062088,33.381828342201196,33.10018332416687,33.169437408447266,80164800
2017-04-27,33.22484048167015,33.28024726548445,33.084017988406494,33.194828033447266,56985200
2017-04-28,33.26408726556515,33.31256864410618,33.07478690943521,33.16250991821289,83441600
2017-05-01,33.49724666569909,33.98204272608886,33.46492692833977,33.83891296386719,134411600
2017-05-02,34.06055623997216,34.187527981391604,33.89895744297904,34.05363082885742,181408800
2017-05-03,33.61038217628582,34.04901144652066,33.3056535623377,33.94974136352539,182788000
2017-05-04,33.825066209760145,33.96819598915599,33.66115668610716,33.82737350463867,93487600
2017-05-05,33.8804798630999,34.392981290391695,33.8804798630999,34.38836669921875,109310800
2017-05-08,34.40451889529334,35.48261754362255,34.40451889529334,35.323326110839844,195009600
2017-05-09,35.52185920907765,35.755026336086395,35.424899981815805,35.549564361572266,156521600
2017-05-10,35.466465548143574,35.53803045983033,35.11556287647219,35.381046295166016,103222800
2017-05-11,35.33932071949261,35.7148541231763,35.3068675648166,35.687034606933594,109020400
2017-05-12,35.86089351769465,36.259605746800744,35.853939522534674,36.185428619384766,130108000
2017-05-15,36.16455744038748,36.312915209144016,35.942022555816784,36.09269714355469,104038800
2017-05-16,36.14833738689896,36.176153366846144,35.865529800340305,36.03938674926758,80194000
2017-05-17,35.60588873806216,35.830743908425006,34.70415123835394,34.82932662963867,203070800
2017-05-18,35.065788496094065,35.54563183518866,35.03333534048926,35.36018371582031,134272800
2017-05-19,35.554889704138084,35.69397307634194,35.38103283603799,35.480709075927734,107843200
2017-05-22,35.698617325259924,35.8330670876935,35.44594614245283,35.6963005065918,91865600
2017-05-23,35.90725169611106,35.90725169611106,35.53867583458658,35.65226364135742,79675600
2017-05-24,35.66152455835698,35.73802201469214,35.39030823342003,35.54561996459961,76712000
2017-05-25,35.63603058464801,35.779754707038926,35.47376483723376,35.66848373413086,76942400
2017-05-26,35.69862461302962,35.75426010657202,35.53867566408264,35.608219146728516,87710400
2017-05-30,35.56417141113815,35.798297458551254,35.54330942948441,35.62212371826172,80507600
2017-05-31,35.69166932845386,35.73803046949931,35.323093482019345,35.41117858886719,97804800
2017-06-01,35.50622810236903,35.54331843723868,35.28600998691513,35.508544921875,65616400
2017-06-02,35.60126590128008,36.03474807739258,35.44131694896753,36.03474807739258,111082800
2017-06-05,35.77743475102646,35.80293390712862,35.57344503933726,35.68239212036133,101326800
2017-06-06,35.67544076401883,36.11819726310274,35.647624786988494,35.80293655395508,106499600
2017-06-07,35.93505848805235,36.157593310239754,35.80987955558561,36.01618957519531,84278400
2017-06-08,35.988369690152766,36.055592785734156,35.79133050244129,35.9281005859375,85003200
2017-06-09,35.97448366420415,35.97448366420415,33.84879293580779,34.53494644165039,259530800
2017-06-12,33.78387837463687,33.86500948267044,33.035132016753906,33.70969772338867,289229200
2017-06-13,34.113036543381625,34.18025964287201,33.64709787199673,33.98090362548828,136661600
2017-06-14,34.191850452413206,34.191850452413206,33.34342809397165,33.649417877197266,126124800
2017-06-15,33.2228946180029,33.49179058864316,32.96558627709412,33.44774627685547,128661600
2017-06-16,33.329538187742344,33.49644115327569,32.96327909877355,32.97950744628906,201444400
2017-06-19,33.30171514429232,34.01568800387073,33.30171514429232,33.9229621887207,130165600
2017-06-20,34.045827569501164,34.045827569501164,33.598437360237384,33.614662170410156,99600400
2017-06-21,33.7328909300347,33.86038675474203,33.52194361434886,33.814022064208984,85063200
2017-06-22,33.79084167886791,34.006422623841296,33.64016351592703,33.75838851928711,76425200
2017-06-23,33.64247838816975,34.11305089394243,33.63784121266299,33.9090576171875,141757600
2017-06-26,34.11538113916734,34.37268965556333,33.700443964792505,33.80244064331055,102769600
2017-06-27,33.614662988145,33.88124578693254,33.29244822497875,33.31794738769531,99047600
2017-06-28,33.49411738215002,33.86964720809466,33.185810677504435,33.80474090576172,88329600
2017-06-29,33.54511748511974,33.64247694381055,32.981819179038446,33.30635070800781,125997600
2017-06-30,33.484834786739654,33.60305973033516,33.32952306317769,33.38515853881836,92096400
2017-07-03,33.584519577258064,33.681879021294286,33.171899465192595,33.26462173461914,57111200
2017-07-05,33.30866399727566,33.56365199104382,33.08380879379327,33.40138626098633,86278400
2017-07-06,33.15335488794052,33.26462232063813,33.011951125440845,33.08612823486328,96515200
2017-07-07,33.12554090823532,33.55438944203502,33.12554090823532,33.42225646972656,76806800
2017-07-10,33.40603691736588,33.83256516197805,33.23449676943033,33.62625503540039,84362400
2017-07-11,33.54975845955767,33.80938727663406,33.46862732813874,33.735206604003906,79127200
2017-07-12,33.814007302855764,33.885867589830724,33.57061046945743,33.78387451171875,99538000
2017-07-13,33.728228771857,34.421339351255945,33.714320789850106,34.25443649291992,100797600
2017-07-14,34.300813153683656,34.616073858148916,34.152455383178136,34.54884719848633,80528400
2017-07-17,34.49785125121931,34.98001133617501,34.43989894381205,34.66938781738281,95174000
2017-07-18,34.58592760453138,34.8015119728598,34.46306902687598,34.789920806884766,71475200
2017-07-19,34.88264500399043,35.100546202803784,34.7597864194897,35.0078239440918,83692000
2017-07-20,35.11909637903669,35.17473186448836,34.81542687067658,34.850196838378906,68974800
2017-07-21,34.769074246616526,34.87338771238873,34.511765811243066,34.833980560302734,105010400
2017-07-24,34.90583254315868,35.33699783101642,34.74820043528581,35.255863189697266,85972800
2017-07-25,35.18864248543714,35.661531767224204,35.18864248543714,35.40654373168945,75415600
2017-07-26,35.54794139887237,35.68238761903824,35.48071475166183,35.57344055175781,63124000
2017-07-27,35.640663606834835,35.69629908680656,34.14549501172972,34.90119171142578,129905200
2017-07-28,34.74588488818327,34.82469917644037,34.58361913673393,34.655479431152344,68854800
2017-07-31,34.74820230717305,34.847882115795706,34.3379025150929,34.476985931396484,79383600
2017-08-01,34.56274861002519,34.82237374815517,34.40279971702467,34.78296661376953,141474400
2017-08-02,36.92256610475473,37.03151670290718,36.199322591170265,36.42649459838867,279747200
2017-08-03,36.405641531663086,36.44273185865014,35.93506906154069,36.062564849853516,108389200
2017-08-04,36.17846647449858,36.4867696228177,36.09037783947713,36.25264358520508,82239600
2017-08-07,36.407962932875485,36.839128311262435,36.31755746017154,36.813629150390625,87481200
2017-08-08,36.7649327850925,37.5136753528677,36.68843534076223,37.108009338378906,144823600
2017-08-09,36.917928772768626,37.38386748882659,36.883158810582536,37.33518600463867,104526000
2017-08-10,37.21186403621825,37.235137417511964,35.985434254262934,36.14601135253906,163217200
2017-08-11,36.4438794270249,36.90233718028284,36.320538361530964,36.6486701965332,105028400
2017-08-14,37.07685812391793,37.28397825687912,36.944206355664846,37.200199127197266,88490800
2017-08-15,37.388722159631754,37.74710868888899,37.26770700451105,37.607479095458984,117862000
2017-08-16,37.68660472435571,37.819253022132784,37.270034738751946,37.45621109008789,110686400
2017-08-17,37.356148903045394,37.400366192505885,36.732458566635856,36.73711395263672,111762400
2017-08-18,36.73710711923103,37.11876702687097,36.47180698283519,36.65332794189453,109712400
2017-08-21,36.653325418097694,36.74408589137797,36.09712589188919,36.585838317871094,105474000
2017-08-22,36.823213430379774,37.23512802848002,36.77434431341276,37.183929443359375,86418400
2017-08-23,37.018692887258375,37.344498769648,36.97447561371597,37.230464935302734,77596400
2017-08-24,37.335183212160295,37.40732923138063,36.89767301921449,37.06523132324219,79275600
2017-08-25,37.153664881637,37.36544046820543,37.06523389078698,37.202537536621094,101920400
2017-08-28,37.26770353118173,37.7005619774075,37.21883086987419,37.57722091674805,103864000
2017-08-29,37.25840821357058,37.96121882682648,37.23513483389173,37.912349700927734,118067600
2017-08-30,38.119451602125686,38.14039550311881,37.84251485226944,38.01472854614258,109078400
2017-08-31,38.0822211989761,38.287015507998596,38.044985224423286,38.16600036621094,107140400
2017-09-01,38.35217482019203,38.38475540858457,38.0798934276935,38.177635192871094,66364400
2017-09-05,38.10781838765025,38.22417813845223,37.36544260937073,37.71917724609375,117874000
2017-09-06,37.86579516412337,37.93095634650661,37.35613884039739,37.67961883544922,86606800
2017-09-07,37.721508469706514,37.75641853046921,37.318904669575105,37.528350830078125,87714000
2017-09-08,37.43526530665827,37.50275241073847,36.8930283529123,36.91630172729492,114446000
2017-09-11,37.35148987902946,37.71220591205249,37.209530803492086,37.58420944213867,126323200
2017-09-12,37.84251991794729,38.15669267896989,36.9488778457744,37.43526077270508,286856000
2017-09-13,37.204862205036804,37.225809657051606,36.748734011902265,37.153663635253906,179629600
2017-09-14,37.00008275522042,37.095495072519725,36.790633028350605,36.8348503112793,95042800
2017-09-15,36.8790750546748,37.4608740508664,36.76969655930923,37.207210540771484,196458400
2017-09-18,37.26072245054061,37.35148292120562,36.769684121809895,36.92560577392578,113077600
2017-09-19,37.12108083637723,37.181590170339994,36.87207285366179,36.93955993652344,83242400
2017-09-20,36.74640730882827,36.830186470137654,35.799240798625455,36.320533752441406,211805600
2017-09-21,36.25769701304835,36.25769701304835,35.54790186302663,35.696842193603516,150046800
2017-09-22,35.26632123764253,35.436209076440605,35.038257058745195,35.347774505615234,186581600
2017-09-25,34.90560444698507,35.333807540538785,34.712446806182214,35.035926818847656,177549200
2017-09-26,35.32216558216474,35.820185172327,35.301221679316356,35.63866424560547,146640000
2017-09-27,35.79226248169732,36.00636401155548,35.731753134529605,35.892330169677734,102016800
2017-09-28,35.81320078569129,35.90396124123209,35.536264035164464,35.671241760253906,88022000
2017-09-29,35.654965265399625,35.86906683396908,35.373373036019935,35.866737365722656,105199200
2017-10-02,35.89931689948328,35.94353418263258,35.540930350989605,35.794593811035156,74795200
2017-10-03,35.84112966630654,36.09246715768579,35.81785984643047,35.95050811767578,64921200
2017-10-04,35.75269493428581,35.80621942052902,35.48041356815631,35.7177848815918,80655200
2017-10-05,35.88069646391643,36.173925352810144,35.850445338837886,36.162288665771484,85135200
2017-10-06,36.0645404887791,36.185555620680645,35.969124643414084,36.14133834838867,69630400
2017-10-09,36.26003224743813,36.47413380572226,36.185563838522064,36.26701354980469,65051600
2017-10-10,36.31822277676715,36.769699400864944,36.09481393353536,36.28098678588867,62468000
2017-10-11,36.29726939341171,36.53231486634605,36.24607080706663,36.432247161865234,67622400
2017-10-12,36.3856944239882,36.623065751896675,36.241405922553476,36.30424118041992,64500400
2017-10-13,36.4741319138063,36.602128368918095,36.39966350875292,36.53464126586914,65576800
2017-10-16,36.74642317905386,37.235135756262515,36.68824327943471,37.207210540771484,96486000
2017-10-17,37.18392825739434,37.43759170675343,37.055931798675125,37.344505310058594,75989200
2017-10-18,37.33285978269676,37.40035042268511,37.142031649352866,37.179264068603516,65496800
2017-10-19,36.47878992922829,36.555587807833106,36.07618609686236,36.29959487915039,170336800
2017-10-20,36.44620593110323,36.7115060546875,36.294939656198025,36.3624267578125,95896400
2017-10-23,36.51136555990022,36.697541887170274,36.18788556728802,36.343807220458984,87937200
2017-10-24,36.37173968118282,36.63471392906621,36.35079577232983,36.560245513916016,71028800
2017-10-25,36.516014127370845,36.66495445117733,36.13435432567814,36.399654388427734,84828400
2017-10-26,36.59049388833527,36.73012703888052,36.48577080093559,36.63238525390625,68002000
2017-10-27,37.069888165313095,38.07291220866558,36.9325845104359,37.944915771484375,177816800
2017-10-30,38.14039934956485,39.113168722330684,38.100837460026646,38.79899597167969,178803200
2017-10-31,39.073593861951686,39.48085289556769,38.850185180651835,39.33889389038086,144187200
2017-11-01,39.53205356468261,39.54834563138354,38.54066994267618,38.83855056762695,134551200
2017-11-02,38.7710732897482,39.21323895548593,38.46388182014831,39.12247848510742,165573600
2017-11-03,40.4931985606318,40.553704360574216,39.822965172267914,40.14411926269531,237594400
2017-11-06,40.11386250903352,40.72359006586679,39.962596241505004,40.55137634277344,140105200
2017-11-07,40.47225549744198,40.784098824511965,40.40011300919636,40.68170166015625,97446000
2017-11-08,40.64679852481168,41.014495849609375,40.57000064516862,41.014495849609375,97638000
2017-11-09,40.75151481626194,40.9819084167544,40.293057083101544,40.93070983886719,117930400
2017-11-10,40.89800756062739,40.9610687035548,40.70182129794561,40.79524230957031,100582000
2017-11-13,40.521972761346994,40.75552880031729,40.498615731937036,40.631744384765625,67928400
2017-11-14,40.41454264083575,40.51730788656065,39.980128188133286,40.01749801635742,99130000
2017-11-15,39.697542276779,39.779288361333066,39.3261888238754,39.48967742919922,116632400
2017-11-16,39.98013002061895,40.14128429391195,39.77460308353181,39.961448669433594,94550000
2017-11-17,39.94743541264098,40.029181476503545,39.62045828475755,39.73957061767578,87598000
2017-11-20,39.77228436026611,39.835345533125285,39.60178932942377,39.69988250732422,65049600
2017-11-21,39.88671932640713,40.56870286213054,39.88671932640713,40.43791198730469,100525200
2017-11-22,40.48930001481048,40.872332012259704,40.41689816830858,40.86299133300781,102355600
2017-11-24,40.89567028450248,40.98909128927828,40.790567199401096,40.86530685424805,56106800
2017-11-27,40.88399784374668,40.891004241956935,40.48461532684453,40.65978240966797,82867200
2017-11-28,40.70882371901031,40.84194882576043,40.138946337931515,40.42155075073242,105715200
2017-11-29,40.31880345148558,40.386533173869445,39.041250894810226,39.583099365234375,166665600
2017-11-30,39.80496675026274,40.20434927278445,39.34019236478628,40.136619567871094,166108800
2017-12-01,39.69286632422728,40.09458318069577,39.35421062507689,39.94977951049805,159037200
2017-12-04,40.283757966117385,40.31645567986797,39.61812517252679,39.65782928466797,130169600
2017-12-05,39.48499753144079,40.05954716131824,39.33084963515859,39.620460510253906,109400800
2017-12-06,39.120659097370506,39.75126005364587,38.87776224477137,39.47332763671875,114240000
2017-12-07,39.47799730892554,39.807312348742876,39.44997171022931,39.54573059082031,102693200
2017-12-08,39.81898503312158,39.9380973739062,39.428946732036295,39.55739974975586,93420800
2017-12-11,39.51770012784191,40.37952289723063,39.42194125040226,40.32814025878906,141095200
2017-12-12,40.20668875490006,40.26274351240947,40.045538009155386,40.10158920288086,77636800
2017-12-13,40.28843905833601,40.5313359054632,40.17166097410895,40.23472213745117,95273600
2017-12-14,40.26507229458504,40.43557082231696,40.08990521053588,40.2230339050293,81906000
2017-12-15,40.55233618682348,40.67845487980322,40.27907604888211,40.631744384765625,160677200
2017-12-18,40.84429321069244,41.386141526801474,40.83962109068416,41.2039680480957,117684400
2017-12-19,40.879344035858765,40.96342441582973,40.65980062350208,40.76490020751953,109745600
2017-12-20,40.841962836989474,40.970419432330885,40.463603014151154,40.720516204833984,93902400
2017-12-21,40.67847418142717,41.11055448405394,40.6621271041095,40.87466049194336,83799600
2017-12-22,40.79758653485828,40.970419368665794,40.755548138512246,40.87466049194336,65397600
2017-12-26,39.891393922350005,40.047876126138675,39.629808592684284,39.837677001953125,132742000
2017-12-27,39.727902710632755,39.88671918269649,39.63681595429407,39.84468078613281,85992800
2017-12-28,39.938090750728314,40.13661484956386,39.81664058801304,39.9567756652832,65920800
2017-12-29,39.82597801617279,39.842325086248245,39.522354443201614,39.524688720703125,103999600
2018-01-02,39.7418990784906,40.241708892436776,39.53169649122679,40.232364654541016,102223600
2018-01-03,40.29543986802562,40.767224260711025,40.16231472364331,40.225372314453125,118071600
2018-01-04,40.29776859795569,40.514977627745246,40.19033478588271,40.41221237182617,89738400
2018-01-05,40.507967534490994,40.95872906327247,40.41688080483249,40.872314453125,94640000
2018-01-08,40.720516204833984,41.014795671065556,40.622419485639426,40.720516204833984,82271200
2018-01-09,40.76722583770547,40.88633818873765,40.50097197485756,40.715843200683594,86336000
2018-01-10,40.44257360333201,40.70882740472124,40.40520377343591,40.70648956298828,95839600
2018-01-11,40.77657074012666,40.98677343075358,40.75321726146878,40.93772506713867,74670800
2018-01-12,41.147917623904476,41.42351571282372,41.024133159050905,41.36045455932617,101672400
2018-01-16,41.54963226482539,41.897632166104536,41.13857477715793,41.15025329589844,118263600
2018-01-17,41.14091299359858,41.86493845941443,40.88867549633279,41.82990646362305,137547200
2018-01-18,41.89296655774629,42.06346511753635,41.631384803459454,41.86727523803711,124773600
2018-01-19,41.715467180242186,41.9420169476055,41.43520049226432,41.68043518066406,129700400
2018-01-22,41.40949548778517,41.52160141317471,41.24600693747062,41.33942794799805,108434400
2018-01-23,41.40950082837842,41.909310783105305,41.297394888530555,41.34877395629883,130756400
2018-01-24,41.39782215645873,41.409500675183416,40.451919160296335,40.690147399902344,204420400
2018-01-25,40.75787255580819,40.8606378070579,39.82832030240219,39.963783264160156,166116000
2018-01-26,40.171652797102226,40.171652797102226,39.71855335232489,40.05720901489258,156572000
2018-01-29,39.74191114188095,39.74191114188095,39.0202235699117,39.22808837890625,202561600
2018-01-30,38.66055051084549,39.09029298583721,38.466698472240886,38.99687194824219,184192800
2018-01-31,38.97351439091905,39.34019926438187,38.88709975409863,39.104305267333984,129915600
2018-02-01,39.04358102152163,39.38223672499564,38.947822145072344,39.18605041503906,188923200
2018-02-02,38.77031058908623,38.9571561721517,37.3923310960717,37.48575210571289,346375200
2018-02-05,37.15877588220961,38.275173723461506,36.43475056721955,36.5491943359375,290954000
2018-02-06,36.16149675044778,38.237810644644064,35.967644731061384,38.076656341552734,272975200
2018-02-07,38.09066824510716,38.163070074933216,37.151775171913954,37.26154327392578,206434400
2018-02-08,37.43672296677022,37.60254944231411,36.208218597145375,36.236244201660156,217562000
2018-02-09,36.83422735479435,37.026522336386975,35.232534933914586,36.67945098876953,282690400
2018-02-12,37.169571058398745,38.43357083958652,36.937406518800216,38.15685272216797,243278000
2018-02-13,37.978618325828485,38.63524227900985,37.90826512043179,38.539093017578125,130196800
2018-02-14,38.234250078417645,39.28953793684467,38.196731451859186,39.249671936035156,162579600
2018-02-15,39.81717816518889,40.59105657176893,39.63191811060933,40.56760787963867,204588800
2018-02-16,40.41985794427395,40.99675003968103,40.28149888137807,40.43627166748047,160704400
2018-02-20,40.3471595876204,40.865421001998236,40.199418192113605,40.30025863647461,135722000
2018-02-21,40.53008885937035,40.83260313328711,40.10328183632004,40.11735534667969,149886400
2018-02-22,40.28854259462568,40.792734207769016,40.2674376980712,40.45269775390625,123967600
2018-02-23,40.7270725051361,41.1913981250218,40.69658526874438,41.15622329711914,135249600
2018-02-26,41.35555980989889,42.06846380658239,41.32272877541309,41.969970703125,152648800
2018-02-27,42.000456397967895,42.32407556077209,41.78001792667355,41.833953857421875,155712400
2018-02-28,42.037969282526205,42.35690081010692,41.75421615757141,41.7706298828125,151128400
2018-03-01,41.86911745238018,42.159909082195455,40.49021084632658,41.03895950317383,195208000
2018-03-02,40.52304520982578,41.34382446752006,40.44096585273092,41.32271957397461,153816000
2018-03-05,41.08822345141196,41.6815294909769,40.92641206274614,41.465782165527344,113605600
2018-03-06,41.721394762621166,41.801126768348745,41.30397005226552,41.43060302734375,95154000
2018-03-07,41.02490035167319,41.23830385594145,40.867780151986494,41.04600524902344,126814000
2018-03-08,41.15153929665914,41.53613298809278,41.05539355753679,41.49392318725586,95096400
2018-03-09,41.73311327128927,42.21150879652509,41.59944177584291,42.206817626953125,128740800
2018-03-12,42.27950792605273,42.77197688165048,42.26075040737717,42.6148567199707,128828400
2018-03-13,42.81888624202116,43.03228973656736,42.033285279377445,42.20447540283203,126774000
2018-03-14,42.28654176241912,42.33344271051521,41.69792359212734,41.845664978027344,117473600
2018-03-15,41.859741712209576,42.267787541462646,41.75890483631969,41.89491653442383,90975200
2018-03-16,41.894914950049724,42.005134159904195,41.653371637810366,41.74717712402344,157618800
2018-03-19,41.58303340390642,41.61820823444028,40.72473175573631,41.10932540893555,133787200
2018-03-20,41.095245361328125,41.46107782208997,41.02489213926311,41.095245361328125,78597600
2018-03-21,41.0483511935547,41.06007732991229,40.16190967530038,40.16425704956055,148219600
2018-03-22,39.86642392375612,40.49490465390469,39.53811362865073,39.59674072265625,165963200
2018-03-23,39.488858804240465,39.847656274311774,38.679805755615234,38.679805755615234,164115200
2018-03-26,39.413825421041864,40.59340229446236,39.03157561389641,40.516014099121094,150164800
2018-03-27,40.72941236810116,41.074139961517155,39.144137060144445,39.47713851928711,163690400
2018-03-28,39.22151938195304,39.8711084776805,38.73843278003279,39.04094696044922,166674000
2018-03-29,39.35284490062601,40.27680835477367,39.13944144734554,39.34580993652344,153594000
2018-04-02,39.07846990412321,39.61783980550772,38.56958723220933,39.08784866333008,150347200
2018-04-03,39.31296842760403,39.57327276492358,38.665726854574636,39.48884963989258,121112000
2018-04-04,38.665740123117175,40.337782321799516,38.63994405999684,40.243980407714844,138422000
2018-04-05,40.47144484197435,40.85838212475716,40.35419068618406,40.52303695678711,107732800
2018-04-06,40.09390627448334,40.44801271303867,39.444316926135606,39.48653030395508,140021200
2018-04-09,39.83828113365013,40.59105096146025,39.83124616915198,39.87814712524414,116070800
2018-04-10,40.56994727989296,40.80445564567269,40.22521969593166,40.62857437133789,113634400
2018-04-11,40.389377001781156,40.785696733727676,40.26508784751927,40.43862533569336,89726400
2018-04-12,40.66609779258834,41.03896524660504,40.579327261385,40.83728790283203,91557200
2018-04-13,40.98737692274658,41.23595524849731,40.76928583335497,40.975650787353516,100497200
2018-04-16,41.046002393482574,41.318032979230495,40.999101432084586,41.231266021728516,86313600
2018-04-17,41.388377501912366,41.96292220935366,41.36961640563792,41.79876708984375,106421600
2018-04-18,41.69794397613329,41.93479978402171,41.47985285063197,41.704978942871094,83018000
2018-04-19,40.74816293204926,41.13041262498573,40.49020593629834,40.52303695678711,139235200
2018-04-20,40.00712227776633,40.15251629639191,38.79471107037423,38.86272048950195,261964400
2018-04-23,39.123031478455985,39.14413637278911,38.48047726168653,38.75016403198242,146062000
2018-04-24,38.85100323747827,39.005779628477015,37.8074416526787,38.21079635620117,134768000
2018-04-25,38.135745511852214,38.79236958650734,38.08650076378324,38.377288818359375,113528400
2018-04-26,38.487503547700406,38.865062078325884,38.31162231129064,38.510955810546875,111852000
2018-04-27,38.459371501862606,38.5367596909896,37.669079464232254,38.065399169921875,142623200
2018-04-30,38.020843523315335,39.22386903924131,37.9528340915333,38.754852294921875,169709600
2018-05-01,39.02452942313891,39.678806045271095,38.757190088094916,39.655357360839844,214277600
2018-05-02,41.092894933040135,41.68385694481844,40.757549728374016,41.40713882446289,266157600
2018-05-03,41.24533699153512,41.62523944023905,40.9076443356587,41.4821891784668,136272800
2018-05-04,41.80111915804322,43.20816945228311,41.782358058055685,43.109676361083984,224805200
2018-05-07,43.426261230253004,44.01018839996743,43.325424341797856,43.421573638916016,169805600
2018-05-08,43.38170126079182,43.67014553139931,43.07214851901718,43.630279541015625,113611200
2018-05-09,43.74753734783236,43.946867316294885,43.43564078484701,43.9374885559082,92844800
2018-05-10,44.026601189625815,44.643355748706455,44.00549271751808,44.56596755981445,111957200
2018-05-11,44.608342648435915,44.74252598594442,44.1280988490821,44.39646911621094,104848800
2018-05-14,44.4953436639537,44.61775924769171,44.224620553416436,44.29288864135742,83115200
2018-05-15,43.97037452197802,44.03864620212648,43.574882993810874,43.89033508300781,94780800
2018-05-16,43.80323241533357,44.365868491092186,43.786751806031575,44.299949645996094,76732400
2018-05-17,44.2575828606732,44.471809256839805,43.87150621770076,44.01981735229492,69176000
2018-05-18,44.066886380624,44.21284104716232,43.81734959249926,43.85972213745117,73190800
2018-05-21,44.25756888940936,44.55654389780449,44.00097001699767,44.170467376708984,73603200
2018-05-22,44.34703725408873,44.46474358200202,43.970375567921366,44.05983352661133,60962800
2018-05-23,43.86915275622062,44.375288562931686,43.73025655007666,44.34233093261719,80233600
2018-05-24,44.43884692692997,44.455323944524565,43.836191117930454,44.29288864135742,92936000
2018-05-25,44.311727203564814,44.64601277398445,44.175187419796956,44.39412307739258,69844000
2018-05-29,44.16340695342887,44.43413001735231,43.99155316227338,44.23402786254883,90056400
2018-05-30,44.19166839609295,44.257583658854166,43.970379903060696,44.13987731933594,74762000
2018-05-31,44.073976865327325,44.31174245788235,43.81973065548833,43.991580963134766,109931200
2018-06-01,44.25524108810395,44.789625407120575,44.19874073887219,44.78491973876953,93770000
2018-06-04,45.114485036645306,45.5335193121076,45.04621694120785,45.15921401977539,105064800
2018-06-05,45.451125024403204,45.6559328937866,45.283980451471415,45.50762176513672,86264000
2018-06-06,45.58295196713627,45.6888869398152,45.18039476042203,45.66534423828125,83734400
2018-06-07,45.703005644811824,45.71712982719416,45.27926221278443,45.54292678833008,85388800
2018-06-08,45.003840274270324,45.19923322394816,44.6742639688573,45.12860870361328,106627200
2018-06-11,45.04621537216592,45.192170076569795,44.77784507484562,45.01796340942383,73234000
2018-06-12,45.055615840849484,45.34281949046892,44.99911552560742,45.265132904052734,67644400
2018-06-13,45.298086946119255,45.40637831042048,44.8319710565418,44.8931770324707,86553600
2018-06-14,45.093296099183995,45.09800535821275,44.78019682784647,44.9167366027832,86440400
2018-06-15,44.73547156063329,44.766076358692345,44.318790108749276,44.45532989501953,246876800
2018-06-18,44.22932676017291,44.54477882716092,44.06924430139088,44.43178176879883,73939600
2018-06-19,43.5843017620001,43.86444341520715,43.18645377330186,43.71377944946289,134314000
2018-06-20,43.869150444974466,44.06924904987307,43.72319215374665,43.90446090698242,82514800
2018-06-21,44.08102842165333,44.33998383053485,43.537225655114895,43.65964126586914,102847600
2018-06-22,43.81500332493383,43.82206541739633,43.48071777729794,43.532508850097656,108801600
2018-06-25,43.174676934564935,43.532505154775784,42.546125613973516,42.8851203918457,126652400
2018-06-26,43.078161213268196,43.91152039626255,42.97222264930026,43.417152404785156,98276800
2018-06-27,43.60548540849269,44.0880820733022,43.32299093878607,43.35359573364258,101141200
2018-06-28,43.33946823717454,43.836189048695495,43.26884372711666,43.669044494628906,69460800
2018-06-29,43.855021380811685,44.06689492297677,43.05932905932024,43.57723617553711,90950800
2018-07-02,43.27355775791656,44.09279282544298,43.17939053675064,44.06454086303711,70925200
2018-07-03,44.208138207593315,44.24580509220455,43.20763448482043,43.29709243774414,55819200
2018-07-05,43.61255780584322,43.8832845803696,43.381854353483995,43.64551544189453,66416800
2018-07-06,43.65020826050607,44.35879896476578,43.59841719591709,44.250511169433594,69940800
2018-07-09,44.61070594437035,44.88849120176237,44.563624123537615,44.864952087402344,79026400
2018-07-10,44.89554734134358,45.02973068179138,44.770775334103476,44.81079864501953,63756400
2018-07-11,44.37527901622558,44.676606883449594,44.16576192741964,44.22932434082031,75326000
2018-07-12,44.61777097748658,45.06034802512094,44.56597989352456,44.970890045166016,72164400
2018-07-13,44.982654551959264,45.16156689252232,44.94027840238948,45.041507720947266,50055600
2018-07-16,45.08621732331962,45.352231090160075,44.827262054242205,44.9426155090332,60172400
2018-07-17,44.669543385810975,45.16861697666692,44.54006573003852,45.06974411010742,62138000
2018-07-18,45.14744527625814,45.15215453583667,44.7119303641148,44.822574615478516,65573600
2018-07-19,44.655435602898564,45.328716068057794,44.655435602898564,45.170989990234375,81147200
2018-07-20,45.14743750979245,45.30045429470257,44.76842300145352,45.06739807128906,82704800
2018-07-23,44.888478631479195,45.189810103073654,44.62481763495967,45.10741424560547,63957600
2018-07-24,45.30516130817569,45.59001217970089,45.21099769014568,45.43463897705078,74791600
2018-07-25,45.44876576568423,45.87015642198545,45.30045464627953,45.863094329833984,66839600
2018-07-26,45.813661314825,46.13146986631483,45.578248637310274,45.71949768066406,76304000
2018-07-27,45.903113461401674,45.95019527251233,44.751945758003224,44.9591064453125,96096000
2018-07-30,45.17568319996303,45.246307708854594,44.50946860426177,44.70721435546875,84118000
2018-07-31,44.799021616765586,45.23217996880992,44.57302392450554,44.79666519165039,157492000
2018-08-01,46.87772303025375,47.49685586882303,46.44927027493961,47.43564987182617,271742800
2018-08-02,47.21906796740019,49.05528728580015,47.16492406575627,48.822227478027344,249616000
2018-08-03,48.73748036513408,49.140037574875436,48.37259004128553,48.963478088378906,133789600
2018-08-06,48.96583818020829,49.260104034656656,48.74690610871269,49.21773147583008,101701600
2018-08-07,49.27657685288124,49.31894940500595,48.67391746091623,48.75631332397461,102349600
2018-08-08,48.50677025810236,48.92109516921225,48.14658924289564,48.78926467895508,90102000
2018-08-09,49.32600948331823,49.384862642496735,48.77749760872117,49.17299270629883,93970400
2018-08-10,48.98635970869857,49.397415528202615,48.82335475260716,49.026519775390625,98444800
2018-08-13,49.44703165810567,49.83446227625625,49.06668789966988,49.34308624267578,103563600
2018-08-14,49.6478419970933,49.74233587521669,49.19898706423124,49.55098342895508,82992000
2018-08-15,49.42577255117373,49.78485574116098,49.21552062904969,49.6667366027832,115230400
2018-08-16,50.02345991349157,50.5101102336531,49.95731347801585,50.39435577392578,114001600
2018-08-17,50.422699965777916,51.488133330022386,50.35655353456642,51.400726318359375,141708000
2018-08-20,51.523571270388054,51.778705445399396,50.81721750232455,50.89990234375,121150800
2018-08-21,51.216456087953674,51.308588866242836,50.5620750907815,50.80067443847656,104639200
2018-08-22,50.578613920231255,51.11251110082186,50.51718966438757,50.80303955078125,76072400
2018-08-23,50.708535750006284,51.27550967738136,50.69672672201236,50.906978607177734,75532800
2018-08-24,51.16921107177788,51.24007966949176,50.81721474938912,51.06526565551758,73905600
2018-08-27,51.29913331813298,51.67475486622444,51.10541983221715,51.48576354980469,82100400
2018-08-28,51.738545300195106,52.09998958647139,51.717284719757714,51.90155029296875,91107200
2018-08-29,52.00785214367495,52.796890681463665,51.83303813611593,52.67640686035156,109019200
2018-08-30,52.7401827486312,53.92373493613474,52.53937881923874,53.16068649291992,195175200
2018-08-31,53.51032829361586,54.067850745143865,53.38984807574226,53.77491760253906,173360400
2018-09-04,53.95917744010946,54.141078290113896,53.53867365991013,53.947364807128906,109560400
2018-09-05,54.09620264370011,54.25684293673854,53.177235919309275,53.595375061035156,133332000
2018-09-06,53.444173262804355,53.70876252912746,52.27952053007773,52.704750061035156,137160000
2018-09-07,52.40945751605054,53.241013565604675,52.140146053637395,52.27952575683594,150479200
2018-09-10,52.19684302288819,52.40945962051581,51.13849662341598,51.57789993286133,158066000
2018-09-11,51.50230839347898,52.9882492587636,51.1597635933339,52.88194274902344,142996000
2018-09-12,53.139433921586026,53.15360764020319,51.93461737319087,52.22519302368164,197114800
2018-09-13,52.80396981483061,53.94500089042822,52.57954421881991,53.486698150634766,166825600
2018-09-14,53.3307974801661,53.58829636809597,52.567748762526286,52.879581451416016,127997200
2018-09-17,52.48033447784941,52.66932583005766,51.327494078328534,51.47159957885742,148780400
2018-09-18,51.450330521211534,52.409460912019995,51.29205131507944,51.556640625,126286800
2018-09-19,51.61804961513779,51.88263526057347,50.862088053386515,51.587337493896484,108495200
2018-09-20,52.02911143351757,52.51103585851095,51.7716090115553,51.97949981689453,106435200
2018-09-21,52.15667886190373,52.29369747504303,51.33220609833967,51.41961669921875,384986800
2018-09-24,51.221183555265625,52.27007844864043,51.17629770710372,52.1590461730957,110773600
2018-09-25,51.913350939817505,52.63860403474346,51.90153830739901,52.48977279663086,98217600
2018-09-26,52.208650996905945,52.85830615636971,51.91571428185233,52.071632385253906,95938800
2018-09-27,52.87484553269253,53.49378857882078,52.80869550800178,53.14179229736328,120724800
2018-09-28,53.103997129259895,53.35204802436929,52.922096263594824,53.328426361083984,91717600
2018-10-01,53.85052409033559,54.19779470761167,53.472544942795494,53.68751907348633,94403200
2018-10-02,53.68514003040311,54.334795190286975,53.53867347513633,54.164703369140625,99152800
2018-10-03,54.346627226471135,55.15456186301651,54.282841869590754,54.823829650878906,114619200
2018-10-04,54.51906176461063,54.88995753864966,53.562296153667,53.85995864868164,128168000
2018-10-05,53.852871703900746,53.959178192789615,52.10943230916903,52.98587417602539,134322000
2018-10-08,52.49451357213514,53.10636989634763,52.01967228806284,52.86304473876953,118655600
2018-10-09,52.83232645968275,53.689872531684166,52.50395540918603,53.595375061035156,107564000
2018-10-10,53.262284289555225,53.47253621494058,51.03928120567304,51.11251449584961,167962400
2018-10-11,50.67783906976985,51.854304746732204,50.15811555179249,50.66130065917969,212497600
2018-10-12,52.07163916179051,52.65278689341281,51.22590572066078,52.470882415771484,161351600
2018-10-15,52.24645722479021,52.4047364348411,51.32749048871511,51.348751068115234,123164000
2018-10-16,51.719643885984794,52.678774311748526,51.20700726110125,52.48033142089844,116736000
2018-10-17,52.51576081165162,52.59608094710994,51.816494043984775,52.253536224365234,91541600
2018-10-18,51.466862088668904,51.91099112455737,50.31874412087741,51.03218460083008,130325200
2018-10-19,51.514123661211364,52.27008550819319,51.36529237714401,51.80942153930664,132314800
2018-10-22,51.922796292261246,52.766168459873874,51.72199597000286,52.12596130371094,115168400
2018-10-23,50.987308828331614,52.74019644792127,50.720358416207795,52.61735153198242,155071200
2018-10-24,52.58664026806459,52.97170619640665,50.68255678665356,50.8124885559082,163702000
2018-10-25,51.431433794182205,52.298427786327714,51.20464347576049,51.9251708984375,119423200
2018-10-26,51.003845416593705,52.017309700274836,50.24079674850228,51.09834289550781,189033600
2018-10-29,51.78105311935406,51.899172222740624,48.686331168742576,50.139198303222656,183742000
2018-10-30,49.88171108747019,50.83375106190796,49.43758557487864,50.389625549316406,146640000
2018-10-31,51.23535895942081,52.07872773863771,51.17393470003853,51.70310974121094,153435600
2018-11-01,51.74798949726561,52.52993752973202,51.21881451840618,52.496864318847656,233292800
2018-11-02,49.50374362795483,50.47231863486702,48.53043924033103,49.01472854614258,365314800
2018-11-05,48.263483105324866,48.28474368617873,46.8153412419974,47.62327575683594,264654800
2018-11-06,47.701221548028215,48.362689293265134,47.64688776606542,48.13826370239258,127531600
2018-11-07,48.6580010661063,49.62421481077782,48.22332347597132,49.598228454589844,133697600
2018-11-08,49.778395614446815,49.81158422834098,49.01268455420354,49.425174713134766,101450400
2018-11-09,48.72820739840714,48.83725414465748,47.94590026761649,48.4721794128418,137463200
2018-11-12,47.175450083987386,47.37695470965315,45.940352537920646,46.03043746948242,204542000
2018-11-13,45.42829839038313,46.74399267153785,45.385625249664386,45.570533752441406,187531600
2018-11-14,45.96642905840981,46.10392577764723,44.0770401608399,44.283287048339844,243204000
2018-11-15,44.66021072748847,45.5088950350297,44.30698624887807,45.37614059448242,185915200
2018-11-16,45.16040500522661,46.220074640401464,44.91386160362832,45.87870407104492,147713200
2018-11-19,45.041890449513616,45.20783353297529,43.854208219357986,44.06045150756836,167701200
2018-11-20,42.28485054583868,43.019745978740524,41.60685143343039,41.9553337097168,271300800
2018-11-21,42.60724693877204,42.7352627289544,41.85338983967159,41.90791320800781,124496800
2018-11-23,41.47172767156233,41.86525241632078,40.798470823102626,40.843509674072266,94496000
2018-11-26,41.30577746097213,41.474089835387204,40.362265965846845,41.39585876464844,179994000
2018-11-27,40.658583896357925,41.4314098820373,40.509236996453666,41.30576705932617,165549600
2018-11-28,41.89606149396926,42.97706609276824,41.469348200420384,42.89409637451172,184250000
2018-11-29,43.301835879212355,43.33502448357131,42.12600432124868,42.564571380615234,167080000
2018-11-30,42.74000012754947,42.7494846540276,41.96717761478334,42.334625244140625,158126000
2018-12-03,43.7285573355553,43.84234634091446,42.95810408732895,43.813899993896484,163210000
2018-12-04,42.89647827474399,43.23784900967156,41.78702700351775,41.886592864990234,165377200
2018-12-06,40.717864151099256,41.43379409773715,40.40020118769581,41.41957092285156,172393600
2018-12-07,41.12798947795305,41.36505206470577,39.89763407394036,39.94267654418945,169126400
2018-12-10,39.11532135314505,40.32196888310216,38.71942732261499,40.205810546875,248104000
2018-12-11,40.694167628620505,40.724983307504,39.58945502154672,39.975868225097656,189126800
2018-12-12,40.39545486304984,40.75579093217634,40.06831102170334,40.087276458740234,142510800
2018-12-13,40.416797820265124,40.90988838723615,40.193958431440095,40.52584457397461,127594400
2018-12-14,40.06356023943796,40.08252567244225,39.18168749981416,39.22909927368164,162814800
2018-12-17,39.22200357230007,39.909487232293245,38.57719305816961,38.86404037475586,177151600
2018-12-18,39.20540286647577,39.71508586552915,38.97070965657398,39.36897659301758,135366000
2018-12-19,39.352384848493756,39.69612483606224,37.71428169538635,38.140995025634766,196189200
2018-12-20,38.02482382326648,38.430202292752995,36.815807235047956,37.17851257324219,259092000
2018-12-21,37.18563172221628,37.493813760545514,35.47167049927005,35.73243713378906,382978400
2018-12-24,35.12082020348033,35.926835155569904,34.751003152988105,34.807899475097656,148676800
2018-12-26,35.156384456910665,37.27335174785261,34.78182511320118,37.25912857055664,234330000
2018-12-27,36.94382990791601,37.16429997821352,35.575981488377714,37.01731872558594,212468400
2018-12-28,37.337352040383294,37.57915685691389,36.6380182335606,37.03628158569336,169165600
2018-12-31,37.58152679042015,37.77828914637844,37.09554782616534,37.394248962402344,140014000
2019-01-02,36.718620877015454,37.657390234429776,36.562158714565115,37.436920166015625,148158800
2019-01-03,34.132264253567534,34.54475438454186,33.66288142679495,33.707923889160156,365248800
2019-01-04,34.26263908807165,35.21563124667648,34.089584494840125,35.146881103515625,234428400
2019-01-07,35.2511922404592,35.282011522303684,34.58741653180372,35.06865310668945,219111200
2019-01-08,35.45507379403959,35.990837462958424,35.2085303378544,35.737178802490234,164101200
2019-01-09,35.865187861824275,36.63327174603661,35.47166681895574,36.34405517578125,180396400
2019-01-10,36.15203830332984,36.50052053570231,35.76325587216913,36.46022033691406,143122800
2019-01-11,36.24213409767135,36.43652356290657,35.91735585214863,36.102264404296875,108092800
2019-01-14,35.760888011805555,35.860453851229586,35.37447488807685,35.559383392333984,129756800
2019-01-15,35.62339821578827,36.3630323765045,35.57124415396462,36.287174224853516,114843600
2019-01-16,36.289539840039474,36.95331578127012,36.27057439974284,36.73047637939453,122278800
2019-01-17,36.555041764917604,37.37527971845507,36.33220240574262,36.94856643676758,119284800
2019-01-18,37.33734441280423,37.427429321935136,36.97700839356735,37.176143646240234,135004000
2019-01-22,37.07895474729043,37.15481288318813,36.180485646601795,36.34169006347656,121576000
2019-01-23,36.543193727393664,36.77788697397383,35.96239115421121,36.488670349121094,92522400
2019-01-24,36.533702817587695,36.621414786971584,35.97186583784891,36.19944381713867,101766000
2019-01-25,36.85848824802213,37.48670624384689,36.58349840941583,37.398990631103516,134142000
2019-01-28,36.93197511125913,37.0599909210056,36.42703431164568,37.052879333496094,104768400
2019-01-29,37.04101693130822,37.4866956045575,36.53370330810849,36.668827056884766,166348800
2019-01-30,38.70045460226316,39.38793443159078,37.98452481209461,39.17457962036133,244439200
2019-01-31,39.37846827996008,40.06357904316649,39.01102052977518,39.45669937133789,162958400
2019-02-01,39.5799665216834,40.058830287377425,39.33578875751876,39.47565841674805,130672400
2019-02-04,39.68663891563872,40.69415466560486,39.655819629284345,40.59695816040039,125982000
2019-02-05,40.97864416758761,41.504923467330684,40.857743534999024,41.29156494140625,144406400
2019-02-06,41.40295992520472,41.62106058601386,40.97625036286534,41.30576705932617,112958400
2019-02-07,40.869588815238885,41.23466722725265,40.381240461638164,40.52347946166992,126966800
2019-02-08,40.23302234180851,40.63061433812733,40.09731539663526,40.57109451293945,95280000
2019-02-11,40.72344788488403,40.76154142875453,40.29490459834161,40.3377571105957,83973600
2019-02-12,40.4972827563848,40.71155263291125,40.40204887463883,40.68536376953125,89134000
2019-02-13,40.80440825043843,41.06391379755997,40.45443141309773,40.51633071899414,89960800
2019-02-14,40.40443868514226,40.773458685532184,40.325872081987775,40.663944244384766,87342800
2019-02-15,40.771069644079475,40.87820457497819,40.41395078588315,40.573463439941406,98507200
2019-02-19,40.40442811793749,40.816304172692135,40.35205039619982,40.694881439208984,75891200
2019-02-20,40.75679754670684,41.26390763809199,40.709182411399766,40.956783294677734,104457600
2019-02-21,40.90201766804449,41.03772095743167,40.54489877740289,40.72583770751953,68998800
2019-02-22,40.84964246264774,41.18771459739539,40.80202733418214,41.180572509765625,75652800
2019-02-25,41.46388138617128,41.87099485294799,41.41388314724736,41.48054504394531,87493600
2019-02-26,41.356748410721536,41.73529354904754,41.22818358043654,41.504356384277344,68280800
2019-02-27,41.237710498215094,41.663870778026364,41.12342983703562,41.63291931152344,111341600
2019-02-28,41.501986620138595,41.642452539667424,41.16867341001371,41.22343063354492,112861600
2019-03-01,41.49245157272372,41.69957935859273,41.1615215591532,41.6567268371582,103544800
2019-03-04,41.82815171089323,42.3185944748955,41.418655034914266,41.86624526977539,109744800
2019-03-05,41.8876715182838,41.9019556946587,41.554358327395256,41.79005813598633,78949600
2019-03-06,41.58530531623897,41.780532059793444,41.41150846773898,41.54959487915039,83241600
2019-03-07,41.39482806754987,41.53053495111754,40.95438374078502,41.068660736083984,99185600
2019-03-08,40.54966580330091,41.204383840899425,40.35443904470858,41.166290283203125,95997600
2019-03-11,41.78053296297351,42.64475825441138,41.74720201003653,42.59238052368164,128044000
2019-03-12,42.854273633241505,43.48994492286504,42.70428251302859,43.070926666259766,129870400
2019-03-13,43.38994808203721,43.63993204857632,43.07330220879454,43.26138687133789,124130000
2019-03-14,43.78277879788824,43.8303975608462,43.463753429758704,43.742305755615234,94318000
2019-03-15,44.00895177597191,44.59938731167194,43.744683657393075,44.311309814453125,156171600
2019-03-18,44.235127988769825,44.85175241081099,44.23274487113642,44.76366424560547,104879200
2019-03-19,44.8422339518956,44.99460454615995,44.26369941100965,44.40892791748047,126585600
2019-03-20,44.33749463127132,45.113635257364436,43.98037578107166,44.79698944091797,124140800
2019-03-21,45.23982785468012,46.742107598369216,45.18982960517974,46.4468879699707,204136800
2019-03-22,46.50641268259627,47.06590052792044,45.42077158365428,45.48505401611328,169630800
2019-03-25,45.594562296617404,45.706459850538906,44.42559577501445,44.93508529663086,175381200
2019-03-26,45.63027370922542,45.920730708925866,43.944672043567564,44.4708251953125,199202000
2019-03-27,44.93746956358584,45.17792835781275,44.41369581046471,44.87080764770508,119393600
2019-03-28,44.98507795541089,45.13030645740991,44.647005823321656,44.930320739746094,83121600
2019-03-29,45.19458762583912,45.2541074425039,44.887463337480106,45.2231559753418,94256000
2019-04-01,45.62551514479362,45.635036717993124,44.84937796457391,45.5302848815918,111448000
2019-04-02,45.494564556613646,46.29689412668294,45.485042984722554,46.192138671875,91062800
2019-04-03,46.008809797501385,46.78256727145678,45.98500042210558,46.5087776184082,93087200
2019-04-04,46.375470991654595,46.75163676817477,45.982641551127756,46.589744567871094,76457200
2019-04-05,46.7706708206856,46.92542452241121,46.64686858586537,46.901615142822266,74106400
2019-04-08,46.76353008781775,47.67061153128953,46.744483310155175,47.63966369628906,103526800
2019-04-09,47.69204530479587,48.29438562024931,47.43253611674226,47.49681854248047,143072800
2019-04-10,47.30158770081168,47.792034049404215,47.182548065607946,47.76346206665039,86781200
2019-04-11,47.81822808652252,47.85393852782556,47.24445611090851,47.365875244140625,83603200
2019-04-12,47.425379780246224,47.6491748277413,46.71352523919768,47.3468132019043,111042800
2019-04-15,47.277779385224925,47.58014105940189,47.142072464719895,47.43252944946289,70146400
2019-04-16,47.48729225090989,47.94202089049343,47.27301873067345,47.437294006347656,102785600
2019-04-17,47.50633095737599,48.42055801926847,47.284919003230804,48.36103820800781,115627200
2019-04-18,48.35866346517399,48.60388483941053,48.215818073091455,48.53484344482422,96783200
2019-04-22,48.28961717719952,48.79196456564161,48.172957030939074,48.69435119628906,77758000
2019-04-23,48.67054404461103,49.46096897486131,48.5443623205219,49.39668655395508,93292000
2019-04-24,49.36811072630537,49.634758309231124,49.29430674408848,49.32049560546875,70162400
2019-04-25,49.24193312050334,49.46334508558559,48.83481599293768,48.87290954589844,74172800
2019-04-26,48.78244041242512,48.80624979227358,48.12058034001254,48.63959503173828,74596400
2019-04-29,48.66339592546426,49.0371820815589,48.5348347323877,48.71339416503906,88818800
2019-04-30,48.34438091958181,48.42532700777185,47.40396843365186,47.77537155151367,186139600
2019-05-01,49.968074675183026,51.260843272461415,49.813320981383605,50.120445251464844,259309200
2019-05-02,49.95855629376169,50.62755850337996,49.55144275077052,49.794281005859375,127985200
2019-05-03,50.20854358720607,50.434718196346275,50.051410376846924,50.413291931152344,83569600
2019-05-06,48.63721289375776,49.720474308259035,48.44913186725117,49.634765625,129772400
2019-05-07,49.01575709573647,49.382397541879435,47.81345615806851,48.296756744384766,155054800
2019-05-08,48.06820277536153,48.88719603885827,48.03249233826774,48.30628204345703,105358000
2019-05-09,47.711082484966774,48.01582364863785,46.82066837319086,47.787269592285156,139634400
2019-05-10,47.18260833059418,47.524374640553994,46.07127795478432,47.125247955322266,164834800
2019-05-13,44.86196762071345,45.28498816826159,43.700446219509786,44.3863639831543,229722400
2019-05-14,44.55127083697869,45.33756652424248,44.31227469963762,45.089012145996094,146118800
2019-05-15,44.51780472171754,45.827502333135364,44.458055696511366,45.62913513183594,106178800
2019-05-16,45.38775397079813,45.99958345378855,45.132026372240446,45.428382873535156,132125600
2019-05-17,44.675545268045326,45.62436020518247,44.63491636316234,45.17026901245117,131516400
2019-05-20,43.860571289289304,44.05893851702306,43.086222506583134,43.7578010559082,154449200
2019-05-21,44.26685628541341,44.93126512693006,44.14257729693959,44.59667205810547,113459200
2019-05-22,44.13302203951607,44.38396868148397,43.62874010735263,43.68370819091797,118994400
2019-05-23,42.97149717862801,43.148351949089296,42.495893652579475,42.93803787231445,146118800
2019-05-24,43.067096506223606,43.53074952387793,42.68948223047205,42.77313232421875,94858800
2019-05-28,42.76118705714658,43.16031015583973,42.51980227917044,42.59627914428711,111792800
2019-05-29,42.16368579728549,42.86394617150037,42.06330788653476,42.393123626708984,113924800
2019-05-30,42.52934888124325,42.83526355157683,42.22343421090967,42.612998962402344,84873600
2019-05-31,42.118285740184604,42.53892125066101,41.82193288157596,41.8410530090332,108174400
2019-06-03,41.96772160988868,42.522190731499684,40.693871807776276,41.41802978515625,161584400
2019-06-04,41.92947891959907,42.978671716588416,41.70960293183085,42.93326187133789,123872000
2019-06-05,44.042208818039946,44.21189768368727,43.29176107697479,43.6263542175293,119093600
2019-06-06,43.75540564817583,44.326606171155184,43.5331373827937,44.2668571472168,90105200
2019-06-07,44.57516834017903,45.86813832067342,44.39831353218565,45.44511413574219,122737600
2019-06-10,45.841847050596854,46.692672688774024,45.79643720247085,46.025875091552734,104883600
2019-06-11,46.570780795743644,46.843236207404864,46.2696470186837,46.55883026123047,107731600
2019-06-12,46.353303215084516,46.83607646597626,46.219465952688836,46.41066360473633,73012800
2019-06-13,46.532533465970424,47.03203437023856,46.26963998062483,46.401084899902344,86698400
2019-06-14,45.77970385867657,46.26725429994497,45.48095873253902,46.064109802246094,75046000
2019-06-17,46.10234367212921,46.59467867410405,45.92787754991537,46.338951110839844,58676400
2019-06-18,46.85518660036521,47.86852774049729,46.65443074959841,47.428775787353516,106204000
2019-06-19,47.72273967725771,47.77054181487059,47.156320085097796,47.290157318115234,84496800
2019-06-20,47.88766120188268,47.94502159527146,47.32841104181248,47.6701774597168,86056000
2019-06-21,47.51242178135948,48.002364478306184,47.35707214014717,47.50764083862305,191202400
2019-06-24,47.45027698241665,47.837453086244224,47.361849605634255,47.4598388671875,72881600
2019-06-25,47.4239923880106,47.622359580324556,46.67354481128587,46.7404670715332,84281200
2019-06-26,47.26626485281565,48.03583267016002,47.165886917526144,47.751426696777344,104270000
2019-06-27,47.86853220087833,48.174450595474106,47.69645834618091,47.73708724975586,83598800
2019-06-28,47.483740662644806,47.67971920381685,47.09417952190008,47.30210494995117,124442400
2019-07-01,48.55683497285938,48.87231156085323,47.95456380737443,48.16966247558594,109012000
2019-07-02,48.13621005808124,48.547283681806604,48.124259522560685,48.451683044433594,67740800
2019-07-03,48.583124628476725,48.86036096665152,48.44211781134659,48.85319137573242,45448000
2019-07-05,48.59986654062499,49.013328841833136,48.49231536016307,48.8101806640625,69062000
2019-07-08,47.992813828081516,48.13382067409461,47.4192245563178,47.80400848388672,101354400
2019-07-09,47.608026922078025,48.16010738213968,47.51481858007789,48.0955810546875,82312000
2019-07-10,48.241362495353016,48.690672667251185,48.17205158666198,48.57117462158203,71588400
2019-07-11,48.59029394517684,48.848410157180396,48.20790239341633,48.21746063232422,80767200
2019-07-12,48.38476534582828,48.755210073292474,48.32501631387571,48.587913513183594,70380800
2019-07-15,48.77671351837103,49.202126287633234,48.75520474444894,49.04439163208008,67789600
2019-07-16,48.89622267651312,49.25949785470294,48.635717741726076,48.87471389770508,67467200
2019-07-17,48.7671576951322,49.01571204861512,48.580741018322186,48.59986114501953,56430000
2019-07-18,48.7552049860908,49.20451882646519,48.683505425870685,49.151939392089844,74162400
2019-07-19,49.18300733429522,49.35269617512712,48.36325243642237,48.41822052001953,83717200
2019-07-22,48.6715623057463,49.5271689219853,48.662004064763416,49.5247802734375,89111600
2019-07-23,49.821129303572306,49.92867682071002,49.54150065350668,49.91194534301758,73420800
2019-07-24,49.632311313188424,49.9860244606776,49.512813283259206,49.871307373046875,59966400
2019-07-25,49.9239037332674,50.00755384131004,49.40767119362579,49.47698211669922,55638400
2019-07-26,49.586898915870094,50.124640022763224,49.50564113494703,49.64904022216797,70475600
2019-07-29,49.821129523719435,50.34213928080888,49.8163485805303,50.112701416015625,86693600
2019-07-30,49.89283258151694,50.227429363633455,49.5462889099037,49.897613525390625,135742800
2019-07-31,51.723533663924655,52.90656358701365,50.49987484291198,50.91572570800781,277125600
2019-08-01,51.121266221435036,52.10832131790344,49.41005685372621,49.81395721435547,216071600
2019-08-02,49.12086968695259,49.335964725004594,48.18878632633897,48.759986877441406,163448400
2019-08-05,47.318834399217735,47.4765690378139,46.02586475285165,46.20750045776367,209572000
2019-08-06,46.91731792774056,47.33795334497197,46.37479582762902,47.08222579956055,143299200
2019-08-07,46.70224012713234,47.69407272447919,46.32223711100309,47.569793701171875,133457600
2019-08-08,47.84702393793063,48.642881479152365,47.65343765837779,48.618980407714844,108038000
2019-08-09,48.29271153651943,48.64296958479051,47.810501798191915,48.21834182739258,98478800
2019-08-12,47.889663888347634,48.472632859788966,47.77690864820563,48.09598159790039,89927600
2019-08-13,48.22553694677137,50.893270127420344,48.09598664589979,50.132774353027344,188874000
2019-08-14,48.738937007183495,49.525822471872054,48.60218985928062,48.64057540893555,146189600
2019-08-15,48.81089743333585,49.213934627282455,47.90165870212019,48.39826202392578,108909600
2019-08-16,49.00761940403555,49.69854452652455,48.90206099247231,49.54020690917969,110481600
2019-08-19,50.52862342960461,51.03482145803666,50.38708082456592,50.46385192871094,97654400
2019-08-20,50.590998767328294,51.18356243300789,50.45665300129767,50.46624755859375,107537200
2019-08-21,51.097189663129065,51.25552363068702,50.763723018625974,51.013221740722656,86141600
2019-08-22,51.14516837923141,51.44504857878068,50.559801644007706,50.97003936767578,89014800
2019-08-23,50.243125301638166,50.87167667544053,48.220735037045706,48.61417770385742,187272000
2019-08-26,49.38667429026109,49.70574728667128,49.19475021549554,49.53781509399414,104174400
2019-08-27,49.86647686959799,50.03201131914729,48.82769145865033,48.97883224487305,103493200
2019-08-28,48.96444533585021,49.353088941865785,48.77732036549846,49.3075065612793,63755200
2019-08-29,50.02001851007021,50.21674168290386,49.5785957240762,50.14236831665039,83962000
2019-08-30,50.418258218749706,50.4878288131881,49.70814030749895,50.07759475708008,84573600
2019-09-03,49.52342234580476,49.655370388192495,48.99323611272985,49.34829330444336,80092000
2019-09-04,49.993622833766814,50.255117463865645,49.73692731137663,50.185546875,76752400
2019-09-05,50.859674872176875,51.33228629473703,50.74212053223393,51.166751861572266,95654800
2019-09-06,51.351490769805636,51.440254145532066,50.98203628042235,51.161964416503906,77449200
2019-09-09,51.54100725454967,51.92485536288293,50.63657123511484,51.380271911621094,109237600
2019-09-10,51.305897723756836,52.00641734866052,50.790105305142255,51.98722457885742,127111600
2019-09-11,52.315906424379826,53.668965856636916,52.23433622087792,53.640174865722656,177158400
2019-09-12,53.9304363979572,54.31907982521003,53.465021910155556,53.520198822021484,128906800
2019-09-13,52.77890311104911,52.96842574335449,52.06398990298036,52.47902297973633,159053200
2019-09-16,52.23432939484169,52.81010154946968,52.19354612874398,52.754920959472656,84632400
2019-09-17,52.76932307922049,52.97564081276649,52.567800793429946,52.94684982299805,73274800
2019-09-18,53.03320563124097,53.46263606774207,52.64456211762363,53.443443298339844,101360000
2019-09-19,53.261116540529656,53.68094878345625,52.867673899298595,53.009220123291016,88242400
2019-09-20,53.10998544062051,53.39307059939063,52.17195927300286,52.23433303833008,221652400
2019-09-23,52.52700920101302,52.74052373300916,52.21513309590776,52.471832275390625,76662000
2019-09-24,53.026016216053826,53.376277900497726,52.10478511979031,52.22233581542969,124763200
2019-09-25,52.43105494304572,53.13877148349561,52.092789198613566,53.02601623535156,87613600
2019-09-26,52.77891493348246,53.00442542844722,52.498227506977486,52.752525329589844,75334000
2019-09-27,52.90845848244411,53.009221444627215,52.12637228824465,52.495826721191406,101408000
2019-09-30,52.99481587515431,53.877664894168085,52.96842627690712,53.7313232421875,103909600
2019-10-01,53.995234000823245,54.75093068188669,53.78651488097034,53.88007736206055,139223200
2019-10-02,53.51301607875295,53.63776725465984,52.28230668763537,52.52941131591797,138449200
2019-10-03,52.40227996972605,53.00924104831706,51.61059892764268,52.97565460205078,114426000
2019-10-04,54.13198002178577,54.57580422718632,53.712147699084255,54.46064758300781,138478800
2019-10-07,54.283106900757275,55.16115320827285,54.17994622439848,54.47262954711914,122306000
2019-10-08,54.17516653401763,54.712549582666675,53.81770796918431,53.83449935913086,111820000
2019-10-09,54.46544647216797,54.64777233374476,54.13197980362061,54.46544647216797,74770400
2019-10-10,54.681360512105755,55.28352237449075,54.530223360975704,55.199554443359375,113013600
2019-10-11,55.88568038276659,57.010831620665336,55.73214184744304,56.66777038574219,166795600
2019-10-14,56.353485756513194,57.12837882948465,56.29830882465834,56.5861930847168,96427600
2019-10-15,56.710945890847526,57.01322382343534,56.34869191650956,56.45425033569336,87360000
2019-10-16,55.986429471773434,56.43505271476371,55.94564620616464,56.22633361816406,73903200
2019-10-17,56.39906255635208,56.65336035527154,56.02241496568268,56.444644927978516,67585200
2019-10-18,56.279120470382004,56.99643528339095,56.20714848455597,56.71574783325195,97433600
2019-10-21,56.98204488561045,57.81451272728501,56.93406477919108,57.69935607910156,87247200
2019-10-22,57.855293803611595,58.10479254390562,57.48583931085349,57.56740951538086,82293600
2019-10-23,58.08079626535233,58.35428685033186,57.869679441632414,58.33988952636719,75828800
2019-10-24,58.65896497767729,58.72853923419843,58.01122447632799,58.435855865478516,69275200
2019-10-25,58.33509163394323,59.19154751127854,58.26791876751091,59.15556335449219,73477200
2019-10-28,59.35708206282803,59.79610707966142,59.18914989643876,59.74812698364258,96572800
2019-10-29,59.728944898158794,59.916069868560164,58.19355958700717,58.36628723144531,142839600
2019-10-30,58.71894132571627,58.84849162305364,57.867284479823844,58.35908508300781,124522000
2019-10-31,59.31390665702909,59.7769199351258,56.919660471431264,59.678558349609375,139162000
2019-11-01,59.86568616480788,61.39867369524902,59.77452506763022,61.37228775024414,151125200
2019-11-04,61.73452740702055,61.859282241976885,61.26671873981368,61.77531433105469,103272000
2019-11-05,61.66737659111084,61.940870915106686,61.49225119679719,61.68657302856445,79897600
2019-11-06,61.600184974516274,61.772916252605114,61.264320634147275,61.71294021606445,75864400
2019-11-07,62.259154734223145,62.646563835655755,62.10756018771795,62.42518615722656,94940400
2019-11-08,62.24713427287051,62.66822702461764,61.804386203655085,62.59604263305664,69986400
2019-11-11,62.153279546974815,63.156686525438744,62.14846970255619,63.09172058105469,81821200
2019-11-12,62.93530917879608,63.2336884296262,62.78372197443297,63.033966064453125,87388800
2019-11-13,62.83424348708343,63.71252097695285,62.81980661221337,63.6379280090332,102734400
2019-11-14,63.464698561953334,63.73660536483951,63.06766968889383,63.197608947753906,89182800
2019-11-15,63.447842302165945,63.95315502891984,63.28662806062503,63.94834518432617,100206400
2019-11-18,63.957958734167235,64.35017765749019,63.58018402978714,64.2707748413086,86703200
2019-11-19,64.46327609265741,64.48734000161132,63.859313834576106,64.07587432861328,76167200
2019-11-20,63.895413492352866,64.02534539799291,62.65860039168933,63.3299446105957,106234400
2019-11-21,63.45025634251373,63.52725792226711,62.84628667519004,63.0460090637207,121395200
2019-11-22,63.18555151168825,63.32751900671623,62.764458870355604,62.99064636230469,65325200
2019-11-25,63.21442953951619,64.11196113080011,63.16871031932938,64.0951156616211,84020400
2019-11-26,64.2322767453233,64.28521440608328,63.16390384145732,63.59462356567383,105207600
2019-11-27,63.90502379599888,64.48252822045184,63.84005785272113,64.44883728027344,65235600
2019-11-29,64.15048034055641,64.48735310453695,63.98204028692839,64.306884765625,46617600
2019-12-02,64.31166983630428,64.5474843518856,63.39249036509756,63.563331604003906,94487200
2019-12-03,62.15569257438953,62.4492546568916,61.669633895576865,62.43000793457031,114430400
2019-12-04,62.819815271136704,63.35881158930754,62.72596822827263,62.98102951049805,67181600
2019-12-05,63.47433582347233,63.979648717547285,63.21927445334169,63.90504837036133,74424400
2019-12-06,64.36223017433375,65.20922559007963,64.3189121926835,65.13944244384766,106075600
2019-12-09,64.96859806309656,65.16109467560312,63.74382055858157,64.22747802734375,128042400
2019-12-10,64.6317332581653,64.98545151813082,63.972417225633926,64.60285949707031,90420400
2019-12-11,64.68224026163169,65.23327215869327,64.60764728983901,65.15386199951172,78756800
2019-12-12,64.4344044431603,65.58458883328302,64.323719270287,65.31990051269531,137310400
2019-12-13,65.31987461914825,66.24387110932906,65.19234402568435,66.20777893066406,133587600
2019-12-16,66.65295093960472,67.56491936417281,66.64814109575056,67.34113311767578,128186000
2019-12-17,67.27136424228581,67.80073350823116,67.08607875742219,67.4734878540039,114158400
2019-12-18,67.3267156265506,67.83202842109593,67.16309276912453,67.3122787475586,116028400
2019-12-19,67.25451663334493,67.65876384392536,67.12217615688571,67.379638671875,98369200
2019-12-20,67.91143361344899,68.01249175897426,67.02833874913236,67.2400894165039,275978000
2019-12-23,67.50235159527494,68.39747451056897,67.46385081638057,68.33731842041016,98572000
2019-12-24,68.50334817492838,68.55147598321106,68.07744571038954,68.40228271484375,48478800
2019-12-26,68.5346674453802,69.77629066673295,68.50579368216118,69.75944519042969,93121200
2019-12-27,70.05056661001181,70.73634754482153,69.32869348774332,69.73294067382812,146266000
2019-12-30,69.6511344086115,70.4283538378636,68.6308893370176,70.14682006835938,144114400
2019-12-31,69.76422454918179,70.66656597182994,69.66556767244613,70.65934753417969,100805600
2020-01-02,71.28255265875951,72.3316786074174,71.02990003720043,72.27152252197266,135480400
2020-01-03,71.50155702432866,72.32689716209705,71.34515259353762,71.56893157958984,146322800
2020-01-06,70.69305052995288,72.17769909168206,70.442799076604,72.13919830322266,118387200
2020-01-07,72.14884310617231,72.4039044671714,71.58097285889926,71.79994201660156,108872000
2020-01-08,71.50393800505775,73.25568310862707,71.50393800505775,72.95490264892578,132079200
2020-01-09,73.92945117823741,74.69704373534724,73.67920704582386,74.50454711914062,170108400
2020-01-10,74.73795456246773,75.23604892918155,74.17248564445511,74.67298126220703,140644800
2020-01-13,74.98821677713917,76.29480594647003,74.87030578803139,76.2683334350586,121532000
2020-01-14,76.2057563300334,76.4150983993522,75.11572800719021,75.23844146728516,161954400
2020-01-15,75.03872116096186,75.91699875877144,74.48528063092401,74.91600036621094,121923600
2020-01-16,75.4574175522418,75.96513894112196,75.09648089083629,75.85444641113281,108829200
2020-01-17,76.10227258526983,76.69661511764261,75.7966822559434,76.6942138671875,137816400
2020-01-21,76.32365494902595,76.76399437532534,76.0373113220916,76.17446899414062,110843200
2020-01-22,76.65811628441689,76.9973975614814,76.3525259473167,76.44637298583984,101832400
2020-01-23,76.49931964228543,76.89393987673444,75.95309750344295,76.81453704833984,104472000
2020-01-24,77.05995149554447,77.80107129528129,76.4030443474141,76.5931396484375,146537600
2020-01-27,74.60799376962629,75.01945939831474,73.3615612587431,74.34090423583984,161940000
2020-01-28,75.21919235562906,76.61481100227473,75.12053546591517,76.4439697265625,162234000
2020-01-29,78.07057802839189,78.88869939934182,77.33185946671645,78.04410552978516,216229200
2020-01-30,77.12974662934549,77.98396030536023,76.69902690059489,77.93102264404297,126743200
2020-01-31,77.22358883501371,77.64468154540367,74.18210016247106,74.47566223144531,199588400
2020-02-03,73.2219921031148,75.43333062820889,72.72149664968535,74.2711181640625,173788400
2020-02-04,75.87130133058464,76.91320940179659,75.46705398186654,76.72311401367188,136616400
2020-02-05,77.84680366564679,78.14518291668757,76.74715573258482,77.34871673583984,118826800
2020-02-06,77.61821910965085,78.2558723391088,77.06237729988993,78.25346374511719,105425600
2020-02-07,77.75417767052507,78.00260869481056,76.70015470961765,77.18978118896484,117684000
2020-02-10,75.77880204777287,77.55641174316406,75.69921076977592,77.55641174316406,109348800
2020-02-11,78.05084526254171,78.12320094971115,76.87139603677542,77.08847045898438,94323200
2020-02-12,77.53713625713554,78.92401071442725,77.53713625713554,78.919189453125,113730400
2020-02-13,78.1931665675849,78.68279311833038,77.99056323907321,78.357177734375,94747600
2020-02-14,78.32583137266305,78.62491882489209,77.86997566415033,78.3764877319336,80113600
2020-02-18,76.06339028176376,77.12224179450247,75.88249370210502,76.94134521484375,152531200
2020-02-19,77.18256041371585,78.28482562119284,77.18256041371585,78.0556869506836,93984000
2020-02-20,77.81689526489554,78.30410746194534,76.75080805425196,77.2549057006836,100566000
2020-02-21,76.84970917824121,77.29110106607291,74.891202892234,75.5062484741211,129554000
2020-02-24,71.6977667682717,73.36683527541466,69.76096746559567,71.91966247558594,222195200
2020-02-25,72.58778111739974,72.96886672904328,69.01326241271661,69.48358917236328,230673600
2020-02-26,69.10974593206521,71.84731631381621,69.10251036153399,70.58586120605469,198054800
2020-02-27,67.80003671820369,68.98189285085091,65.83670238854329,65.97177124023438,320605600
2020-02-28,62.0499482580576,67.15123091808199,61.835280759075644,65.93318939208984,426510000
2020-03-02,68.08466354649526,72.70597008087806,66.98481268602946,72.07162475585938,341397200
2020-03-03,73.24384124809224,73.32343252495296,68.93367144924383,69.78268432617188,319475600
2020-03-04,71.4999874378904,73.17870588852956,70.70163100181635,73.01951599121094,219178400
2020-03-05,71.27809579631553,72.2501134253378,70.28678576484225,70.65099334716797,187572800
2020-03-06,68.01714133821001,70.14448773812289,67.83142342483487,69.7127456665039,226176800
2020-03-09,63.61530881776465,67.07405117029745,63.43441220501271,64.19900512695312,286744800
2020-03-10,66.84490246598337,69.08801693555726,64.97080933517347,68.82270050048828,285290000
2020-03-11,66.90522837411211,67.82900397076429,65.57141009124467,66.43247985839844,255598800
2020-03-12,61.731574731862445,65.12278275616039,59.816481938991764,59.87195587158203,418474000
2020-03-13,63.890293287918134,67.51546213922724,61.01041412848334,67.04512786865234,370732000
2020-03-16,58.35724302986641,62.488918914128035,57.88691260105301,58.41995620727539,322423600
2020-03-17,59.6982846602086,62.134356503349196,57.50099395776619,60.98868179321289,324056000
2020-03-18,57.83144203035199,60.29887079269061,57.19227179173887,59.495689392089844,300233600
2020-03-19,59.669353459047855,60.98386817289122,58.51643928547833,59.039833068847656,271857200
2020-03-20,59.618696461531016,60.74025764199119,54.99256896191713,55.29165267944336,401693200
2020-03-23,55.01187186548029,55.11317353712298,51.280577065059646,54.117034912109375,336752800
2020-03-24,57.00896347667582,59.74170869121859,56.512101379550025,59.54634094238281,287531200
2020-03-25,60.47977424301287,62.288740571318336,58.924063936740446,59.21832275390625,303602000
2020-03-26,59.459503438935364,62.392437317540725,59.42091128360293,62.33455276489258,252087200
2020-03-27,60.962164721931764,61.7146935301043,59.58735106071219,59.75377655029297,204216800
2020-03-30,60.477355032834254,61.63026911474741,60.154150297630075,61.45901870727539,167976400
2020-03-31,61.6495682716932,63.31140135824747,60.781263041812586,61.33359909057617,197002000
2020-04-01,59.45468128316464,59.990135502333565,57.67707190892179,58.10639953613281,176218400
2020-04-02,57.96892520332119,59.12907496179199,57.13921209995254,59.076011657714844,165934000
2020-04-03,58.56227043050136,59.26173593576545,57.63849118766615,58.22700881958008,129880000
2020-04-06,60.51593510688668,63.46092940152983,60.14932068380105,63.30656814575195,201820400
2020-04-07,65.31573278898928,65.53281460871749,62.46962908019549,62.573341369628906,202887200
2020-04-08,63.371695937944736,64.48843215066613,63.00749578061629,64.17488098144531,168895200
2020-04-09,64.80924699848376,65.13968372309436,63.84446480191953,64.63799285888672,161834800
2020-04-13,64.71517076301717,66.01521817669068,64.11700321080237,65.90667724609375,131022800
2020-04-14,67.53472072348299,69.52458303051418,67.06438668844999,69.23514556884766,194994800
2020-04-15,68.11358404886052,69.06148026776538,67.6866708121255,68.60321044921875,131154400
2020-04-16,69.31474850581405,69.51253053826382,68.10153570587103,69.14832305908203,157125200
2020-04-17,68.66594602627303,69.21105020012682,66.77738117936849,68.2100830078125,215250000
2020-04-20,67.04030517443523,67.9399598531097,66.77498860082595,66.79428100585938,130015200
2020-04-21,66.63751020142648,66.87147019319423,64.02053685698203,64.72965240478516,180991600
2020-04-22,65.99349627232849,67.02822701343717,65.65341709963987,66.59407806396484,116862400
2020-04-23,66.5386095259871,67.95684041674475,66.29741399655765,66.33600616455078,124814400
2020-04-24,66.8593881429372,68.2607332539519,66.81114610399659,68.25108337402344,126161200
2020-04-27,67.96887246841614,68.62975298338314,67.52266679021487,68.29931640625,117087600
2020-04-28,68.76001638114307,68.94091302319053,67.10059736775176,67.19224548339844,112004800
2020-04-29,68.67559866694484,69.86710504839203,68.47299532638776,69.39918518066406,137280800
2020-04-30,69.93703057079283,71.0392955430697,69.5487094297081,70.86322021484375,183064000
2020-05-01,69.0421934380716,72.11743524186343,68.94571673597511,69.72236633300781,240616800
2020-05-04,69.74650229526233,70.83670324791197,69.05909368437592,70.70886993408203,133568000
2020-05-05,71.16713007829493,72.59983166411055,71.02241133373455,71.7701187133789,147751200
2020-05-06,72.46960600947763,73.14012928036907,72.08610600468356,72.51061248779297,142333600
2020-05-07,73.13528505567275,73.60561913010429,72.8337907414733,73.26070404052734,115215200
2020-05-08,73.91854342819974,75.05764724717811,73.5920466345589,75.00444030761719,133838400
2020-05-11,74.51349610684939,76.67803493373073,74.30550263769149,76.1846694946289,145946400
2020-05-12,76.86667320446085,77.31651506334359,75.19308642093533,75.31401062011719,162301200
2020-05-13,75.49298094886383,76.41200935037834,73.33085553739997,74.4046630859375,200622400
2020-05-14,73.64525071591287,74.92220983518885,72.92453990449086,74.86174774169922,158929200
2020-05-15,72.63917339112623,74.46512598393333,72.60531107010586,74.41917419433594,166348400
2020-05-18,75.73965837102512,76.54501020724649,75.05038903047435,76.17256164550781,135178400
2020-05-19,76.18951157558008,77.03356024520173,75.70098039780004,75.732421875,101729600
2020-05-20,76.58855856818843,77.2754072194724,76.54986193395195,77.20527648925781,111504800
2020-05-21,77.06742956137252,77.60675427308676,76.3926703052991,76.62968444824219,102688800
2020-05-22,76.3684509339888,77.20525154026136,76.26687875999099,77.1230239868164,81803200
2020-05-26,78.2379502036352,78.41691564137308,76.5450115593525,76.60063934326172,125522000
2020-05-27,76.45796054995435,77.07950535982266,75.72031846461518,76.93439483642578,112945200
2020-05-28,76.61033098448729,78.22346339630693,76.33462758892847,76.96826934814453,133560800
2020-05-29,77.21007785682598,77.66958819879952,76.53773980767517,76.89325714111328,153532400
2020-06-01,76.84733299745191,77.95983717000007,76.71673278825261,77.83891296386719,80791200
2020-06-02,77.57287045767401,78.22344321190015,77.13270462012565,78.19925689697266,87642800
2020-06-03,78.51848967465142,78.8909382167243,77.94772370544388,78.6297378540039,104491200
2020-06-04,78.45321898447096,78.75068784203134,77.58014227825346,77.95259094238281,87560400
2020-06-05,78.20169664703894,80.23322212138686,78.17267601436136,80.17276000976562,137250400
2020-06-08,79.87042779704282,80.68062134923207,79.16181381231353,80.64675903320312,95654400
2020-06-09,80.32752306209885,83.58521359796022,80.29608159235194,83.19342041015625,147712400
2020-06-10,84.13905436012791,85.800551637391,83.70130935970825,85.33378601074219,166651600
2020-06-11,84.48006542527774,84.90330013235034,81.13530524486026,81.23687744140625,201662400
2020-06-12,83.36997815286581,84.11486795424553,80.83057003176687,81.938232421875,200146000
2020-06-15,80.59597529574442,83.60214898703789,80.43393362831908,82.95157623291016,138808800
2020-06-16,85.00004143146272,85.42086269022191,83.36998548456056,85.14998626708984,165428800
2020-06-17,85.89245860360263,85.95292070417966,84.91055468068187,85.03147888183594,114406400
2020-06-18,84.98795249991922,85.4813253336703,84.45830388000144,85.06534576416016,96820400
2020-06-19,85.76910554734732,86.23345026330821,83.4739596024441,84.57920837402344,264476000
2020-06-22,84.97102639518768,86.93483446322153,84.92507460309979,86.79214477539062,135445200
2020-06-23,88.0328001728494,90.05949054454209,87.6143998666509,88.6446762084961,212155600
2020-06-24,88.27468030535546,89.19128795647202,86.7074997623601,87.07994842529297,192623200
2020-06-25,87.2347210034187,88.27466617320825,86.47773432903298,88.23596954345703,137522400
2020-06-26,88.13196647381191,88.35204937887517,85.37730996316603,85.52484130859375,205256800
2020-06-29,85.43294416349418,87.59023505976948,84.95650253776073,87.49591064453125,130646000
2020-06-30,87.08477070075071,88.51168219927229,87.06542607576557,88.2262954711914,140223200
2020-07-01,88.30368697136247,88.84542502767371,88.01105247279727,88.05941772460938,110737200
2020-07-02,88.96393576296241,89.59757739253234,87.94575606156859,88.05941772460938,114041600
2020-07-06,89.48389845748481,90.88178176519018,89.45245698793732,90.4150161743164,118655600
2020-07-07,90.79231898432114,91.56865036942912,90.0232427568075,90.13449096679688,112424400
2020-07-08,91.10911026733615,92.2651450795296,91.02204102383105,92.23370361328125,117092000
2020-07-09,93.12372891516388,93.1769358615014,91.58557654388848,92.63036346435547,125642800
2020-07-10,92.22647214944136,92.85044518286722,91.6170168108506,92.79239654541016,90257200
2020-07-13,94.09353334761987,96.69582436714335,92.15149108508342,92.36431884765625,191649200
2020-07-14,91.74759058853576,94.08384663898248,90.81648030417851,93.89279174804688,170989200
2020-07-15,95.76227290297543,96.01137641424255,93.34378934479908,94.53852081298828,153198000
2020-07-16,93.41394076875463,94.22896866329947,92.77787832126056,93.375244140625,110577600
2020-07-17,93.82507532269437,93.97985443699729,92.71498484222874,93.18659210205078,92186800
2020-07-20,93.27366748344572,95.28826123103211,92.9302395381322,95.15040588378906,90318000
2020-07-21,95.93882091931,96.01379331608409,93.58805470208915,93.837158203125,103433200
2020-07-22,93.53970946249737,94.78039302096889,93.4526475751938,94.10079956054688,89001600
2020-07-23,93.83477965194959,93.91217292886618,89.00990740522118,89.81768035888672,197004400
2020-07-24,88.02071829007306,89.93857411627435,86.23828958165114,89.59514617919922,185438800
2020-07-27,90.65446578253629,91.81050099759301,90.43196935722393,91.71859741210938,121214000
2020-07-28,91.29051773530753,91.46706972799262,90.20703422382543,90.21187591552734,103625600
2020-07-29,90.69316980146958,92.12491588954556,90.6568940096748,91.94110870361328,90329200
2020-07-30,91.11640331382533,93.15760481726485,90.71009969017368,93.0536117553711,158130000
2020-07-31,99.5302890268665,102.94518713128302,97.53745326363413,102.79524230957031,374336800
