Date,Open,High,Low,Close,Volume
2016-04-01,89.46485075673635,90.5719069187733,89.37484725144651,90.51790618896484,367600
2016-04-04,91.93100414577556,92.34502586101354,91.40897407867287,91.47197723388672,861500
2016-04-05,89.62688358752436,90.11291088520646,89.35686613320237,89.5728759765625,1059400
2016-04-06,89.43784597423209,91.05792958991043,89.36584042682586,90.99492645263672,753000
2016-04-07,90.67991961808663,90.85992663734682,89.95987780739063,90.08588409423828,452200
2016-04-08,90.79694273206175,91.22896928338307,90.34691822173205,90.58993530273438,424200
2016-04-11,90.76993215310868,91.40896606189838,90.13089824431898,90.22990417480469,188400
2016-04-12,90.60793413734723,91.11196626323107,89.73488548017812,90.76994323730469,295100
2016-04-13,91.43594712758812,91.9849774018918,91.15693421884676,91.8499755859375,363100
2016-04-14,90.71594007680099,90.72494248956694,89.79788624588379,90.33792114257812,547800
2016-04-15,89.88787648749813,90.4729027163756,89.38384448804001,89.59986114501953,540400
2016-04-18,88.97883095082551,90.03188647019256,88.9158278052265,89.31185150146484,342600
2016-04-19,90.22089107516385,90.67091548157784,89.41984818109316,89.77986907958984,833800
2016-04-20,89.11383755471368,89.60886029652598,85.62164366138657,86.79170989990234,2104400
2016-04-21,87.52072794488738,87.52072794488738,85.96364764108189,86.24266052246094,626600
2016-04-22,86.16169053249119,86.82772484458752,85.79266716037097,86.2876968383789,275500
2016-04-25,86.67469624355468,86.87270119784272,86.34167573833162,86.52168273925781,367000
2016-04-26,86.80970806907678,87.28673972349902,86.66570382509904,86.77371215820312,348200
2016-04-27,87.96177772900754,89.48285562639005,87.9257749507438,89.32084655761719,600200
2016-04-28,88.47482884347967,89.6268905871454,87.97979909417191,88.21381378173828,902200
2016-04-29,88.51079271436559,88.69980899880653,86.4496870746037,86.94470977783203,786700
2016-05-02,87.03472616982502,87.81777118746129,86.89072191610154,87.71876525878906,461300
2016-05-03,86.63952782535725,86.69417747640819,85.72877905707381,85.9928970336914,604700
2016-05-04,85.24607624887591,85.46465398955954,84.8999942470884,85.4100112915039,1430900
2016-05-05,84.49926630541859,85.53751930478609,84.42640473917422,84.60855865478516,464400
2016-05-06,84.13495739651377,84.45372498130841,83.62494037837955,84.08942413330078,336300
2016-05-09,84.93642728493938,85.26429737890521,84.28068709700773,84.69052124023438,456800
2016-05-10,84.26247133966257,85.16411760555764,84.20782863813979,85.01839447021484,367700
2016-05-11,83.61582026608176,84.92730037200921,83.57938949108824,84.31710052490234,897100
2016-05-12,84.52659724202604,84.64499903771676,82.3590175138854,83.36083984375,1099600
2016-05-13,83.47012021521007,84.13496287881952,83.01474586264315,83.15135955810547,770000
2016-05-16,85.75610509767311,87.78707090630293,85.41001612782729,87.27705383300781,1553600
2016-05-17,86.68506231874883,87.02204184220685,85.76520417795781,85.88360595703125,710300
2016-05-18,85.77431027335773,87.02203845641043,85.68323679577935,86.0839614868164,349400
2016-05-19,85.15502388815737,85.49200348948226,84.51750242452957,84.98197937011719,573700
2016-05-20,86.65774135743432,87.04936358162742,86.47558744591356,86.95829010009766,571700
2016-05-23,86.81258643128908,87.65047376672649,86.71240349461037,87.1586685180664,387200
2016-05-24,87.00380501743872,88.94370381235605,87.00380501743872,88.81619262695312,785500
2016-05-25,89.57212873313554,90.37359199568769,89.38998178171593,90.09125518798828,1000800
2016-05-26,90.33718600925326,90.86541509272982,89.62680297590313,90.53755187988281,748900
2016-05-27,90.5101997323932,91.52113130537171,90.5101997323932,91.1477279663086,765500
2016-05-31,91.12042328278294,91.29346083564623,90.47378549839699,91.05667114257812,509600
2016-06-01,90.0821638239524,91.13862877982403,90.05483552425137,90.93826293945312,1335700
2016-06-02,90.8107702805378,91.27525415638833,90.42825741734914,91.202392578125,614600
2016-06-03,91.8490219116211,92.0493877742555,91.22060991790518,91.8490219116211,279900
2016-06-06,92.04936713264567,92.24973295034903,91.0748663407382,91.13861846923828,389000
2016-06-07,92.14044202398591,92.33169841242264,91.67596520140856,92.15866088867188,444400
2016-06-08,91.84901111308191,92.19510008911128,91.38452729962556,92.07669830322266,527300
2016-06-09,90.58306309906725,91.59399469220031,90.52842040164201,91.5757827758789,624600
2016-06-10,88.92551735020594,89.47196527169382,88.15138221572623,88.688720703125,1514900
2016-06-13,87.1039954885281,88.50654916538375,87.09488605696542,87.73241424560547,1055100
2016-06-14,85.15499252343518,86.2478880438171,85.00016693193213,86.15681457519531,1624300
2016-06-15,86.25701059107736,86.73060381745954,85.72877466490543,85.7743148803711,740100
2016-06-16,85.41910614221173,87.08577763300413,84.89087032297809,87.04023742675781,501300
2016-06-17,86.1659465326712,86.48470723041011,84.94553949901955,86.20237731933594,702400
2016-06-20,88.64317900524857,88.90729698103364,88.0785122692465,88.20601654052734,949900
2016-06-21,89.39911938518013,89.99110063806873,89.08946113203467,89.69966125488281,691700
2016-06-22,90.34627367433372,90.6650412972038,89.88179681239343,89.93643951416016,501700
2016-06-23,91.56667765645356,92.35903154874603,90.4555631000646,92.34081268310547,888700
2016-06-24,85.68323872787349,87.9783223775214,85.57394638323841,86.53023529052734,2063600
2016-06-27,84.15318920641533,84.60856359936297,83.01475322404625,84.2442626953125,2285900
2016-06-28,85.24607630550652,86.12950364978533,84.74516869325456,85.97467803955078,707900
2016-06-29,87.30437153925195,87.96921420369331,87.09489627948612,87.53205871582031,556100
2016-06-30,88.67963288530899,90.35540771484375,88.26979166505767,90.35540771484375,669800
2016-07-01,89.59035400773219,89.86357445441108,89.34444796241375,89.65410614013672,957500
2016-07-05,88.02385784871828,88.45191082323187,86.53933311170638,86.83077239990234,1007800
2016-07-06,85.08212748099864,86.4937905063725,84.55389165680428,86.42092895507812,1257500
2016-07-07,85.7014403489422,86.73969317863438,85.68322843458806,86.16592407226562,827900
2016-07-08,87.52293548770247,88.57940715571856,87.38632181360245,88.54297637939453,588200
2016-07-11,90.27340652904104,91.02932260962042,90.16411419221072,90.85628509521484,493000
2016-07-12,91.8672097731482,92.7415275571662,91.07485602429124,91.87631225585938,1280100
2016-07-13,92.06759656181565,92.7233368359585,91.85812822052468,92.0858154296875,547200
2016-07-14,94.47194835729825,94.58123373421141,93.44279806830019,93.77977752685547,1023800
2016-07-15,92.21329815247167,92.84171692635144,92.15865545855536,92.54116821289062,538600
2016-07-18,93.57943980579184,94.14410656689353,93.31532181826663,93.92552185058594,802800
2016-07-19,94.05301741015532,96.81259187295421,93.95284144337667,96.20238494873047,3330400
2016-07-20,97.97835583460903,98.67962934085318,97.50476257586652,98.506591796875,1642100
2016-07-21,96.00202850546363,96.87634646648169,95.59218740130855,96.06578063964844,2199400
2016-07-22,96.12953033184249,96.41186021199438,95.80166023623195,96.20238494873047,397800
2016-07-25,96.7124063969754,97.05848840052909,96.4756097900907,96.97652435302734,500300
2016-07-26,97.8964067144702,99.18967555746865,97.73247161879227,99.06216430664062,926600
2016-07-27,99.85447776789584,100.1003837855151,98.70693256541378,99.7816162109375,876300
2016-07-28,100.06396211278492,100.37361333534513,99.71787315996922,100.25521850585938,530000
2016-07-29,100.61954068484638,100.95651332800213,99.55395919995793,99.83629608154297,1399700
2016-08-01,99.8362640451651,100.3189596914681,99.53571533949932,99.90911865234375,419800
2016-08-02,99.79074316047168,99.80895507867803,99.0712507932407,99.6176986694336,358600
2016-08-03,98.31533176939892,99.04393360055795,98.26068906402371,98.77070617675781,414200
2016-08-04,99.90912133643344,100.39182394416478,99.76340516970103,100.26431274414062,288500
2016-08-05,100.13682250211812,100.78346023067849,99.63591485759953,99.81806182861328,599800
2016-08-08,99.49929809570312,99.78162797663182,99.30804169748099,99.49929809570312,352200
2016-08-09,99.69053878217538,100.28252674915953,99.69053878217538,100.08216094970703,558600
2016-08-10,100.46469395774645,100.54666495972643,99.46287170679533,99.71788024902344,840300
2016-08-11,100.77436785495809,101.12955937247875,100.29167204645374,100.81079864501953,879600
2016-08-12,101.03847541743181,101.21151296674162,100.17325987703472,100.42826843261719,540400
2016-08-15,101.34811998655402,101.62134739147326,100.90185504375005,100.93828582763672,329400
2016-08-16,100.9382915050509,101.03847442925878,97.45923135549732,98.3153305053711,1531000
2016-08-17,95.91095549958847,96.34811798818217,95.38272646763454,96.03845977783203,2084100
2016-08-18,96.64866717390261,97.01296114273363,96.28436625660953,96.56669616699219,679500
2016-08-19,97.26796050283258,97.4227861087318,96.78525787217947,97.20420837402344,525400
2016-08-22,97.43190539936774,97.76887799354277,97.0858164235621,97.59584045410156,486300
2016-08-23,98.96193854890805,99.39909395192248,98.55209754156468,98.8071060180664,723200
2016-08-24,98.10587878498329,98.22427364797697,96.95833315329898,97.15869903564453,473600
2016-08-25,97.0493636317173,97.25883885633233,96.7670338036562,96.96739959716797,271700
2016-08-26,97.2406523192361,98.34266454988594,96.11132568311658,96.82170867919922,870400
2016-08-29,96.75793958853195,97.55940288861568,96.75793958853195,97.5229721069336,280400
2016-08-30,98.99838989616924,99.02571819635706,97.7506685109354,97.9237060546875,602800
2016-08-31,97.29528409484782,97.3954670064955,96.44828753630175,97.04027557373047,346400
2016-09-01,96.83079568675129,97.93280071370796,96.7852554751037,97.89636993408203,455400
2016-09-02,98.40640477575933,98.5885517455582,97.90549018612016,98.23336029052734,259200
2016-09-06,98.1605054297114,98.3973020653975,97.88728495634622,98.297119140625,346300
2016-09-07,98.36997828174655,98.63409626339542,96.5940139806859,96.83992004394531,992100
2016-09-08,94.84535313853722,95.39180087710189,94.38997886499,94.79071044921875,919700
2016-09-09,93.95283768723496,94.24427698851939,92.62313849238488,92.63224792480469,818200
2016-09-12,92.01293586341102,94.05301091303518,91.92186238724635,93.93461608886719,502100
2016-09-13,93.35176278836603,93.78892532021075,92.41369252771014,92.65959167480469,516200
2016-09-14,91.96740228449309,93.16048079962292,91.83078859648369,92.8781509399414,1069200
2016-09-15,93.18780379178851,94.58124814745739,92.9874379723008,94.3899917602539,1072000
2016-09-16,92.93282077308197,93.34265500832512,92.32262066337762,93.07853698730469,1040000
2016-09-19,94.00750534727158,94.8818234832884,93.98928647759419,94.11679077148438,550000
2016-09-20,95.3553978216701,95.88363380017597,95.0093157746121,95.51933288574219,773900
2016-09-21,96.25702879726585,97.33171250180126,96.00202028236946,97.18598937988281,832500
2016-09-22,99.30804760714399,99.7816339144772,98.98928692447147,99.08036041259766,579500
2016-09-23,99.05302646398503,99.50840079516568,98.74336830558254,98.8799819946289,664700
2016-09-26,98.80715570191127,99.41736280432892,98.61589924836424,99.06216430664062,663300
2016-09-27,98.32444958496947,100.0002311601056,98.21515721644018,99.83629608154297,591600
2016-09-28,99.52662700839136,100.21879803678746,99.15322361638233,100.05486297607422,316300
2016-09-29,99.51751691940339,99.94556996113863,97.95103484213703,99.02571868896484,551900
2016-09-30,99.44466660674048,100.3098752126846,99.28983402537672,99.79985809326172,338000
2016-10-03,99.5994927588431,99.82717996669552,98.85267899502561,99.20787048339844,416800
2016-10-04,99.62682127822357,100.04576493699135,98.91643825037984,99.23519897460938,324300
2016-10-05,99.36268975535772,99.54484367905445,99.00749828972623,99.09857177734375,280100
2016-10-06,98.60675992115513,99.26250010508501,98.18781634774687,99.0348129272461,473500
2016-10-07,97.48654979781202,97.60494463722267,95.95649157649244,96.88545227050781,861900
2016-10-10,98.0238805067532,98.1240634200667,97.44100189208984,97.44100189208984,686400
2016-10-11,96.18415622939874,96.21147757451669,93.2697636091495,93.54298400878906,959100
2016-10-12,93.17870027518225,93.50657037362126,92.3681344619473,93.42460632324219,794500
2016-10-13,91.61220065616094,91.66685029849641,91.1112930825662,91.4300537109375,1161200
2016-10-14,92.51386855808913,92.99656433009126,91.94009234358968,92.09492492675781,331200
2016-10-17,91.63954249331901,92.29527576209874,91.53935957410371,92.13134765625,399000
2016-10-18,93.36085735702645,93.42460949230427,92.74154792212973,93.1969223022461,955700
2016-10-19,95.40093272264947,95.40093272264947,93.98926936359793,94.79983520507812,1109900
2016-10-20,93.36998191517043,94.37181134703646,93.32444863547131,94.33538055419922,739900
2016-10-21,94.23519134757888,95.92007545065017,94.17143920146687,95.86543273925781,1638300
2016-10-24,95.55575873401393,96.01113311640835,95.41914502960327,95.88362884521484,971000
2016-10-25,95.33717528408889,95.75611885706404,94.83626071397663,95.20967102050781,567100
2016-10-26,95.14592743376784,95.38272406531134,94.47197527310291,94.58126068115234,376200
2016-10-27,95.79254837391879,95.87451242151197,94.59036036999098,94.7634048461914,606800
2016-10-28,95.5011062031698,96.49381891936335,95.34628059672032,96.04755401611328,915500
2016-10-31,96.0931001651725,96.8672351937028,95.57397366853817,96.19328308105469,794000
2016-11-01,96.22061085266787,96.24793220455705,94.07124315687022,94.61769104003906,936100
2016-11-02,94.72698156335882,95.38272178985943,94.417323368195,94.74519348144531,564400
2016-11-03,94.12589753034858,94.35358475560268,92.6960220336914,92.6960220336914,707000
2016-11-04,93.09673700673453,93.81622934277094,92.42278488693212,93.34263610839844,791600
2016-11-07,94.53571621189673,95.41003411502949,94.35356230595592,95.40092468261719,413000
2016-11-08,94.34445945154869,95.82898435751281,94.2898167501871,95.45557403564453,516600
2016-11-09,93.19692780534679,94.55394159265337,93.19692780534679,94.41732788085938,495700
2016-11-10,93.60674518703067,94.18052128386299,91.72149575842616,92.34991455078125,934900
2016-11-11,90.8016519126206,91.53936316014763,89.90912198632529,91.30256652832031,1212200
2016-11-14,90.10947804255615,90.86539417803671,89.90000278553262,90.34626770019531,687800
2016-11-15,90.27341793251875,91.32988286149035,89.93643839606963,91.09308624267578,491100
2016-11-16,90.34626409790515,91.77613921308512,90.30073083407979,91.71238708496094,1036300
2016-11-17,92.20419175476478,93.67049764309459,92.15865849115639,93.40637969970703,1344700
2016-11-18,94.33535206248595,95.40092637440713,94.15319815331493,95.25520324707031,1914300
2016-11-21,94.79982264861789,95.72879015300938,94.7360705217252,95.7105712890625,1408200
2016-11-22,96.03846168036424,96.18418482893628,95.44648049756131,95.9200668334961,876300
2016-11-23,95.15502866007598,95.94737559394129,94.9455533986122,95.71968841552734,432300
2016-11-25,94.70874612089163,95.13679907985404,94.50838031469982,94.8453598022461,251900
2016-11-28,94.08034048261925,94.63589772774078,94.00747892131719,94.3808822631836,453200
2016-11-29,93.69781908774837,94.72696951450463,93.54299348409045,94.52660369873047,1194200
2016-11-30,94.50840053048228,94.55394075016186,93.74337486879156,93.92552185058594,434200
2016-12-01,93.5065801376934,93.57033227746577,90.78344309818517,91.0657730102539,837900
2016-12-02,90.17323821885239,91.34810497320649,90.01840564616755,90.87451171875,701100
2016-12-05,93.16048375996839,93.8253264084342,92.61403593902718,93.7342529296875,818600
2016-12-06,92.79617046557144,93.71602845914953,92.70509699902492,93.54298400878906,399900
2016-12-07,92.87815401632777,94.64500174146713,92.74154032379333,94.30802917480469,566600
2016-12-08,93.98015678774408,94.47196189973253,93.48835167575562,93.90729522705078,478800
2016-12-09,93.7342490568869,93.9072935232787,92.97832601244569,93.4974594116211,362500
2016-12-12,93.96194065385097,94.11676626347777,93.26977665253312,93.7160415649414,308500
2016-12-13,94.81807017760225,95.50113186443632,94.71788724098957,95.30076599121094,308400
2016-12-14,95.24609766960839,95.5739677470067,94.28980878578649,94.3808822631836,390800
2016-12-15,95.14591254510944,95.98379963519578,95.00929885796343,95.65592956542969,655400
2016-12-16,96.77615343443921,97.19509697936361,96.50292606022467,96.7579345703125,865800
2016-12-19,98.68873534173473,100.61952519779531,98.68873534173473,100.38272857666016,1709400
2016-12-20,99.60859217193709,100.0002144079839,99.3717955540233,99.91824340820312,810500
2016-12-21,100.20968640683434,100.45559246674522,99.92735651064052,100.2279052734375,659500
2016-12-22,100.510236088279,100.56487879166453,99.97289069396147,100.16415405273438,324200
2016-12-23,100.56485407907837,100.9564762368491,100.42824040572393,100.8471908569336,183900
2016-12-27,100.90183893219606,101.65776194310354,100.90183893219606,101.55757904052734,308500
2016-12-28,100.92006732257707,101.37544170009753,100.57398529710768,100.89274597167969,509900
2016-12-29,101.06578608692601,101.43008696287644,100.81988004256344,101.23883056640625,754900
2016-12-30,102.05849275258369,102.60494750808319,101.33900047640616,102.18599700927734,858700
2017-01-03,101.07488859706046,101.34810902396454,100.31896554721703,100.5921859741211,874700
2017-01-04,100.0366278816509,100.50111163640258,99.83626901635755,100.10948944091797,846200
2017-01-05,100.9109589508988,101.91278113330644,100.86541873641889,101.31168365478516,493800
2017-01-06,100.69235342683456,101.63042328396534,100.45556381622079,101.20237731933594,360200
2017-01-09,101.11130979201174,102.66869606313665,101.10220730860819,102.45011138916016,554800
2017-01-10,102.53208832427694,103.03299593048152,102.53208832427694,102.59584045410156,816100
2017-01-11,102.23155204994254,103.37909747509251,102.17690934585126,103.35177612304688,419900
2017-01-12,103.77070286279582,104.57215916916611,102.91459691275747,104.52661895751953,713900
2017-01-13,104.52663568298108,105.22791614317116,104.50842376448476,105.00933837890625,1474200
2017-01-17,105.30988774282845,105.93830667712555,104.63593553479795,105.56490325927734,1381400
2017-01-18,111.17508346051326,114.64503346968797,111.0566886416838,111.99475860595703,4392000
2017-01-19,110.07308464437584,111.10222813846197,109.70878378723869,110.98383331298828,1936700
2017-01-20,110.67418818124415,111.39368054796334,110.67418818124415,111.15689086914062,786900
2017-01-23,111.084034960737,111.40279565882965,109.83630657281769,111.26618194580078,1570600
2017-01-24,111.36638331484352,112.02212368720566,111.1751268643151,111.61228942871094,975100
2017-01-25,111.5758020091988,111.99474549037237,111.35721736370499,111.82170104980469,649500
2017-01-26,110.47382518171364,111.25706965569445,110.26434991373489,110.3189926147461,611200
2017-01-27,110.60131370750389,111.18419226353217,110.23701287287109,110.90185546875,663500
2017-01-30,110.11864175567932,110.98385034424918,109.30806892364204,110.84723663330078,1161000
2017-01-31,110.78348102086375,111.11135113747422,110.19149292429141,110.56490325927734,1435700
2017-02-01,110.79257594342509,111.21151949345457,110.20058792438705,110.48291778564453,1324600
2017-02-02,112.10405423465647,112.19513466349602,111.37545944316827,111.78529357910156,632800
2017-02-03,111.94014598589628,112.54123662173512,111.90371519759357,112.03121948242188,358300
2017-02-06,111.32991852409647,111.68510995924683,110.99294595398318,111.32081604003906,260700
2017-02-07,111.13864916444516,112.54120282482228,110.99293300345627,112.25887298583984,1117200
2017-02-08,112.3955061774862,113.1696412225714,112.0129864230007,113.01480865478516,853100
2017-02-09,113.30624951129684,114.34450247716804,113.22427851480113,113.40642547607422,820400
2017-02-10,113.6614445766976,114.07127872687066,113.06945651097764,113.70697784423828,791500
2017-02-13,114.8818466912204,115.3372210659116,114.52665523483819,115.209716796875,1052600
2017-02-14,114.82719953272972,115.20971232499227,114.40825595809055,114.98202514648438,1825300
2017-02-15,114.25343357155612,115.92010553430234,114.11682681105387,115.90189361572266,900800
2017-02-16,115.25524701862786,116.06581277940785,115.19149488963822,115.91098022460938,1023500
2017-02-17,114.60862183735134,115.55580139160156,114.5904099192815,115.55580139160156,808100
2017-02-21,114.09860331713402,116.21154015824904,114.07128196614148,116.20243072509766,3895800
2017-02-22,113.93466294837538,114.30807325708689,112.55032795778577,112.77801513671875,2312100
2017-02-23,113.41555217098137,113.4975231799534,112.24979476509378,112.73249053955078,764500
2017-02-24,111.37546216904224,111.97655271301996,110.78347410940232,111.59403991699219,1442500
2017-02-27,111.37549571737236,112.04033859428417,111.18423926174854,111.9310531616211,736500
2017-02-28,110.65596553562624,111.31170570240594,110.5740014890093,110.82901000976562,1033500
2017-03-01,111.56672970427832,112.85999135240316,111.50297756524293,112.45015716552734,1274400
2017-03-02,110.91096004071484,111.61224033263592,110.63773963805716,110.7197036743164,961800
2017-03-03,111.80352514254488,112.0129934763598,110.95652847675053,112.00389099121094,783800
2017-03-06,110.42827153429572,111.02936896615587,110.000218565873,110.74703216552734,495300
2017-03-07,110.42828480621827,110.55578907403513,109.13502326209785,109.27163696289062,1234500
2017-03-08,110.03665251871013,110.35541315913571,109.5994901057973,109.972900390625,575800
2017-03-09,110.36452393315147,110.69239400970731,109.89093768282689,110.42827606201172,405700
2017-03-10,113.36089407378994,113.94377269760054,112.87819836486504,113.84358978271484,1016100
2017-03-13,112.53209703147942,113.3517721774801,112.41370221256952,113.10587310791016,838100
2017-03-14,113.63409645966712,113.68874609903071,112.80531887097123,112.92371368408203,412900
2017-03-15,113.70697778158251,115.03667009626584,113.46107868130645,114.8180923461914,838900
2017-03-16,113.7434148559713,114.98203375567171,113.67055328576262,114.9273910522461,424200
2017-03-17,115.8381105727192,116.9674298833686,115.60131400358883,116.4847412109375,1030300
2017-03-20,117.34086639070479,117.63231266315516,116.5576288531099,116.82174682617188,577600
2017-03-21,118.11500201060689,118.23340378950827,114.89095075465929,115.0457763671875,1398800
2017-03-22,115.72883549431171,117.70516542789872,115.67419279654487,117.4137191772461,529900
2017-03-23,117.6687470744864,118.12412149342555,117.30445309810487,117.68696594238281,266000
2017-03-24,121.38458863349572,121.63049467973023,120.18240754609201,120.43741607666016,1709800
2017-03-27,120.92923059382568,121.31174344130503,120.54671774634635,120.85636901855469,2238000
2017-03-28,121.46657009609005,122.30445737334668,121.23888288280538,121.84908294677734,1370300
2017-03-29,121.2752869425392,121.54851430199382,120.71061336048743,121.04759979248047,358300
2017-03-30,120.56492298282512,121.30262724076485,120.52848525084717,120.79261016845703,361100
2017-03-31,120.46474535808039,121.30263257038898,120.32812470254483,120.94744110107422,535400
2017-04-03,120.53760624508017,120.90190019726298,119.47201794625231,120.38276672363281,564100
2017-04-04,120.49207529047179,120.92923084608516,120.08224108852647,120.89280700683594,584000
2017-04-05,119.85455987006803,120.22795635451148,119.23524339646568,119.3354263305664,557200
2017-04-06,119.2625651194908,119.52669008153738,118.89827111995966,119.28988647460938,370000
2017-04-07,118.88912913955647,119.90006075206094,118.88002665545186,119.47200775146484,546900
2017-04-10,118.97110883751992,119.11681806995267,118.12410530794966,118.31536865234375,1180800
2017-04-11,118.06947094529829,118.26073430319707,116.85817340373534,118.22429656982422,613200
2017-04-12,118.1696561325704,118.37002197919263,116.84907315941389,117.49569702148438,485300
2017-04-13,117.49569066557531,118.28805152414557,116.88549067366128,116.92192840576172,575600
2017-04-17,117.38642000024534,118.66146284537467,117.38642000024534,118.55217742919922,334800
2017-04-18,118.74343430411678,119.27167028158904,118.21519832664453,118.98932647705078,915700
2017-04-19,121.22977735414793,121.77623221108429,114.79078340202274,115.5649185180664,3355400
2017-04-20,118.488426572744,119.14416683230777,117.75070835804169,118.44288635253906,2259500
2017-04-21,118.71610600168839,118.84361027175707,118.14232983791779,118.4246597290039,1298800
2017-04-24,121.70335619375548,122.3044397887421,120.86546903696802,121.54853057861328,685100
2017-04-25,122.85998704940324,122.90552726118494,121.91281457018289,122.25890350341797,681300
2017-04-26,121.16596293994365,121.52115426569118,120.21879070358956,120.63774108886719,633600
2017-04-27,120.81993438320816,121.94015147193527,120.53760448983918,121.08404541015625,453100
2017-04-28,122.45178359818834,122.48856906381816,121.05369731100201,121.27445220947266,753400
2017-05-01,121.4583941446131,122.3413855708279,121.15486145594686,122.20342254638672,264200
2017-05-02,123.23358457804085,124.21776760754614,123.00363684608867,124.16258239746094,850700
2017-05-03,123.07722278544999,124.13499078179808,123.01284471813607,123.4083480834961,1008300
2017-05-04,123.02202781526132,124.53048426782463,123.01283495920174,124.2269515991211,871400
2017-05-05,123.81307317544086,125.01799719926072,123.6843029904883,124.94441223144531,481000
2017-05-08,122.83808386060618,123.0496318487861,122.39658813552315,122.5805435180664,957800
2017-05-09,123.52793669513599,124.30975064057844,123.47275147956324,124.13500213623047,438200
2017-05-10,123.29798669105271,123.71188983519481,122.8012916901647,123.06803894042969,703900
2017-05-11,122.54375695218123,123.50034749818508,122.16665329038689,123.399169921875,639900
2017-05-12,123.35316107013178,124.60407728503502,123.34396821347724,124.57648468017578,443300
2017-05-15,124.5488919335801,125.22033537588375,124.36493655642923,124.85242462158203,577500
2017-05-16,125.90100012330244,126.25971806202733,125.55147504227405,126.2505111694336,729100
2017-05-17,124.77885793663707,125.06399091821075,122.1482549569511,122.1574478149414,645700
2017-05-18,121.96428951443305,123.50953162348057,121.69754227079493,123.25199127197266,689500
2017-05-19,124.17177650316322,124.56727986934918,123.73947363995312,124.0338134765625,619200
2017-05-22,123.23359787076805,123.73029288490294,122.94846489797449,123.44515991210938,548800
2017-05-23,123.84067116259081,123.997033962903,122.99446504830809,123.16922760009766,687200
2017-05-24,123.22441664226797,123.50954964197074,122.48858094422621,122.78292083740234,938000
2017-05-25,122.78293843401889,124.19021791706717,122.78293843401889,124.07064056396484,457600
2017-05-26,123.1232484868203,123.80389901573868,122.83811546528277,123.43597412109375,731800
2017-05-30,122.38743326227222,123.07727676618694,122.33224802754337,122.70936584472656,1020200
2017-05-31,122.38739790958222,122.64493828719205,121.06289651907566,121.40322875976562,1436000
2017-06-01,122.24021917636827,123.09563211074497,121.98267881728425,123.07723236083984,707400
2017-06-02,123.82225854249563,123.97862132655735,122.83808948166093,123.89584350585938,334300
2017-06-05,122.24023070933724,123.09564372441938,122.12986026928726,122.47938537597656,519500
2017-06-06,121.74352543154308,122.62653088066062,121.72512568356893,121.982666015625,614500
2017-06-07,123.05882842855762,123.6751007328103,122.42418444481812,123.2427978515625,413400
2017-06-08,123.72108137134128,124.2545618312769,122.9392674485107,124.18097686767578,312400
2017-06-09,123.46351371048378,123.665868806909,118.34028631253807,119.60039520263672,1203900
2017-06-12,118.85540135096437,119.17733383444721,115.92126563743561,118.72663116455078,1941400
2017-06-13,120.67656377214202,121.49517711513201,119.89474992484561,121.34800720214844,1373900
2017-06-14,121.78952141337408,121.91829158323948,118.68981640999947,119.71078491210938,857700
2017-06-15,117.61367932269648,117.8712126660176,116.81345861534923,117.34693908691406,1551700
2017-06-16,118.83699599425871,119.65560943389303,118.45068545324109,119.23251342773438,925300
2017-06-19,120.66738404974701,121.24685687338314,120.29026636976486,120.90652465820312,388000
2017-06-20,120.15230453827704,120.54780793717873,118.12875308144075,118.18395233154297,604100
2017-06-21,118.26672549693136,120.15229980660256,118.19314053458994,119.96833038330078,710600
2017-06-22,119.83037291234099,120.29946127978046,119.27849268661457,119.59123229980469,660400
2017-06-23,122.27700313080605,124.55808060765007,122.2402036356742,123.84064483642578,1276100
2017-06-26,124.91681916259574,125.15597381583896,122.9392740363472,123.04964447021484,978400
2017-06-27,123.91422251299328,124.07977812667626,121.67912348401248,121.7527084350586,1783600
2017-06-28,122.5345485254687,124.42931559117133,121.87229793465477,124.16258239746094,773900
2017-06-29,122.02868456886836,122.49777298121074,118.05519428193075,119.2049331665039,1988500
2017-06-30,120.59378382019358,120.9341019573984,119.46244495835167,119.85794830322266,899500
2017-07-03,120.58460313882696,120.80534399177897,118.95656917382315,119.26929473876953,427900
2017-07-05,119.10376004651548,121.01692730632635,119.05776768242936,120.93413543701172,796200
2017-07-06,120.2994289587468,121.20083402091123,119.66478511503844,120.6949462890625,832000
2017-07-07,121.25604947925298,122.82888423314895,121.25604947925298,122.23102569580078,588700
2017-07-10,123.25201880992988,124.21780236131599,122.80131607664312,123.9970474243164,439700
2017-07-11,122.97603631739892,125.14674332855935,122.94844371413417,124.9260025024414,1100900
2017-07-12,125.65261530434401,126.51722085757913,125.34908267172574,126.0481185913086,841300
2017-07-13,125.79061359903963,126.53565610718756,125.43189566618189,125.87340545654297,484300
2017-07-14,126.9679471915518,128.81673613815352,126.82998415146089,128.69715881347656,1164700
2017-07-17,129.1570541530554,129.49737234141955,127.94293729719855,128.9730987548828,869900
2017-07-18,129.94808126976926,131.8796481310697,129.81011822320403,131.76007080078125,1252200
2017-07-19,136.69935233818114,138.722904038611,136.0923008629509,138.5481414794922,2528800
2017-07-20,140.02898260859328,141.96974212061463,139.21956206218925,141.4822540283203,2971500
2017-07-21,140.81080436048995,141.9697500319506,140.40609406473524,141.91455078125,938400
2017-07-24,141.5374768739419,142.1077429369545,140.7832413397251,141.40870666503906,1272100
2017-07-25,141.96976167513958,141.9973542853042,140.32332774919212,140.4796905517578,974600
2017-07-26,140.72802059941478,142.29166246576227,140.64524277920208,142.1352996826172,768800
2017-07-27,142.47561862074946,143.23904682601392,139.32993512170464,140.9487762451172,1019400
2017-07-28,139.53228714382806,140.61764778503252,139.4862947884141,140.29571533203125,539100
2017-07-31,139.56907958920348,140.12094572159404,137.88586051736573,138.2721710205078,868100
2017-08-01,139.76223341853094,139.90021048332406,138.49293143879078,138.81484985351562,391600
2017-08-02,140.3324931635303,140.6268189299234,138.25375691289807,138.9068145751953,855200
2017-08-03,140.41527165162196,140.57163440873003,139.3115254612217,139.96456909179688,924000
2017-08-04,140.36930359272077,140.78320673138128,139.76223817074046,140.67283630371094,491200
2017-08-07,141.04994962125727,142.2548735357623,141.04074272930467,142.03411865234375,476000
2017-08-08,142.08933538550883,142.75158614778164,140.6452705531219,140.84762573242188,490700
2017-08-09,140.41531191468874,141.39948108807678,140.13017892085574,141.2431182861328,547100
2017-08-10,140.23130639128047,140.26809184657571,138.05139273164232,138.13417053222656,844800
2017-08-11,137.4075753167389,139.20116493871976,137.00286503590286,139.06320190429688,416900
2017-08-14,138.75965909887375,141.00395119485773,138.74125935065706,140.36929321289062,552600
2017-08-15,139.30232547435358,140.38768600704483,139.20114791651707,140.2313232421875,376800
2017-08-16,139.99217502548638,141.7673787968033,139.8450051101128,141.34426879882812,518900
2017-08-17,140.5992728958986,140.90280565342405,138.52054999166526,138.5665283203125,486000
2017-08-18,139.8082379224716,140.3693110176353,138.8700471329574,140.04737854003906,688800
2017-08-21,139.9554094611409,140.08417964667578,138.8332632579523,139.43112182617188,562600
2017-08-22,139.71622881094666,142.39282363538777,139.68863620738705,141.9881134033203,839100
2017-08-23,141.55581219251232,141.83175226617064,140.84758331316002,141.09591674804688,532300
2017-08-24,140.99478255877526,141.55585573500468,140.4613160298091,141.14195251464844,400200
2017-08-25,141.40866297370636,142.38363911628753,141.2339004509992,141.85015869140625,535300
2017-08-28,141.3442907988486,141.97894887714713,141.08675042430684,141.75819396972656,261400
2017-08-29,141.30749420734264,143.0550914734252,141.1879168875413,142.70556640625,575500
2017-08-30,141.50063916257514,142.8435401513408,141.11432864016496,142.39283752441406,834200
2017-08-31,142.494043352425,144.103677865813,142.19051058856965,143.77255249023438,787400
2017-09-01,144.55439394719917,144.93151172215022,143.83695790626328,144.66476440429688,739700
2017-09-05,143.40461320327148,143.91050104270022,141.16032099554872,142.39283752441406,493400
2017-09-06,143.77254649687765,144.66474499846927,143.37704305539813,143.9289093017578,496400
2017-09-07,146.25597668868204,148.0311807968449,145.62133262363864,147.9575958251953,1027800
2017-09-08,147.39651523156158,148.1783432352044,146.32955424902946,146.90902709960938,659400
2017-09-11,148.18752255390612,149.81555648756725,148.0311597744432,149.72357177734375,698200
2017-09-12,148.8865453128194,149.09810732042678,147.9575615762173,148.40826416015625,439400
2017-09-13,147.71841453614033,148.08632525822784,147.16653441811462,147.23092651367188,613300
2017-09-14,147.8104137864322,148.90496734344177,147.43329610067482,148.4818572998047,525500
2017-09-15,149.96266781909037,150.04545964765146,149.1440546669492,149.38320922851562,632300
2017-09-18,151.59076490533946,153.79827190744575,151.46199471616725,153.59591674804688,1294000
2017-09-19,155.11354315990098,155.15953551376148,154.22134482761183,154.79161071777344,992800
2017-09-20,154.4512870816713,154.5248720382579,150.59736094418147,151.9402618408203,990200
2017-09-21,152.2529847580654,152.77727230163006,151.00206858742675,152.47373962402344,1066000
2017-09-22,151.9495092492189,153.09924829322765,151.83913879216217,152.6485595703125,303600
2017-09-25,151.6551758589313,151.9403088821732,148.22434461599565,149.01536560058594,849400
2017-09-26,148.71175877896923,149.85230433894952,148.0403154745329,149.797119140625,1180700
2017-09-27,150.10990302982242,154.43291834436835,149.990339731894,153.5499267578125,1253600
2017-09-28,154.77324823605235,157.2842739429134,154.65367090504535,156.815185546875,1477700
2017-09-29,156.45646942696496,157.7717639439034,156.01495960032008,157.46823120117188,1677100
2017-10-02,156.7231526222787,157.9832615172365,156.16207967728036,157.00828552246094,585700
2017-10-03,156.7875518798828,156.943914637616,155.95973170760234,156.7875518798828,454400
2017-10-04,156.33688396142745,157.67977101830783,155.9229808010163,157.4590301513672,861200
2017-10-05,155.9505420256967,156.1988894859246,154.3960932376209,155.00315856933594,422300
2017-10-06,154.52489441141455,157.21068255866336,154.2489542929861,155.84939575195312,1224200
2017-10-09,155.86777401468024,156.96231340988825,155.7206041004875,156.49322509765625,352800
2017-10-10,156.61279953650856,157.44979858398438,155.3710762149737,157.44979858398438,522200
2017-10-11,157.61538836851983,159.1790302818492,157.35784800796662,159.0318603515625,859100
2017-10-12,158.25919699363095,160.8622065462767,158.15801944794885,159.68487548828125,1302000
2017-10-13,162.40751194122683,162.6834380274694,161.49691375193362,162.15916442871094,809400
2017-10-16,161.70845220988107,162.435094953786,161.34054142669405,162.42588806152344,743200
2017-10-17,161.89240540264134,162.51787056744024,160.49433321760205,162.19593811035156,1055300
2017-10-18,161.73606091241814,161.85563824455747,155.0951681602625,157.95571899414062,2715900
2017-10-19,160.07122223555135,162.1499447862171,159.51014917947876,161.901611328125,1120100
2017-10-20,161.8923848323987,162.08554708908778,160.67826819072152,161.16575622558594,1091300
2017-10-23,163.6767859597009,164.90010952677503,163.0697206043297,163.78717041015625,1240700
2017-10-24,163.54800505123634,164.173470113072,163.03292443260358,164.11827087402344,614400
2017-10-25,164.18268588583524,164.62418161558924,161.62566814721168,163.13412475585938,560000
2017-10-26,163.29047324515545,164.21945697821613,162.6834078980568,163.55722045898438,427700
2017-10-27,163.9527501339717,164.88173401624917,162.92258867759296,164.5782012939453,703800
2017-10-30,163.98954209140496,164.4954299819378,163.06975103039895,163.65841674804688,1268300
2017-10-31,165.24962860069664,166.45455237678968,165.222035997801,166.252197265625,526400
2017-11-01,168.0274137589835,168.30335386697405,165.13927056979583,166.85008239746094,941900
2017-11-02,166.79488385808034,167.8066594949189,166.38098074660851,167.63189697265625,553700
2017-11-03,168.82762563349243,169.83938722132197,167.94462017776,169.77500915527344,470100
2017-11-06,169.22311713129463,170.52002560183317,168.2573339290873,170.0877227783203,503200
2017-11-07,168.43213923145655,169.2231601270675,168.38616090506025,168.80006408691406,611700
2017-11-08,167.44798904775678,168.1286255464326,166.6385683088993,166.9512939453125,677200
2017-11-09,164.16429753165582,164.62419304224926,162.08557487633655,163.73199462890625,685100
2017-11-10,164.3758750010896,165.286459215204,163.8975796954052,165.19448852539062,692000
2017-11-13,163.73197313142256,164.808126800728,163.5296180105383,164.50460815429688,415300
2017-11-14,165.4704117444747,166.00389226172467,164.32067288011646,165.8751220703125,382800
2017-11-15,163.57563779664778,164.35746580708837,162.38911351146027,163.64002990722656,494400
2017-11-16,165.2588488225655,167.3283785918102,165.10248603529908,167.20880126953125,1853700
2017-11-17,166.73049617273304,166.82246683947903,165.35080985748812,165.8658905029297,553700
2017-11-20,165.5072011494859,167.7330937708859,165.36922407324246,166.96966552734375,996700
2017-11-21,168.01820009583182,170.57521764577496,168.01820009583182,170.5016326904297,845900
2017-11-22,170.0601666073933,170.33610672926622,167.72390351665098,168.32176208496094,526600
2017-11-24,170.6303965392579,171.42141723632812,170.50162638089273,171.42141723632812,311400
2017-11-27,170.92477724897856,171.02595482868222,169.7474457950985,169.90380859375,863900
2017-11-28,170.04175070598322,170.20732037734012,168.75404897274635,169.50827026367188,787700
2017-11-29,167.83423510044383,167.88022744925908,158.28680172404702,158.60873413085938,2544800
2017-11-30,161.75440640362012,162.38906428454445,159.84123990565018,161.44168090820312,1584600
2017-12-01,160.05281973939998,160.24598201616408,157.4774162818535,158.59954833984375,1143300
2017-12-04,161.1381906471558,161.24856107812005,154.84682345404497,155.7482147216797,1446200
2017-12-05,155.9413809425394,159.10546465376882,155.16875976697838,156.8243865966797,737800
2017-12-06,155.70224949095254,157.6062239661876,154.80085806627338,156.9807586669922,869500
2017-12-07,156.7599712272076,158.96747801764332,156.7599712272076,158.36041259765625,989700
2017-12-08,159.88724182007377,160.5402854504742,157.99247495399646,158.1856231689453,487000
2017-12-11,158.6915304847613,161.34053289530294,158.44318300004903,161.08299255371094,1571600
2017-12-12,159.39980337737623,159.6573437673351,158.0201167019256,158.3512420654297,1129300
2017-12-13,159.44577845586693,160.54031797709197,158.5535800463336,159.45497131347656,828900
2017-12-14,159.49177187737894,160.3839703713738,157.84535197597822,158.1212921142578,935500
2017-12-15,158.13961616133784,160.17235988455775,157.1462545067512,159.85963439941406,3118500
2017-12-18,161.39571975666587,162.84899114759256,160.92663142287597,162.22352600097656,1207900
2017-12-19,162.01199869079153,163.2537222506486,161.52451054593456,162.8306121826172,708700
2017-12-20,162.85820127828467,163.25371872844354,160.55872365030731,161.1197967529297,528400
2017-12-21,161.6348979734505,161.8556529062668,160.08965554843465,160.54034423828125,393400
2017-12-22,160.28275082127047,161.3221189881939,159.77687707426026,161.16575622558594,285900
2017-12-26,159.721715280224,159.76770764116105,157.6337996356829,159.20663452148438,281400
2017-12-27,159.30780795912938,160.6783016839876,159.05026758645633,160.08042907714844,334800
2017-12-28,160.1447765177833,160.69665661094265,159.73087346536067,160.22755432128906,402100
2017-12-29,160.60471100784582,160.84385162114432,159.78609755917734,159.87808227539062,194400
2018-01-02,160.1723804373462,163.57560382593027,160.02521053078496,163.47442626953125,818600
2018-01-03,163.47447810855974,165.17609735989586,163.42848574381298,164.71620178222656,1054200
2018-01-04,166.01305669556433,167.1903878687617,165.0104739957413,166.252197265625,915600
2018-01-05,166.33500431150102,168.7356594296569,166.25222648826391,168.20217895507812,516100
2018-01-08,168.49650890510722,169.66464735891114,168.14698384769434,169.08517456054688,763900
2018-01-09,169.30592879190982,169.39789946699815,166.70291869018493,168.17457580566406,854300
2018-01-10,166.8408287251768,166.98799860044676,164.94606219447448,166.2153778076172,668700
2018-01-11,165.6359471689063,165.77391019012535,163.64000259753044,164.22866821289062,831900
2018-01-12,166.58334949828335,166.91447482152165,165.50719570648315,166.3625946044922,710300
2018-01-16,172.64478097636166,173.380616639104,170.40048852070151,171.4306640625,1518900
2018-01-17,179.35006667913586,185.06196139255064,179.13850462686273,183.2039794921875,2653200
2018-01-18,185.96333016141918,189.09062785653728,185.62301199627814,187.04869079589844,3618500
2018-01-19,188.75947559294175,189.50450392099097,186.87390158109102,189.03541564941406,1122900
2018-01-22,188.09727173971064,189.05384826660156,186.99352527486792,189.05384826660156,1002300
2018-01-23,188.0236681516447,189.40335460479875,187.68334998436688,188.95265197753906,559900
2018-01-24,187.1866721527902,187.6465676793131,184.3905135268859,186.02774047851562,669800
2018-01-25,190.5254815781169,191.84998268573014,184.55603373765555,184.7216033935547,1380200
2018-01-26,187.67412975015836,190.09318431721243,187.38899681569404,189.94601440429688,1069200
2018-01-29,187.9500875374181,188.18003528492937,185.73338788303448,187.65576171875,1064500
2018-01-30,186.58877801024175,187.10385865616675,183.98576814218256,184.1697235107422,744900
2018-01-31,186.15649853000102,187.32463702099585,185.79778060409197,186.6807861328125,701800
2018-02-01,185.87136290045444,187.08547969576367,184.33531364822494,185.26429748535156,741500
2018-02-02,183.35113816812202,183.49830809938405,178.87176040142444,178.9637451171875,917300
2018-02-05,177.83243219372577,180.8033679576188,171.59624880678857,171.7066192626953,912600
2018-02-06,171.71578652069044,178.7061898009189,170.9339585454169,178.54063415527344,2881200
2018-02-07,175.77202454871698,176.23191994101097,172.00087671794893,172.1388397216797,1275500
2018-02-08,171.89054933767414,172.34123795259381,163.90675603103193,165.47039794921875,1767200
2018-02-09,167.46637668018496,170.07858010391863,161.77286737715153,168.9380340576172,2070900
2018-02-12,168.62527885959682,172.3596279222126,168.38613826188072,171.3938446044922,1563400
2018-02-13,170.41886554065144,171.3018710251427,169.08517147445497,170.382080078125,496300
2018-02-14,168.9748317136595,176.67347884600514,168.8276617670566,175.99282836914062,930600
2018-02-15,177.71285296520847,179.54322835796654,175.6525157517356,179.2672882080078,1125900
2018-02-16,177.3908741272875,179.63516617635918,176.64584574138485,176.8114013671875,738800
2018-02-20,176.59070854266042,181.55757515562155,176.572308789826,179.8375701904297,764000
2018-02-21,180.95968883985066,182.10022071294117,178.68780391633408,178.8165740966797,703400
2018-02-22,180.03066899556006,180.30660907264388,177.07814806498084,177.786376953125,796500
2018-02-23,178.39348462394017,181.28162817459935,178.1267513749338,181.03329467773438,741700
2018-02-26,184.05015294439139,184.87795908754202,182.4497118280865,184.7307891845703,1172200
2018-02-27,183.0200027985017,184.4456816052238,181.60353088378906,181.60353088378906,861100
2018-02-28,182.32098214446296,182.7992774178488,179.35925385544283,179.7179718017578,623700
2018-03-01,177.6668911254416,179.2765259026981,173.8681485599478,176.53553771972656,901900
2018-03-02,175.22016527293027,178.32906298521226,173.9232567442676,178.04393005371094,696000
2018-03-05,179.10170591296668,183.58108362356708,178.78898033912412,182.4405517578125,730700
2018-03-06,183.98577852732137,187.0762766122106,183.30512818684667,186.5703887939453,1538800
2018-03-07,187.9868695746663,189.8632368447098,186.57038372203067,189.52291870117188,1308300
2018-03-08,190.35075148045215,190.6082918469113,187.9133108568576,188.5755615234375,458100
2018-03-09,190.76462986049242,193.0549142878445,190.3323270083228,192.61341857910156,645100
2018-03-12,193.98392757464325,195.68554663762512,193.45046111430818,194.3518524169922,788800
2018-03-13,195.703937730893,196.46736595573455,190.50711008743122,191.33493041992188,656900
2018-03-14,195.31763566857273,195.42800610373726,192.5030632577983,194.5634002685547,733400
2018-03-15,197.11122005188713,198.1965667278709,195.68554115190906,197.239990234375,700500
2018-03-16,196.41219235199955,197.36878298979735,195.51080097149304,196.89048767089844,822000
2018-03-19,196.83525499641965,196.92723970149765,193.18368395617105,195.68551635742188,1063300
2018-03-20,193.66200250209073,197.1112188348225,193.59761039379578,195.54757690429688,790400
2018-03-21,195.99829406043287,198.67488969272455,195.3176575873396,196.5869598388672,465400
2018-03-22,193.22970208511103,195.01409893645334,188.0604809657813,188.29962158203125,1008300
2018-03-23,189.03541960743092,189.72526274560846,183.06597193250602,183.13955688476562,1149000
2018-03-26,188.56634616232589,190.88422339126052,185.88055815065732,190.81063842773438,776800
2018-03-27,190.56227333734626,191.2429236609523,182.92802003869153,184.22491455078125,681900
2018-03-28,181.64949745328806,183.18554646690424,177.68518715647198,178.92691040039062,2776600
2018-03-29,180.14107177574923,184.344509319877,179.2028810321664,182.63369750976562,1193200
2018-04-02,181.63116439499396,183.18561372585677,175.33979612827662,177.56568908691406,705200
2018-04-03,181.7507089888422,184.04097961887382,180.646948550146,183.4339141845703,1165600
2018-04-04,176.2871749255489,182.40378045035163,176.13081211446016,182.3577880859375,1704900
2018-04-05,183.44312977213906,184.81360945814876,181.44718487222818,182.74407958984375,861200
2018-04-06,181.64953911581165,183.29595891631988,178.4486561637559,179.01893615722656,837900
2018-04-09,182.12778392252653,186.3220420515503,181.09762264604427,182.6060791015625,774100
2018-04-10,188.02362026011141,190.4610741274437,185.7977283668345,189.06298828125,885800
2018-04-11,187.76607997724585,190.12074201195557,187.52693943884006,189.06298828125,855500
2018-04-12,189.35733020892778,190.69103811588866,188.621508786335,189.69766235351562,1044500
2018-04-13,189.3205531723812,190.53466980157611,188.40076231833567,189.1549835205078,526000
2018-04-16,190.9853943219711,191.28892702287757,189.0722274414948,190.12078857421875,828600
2018-04-17,191.75800755227087,196.23739888762282,191.1693419233918,195.6395263671875,1233000
2018-04-18,192.00635596730157,192.00635596730157,186.71755813826212,189.77127075195312,1700600
2018-04-19,187.18663285834003,187.28781041433166,178.61418934163783,179.45120239257812,2623900
2018-04-20,179.20284401185532,180.26980471277665,176.87577440073008,177.53802490234375,1729200
2018-04-23,178.84418529425972,179.61680645664364,175.35816913521808,175.9744415283203,808200
2018-04-24,180.29747871620603,181.2632623033399,176.29638129875147,178.48548889160156,1147600
2018-04-25,178.11751493238347,178.2830846043914,175.05462336664857,176.28713989257812,830300
2018-04-26,178.38425296009828,180.2606202582804,177.79558733371803,179.98468017578125,875600
2018-04-27,180.46538045345605,180.62312821625468,177.40318218465637,177.93211364746094,1109600
2018-04-30,175.9556046186259,176.50309881701787,174.10901700185997,174.8699188232422,645900
2018-05-01,174.91629991586305,177.94137247226507,174.43376822737866,177.64443969726562,484200
2018-05-02,177.43101863397115,178.34039384493695,176.28037049821194,176.6237030029297,509500
2018-05-03,178.64659413384896,179.83435341777903,176.26178712584078,178.86001586914062,1588200
2018-05-04,177.4681320286838,182.15422148402817,176.9948887739227,181.421142578125,788000
2018-05-07,180.79943766095994,181.4582798751636,180.01997313425917,180.83656311035156,570300
2018-05-08,178.86002138528747,180.37256461848054,178.29397872789437,179.89930725097656,843800
2018-05-09,180.82729739443462,183.81525928151925,180.6138755908463,183.6853485107422,518200
2018-05-10,184.96590323799145,186.62690620752994,184.65968196577697,186.5805206298828,414200
2018-05-11,185.47625004608753,186.15364081447876,184.00081788039972,184.4740753173828,405000
2018-05-14,186.9052551795908,188.99311551112223,186.79390715952266,187.38778686523438,406800
2018-05-15,186.59904021156768,186.75678796501444,183.39765709456213,185.5226287841797,569700
2018-05-16,186.4784012654098,188.34355129359776,186.3484905295043,188.26004028320312,490900
2018-05-17,188.82607786223932,189.44779452154265,186.71965498185995,187.7960662841797,524400
2018-05-18,186.3206766854383,186.65473495313438,182.5068506955793,183.11929321289062,1002100
2018-05-21,187.7404516936261,188.26936907179754,186.43205551514103,187.916748046875,1089000
2018-05-22,188.36214826565507,188.9560280462384,187.02591521953988,187.94456481933594,463600
2018-05-23,183.84308053101032,185.773193359375,183.40694851810426,185.773193359375,719300
2018-05-24,185.92167132131874,186.5897878610409,184.31634243300277,186.35780334472656,325300
2018-05-25,185.08647424615805,186.74747662810364,184.47403191838546,186.60829162597656,309800
2018-05-29,181.88509769824174,184.26990483232092,180.44680532001624,181.50465393066406,654000
2018-05-30,182.8037764688887,184.33486842537584,181.97791225831645,182.89657592773438,583200
2018-05-31,184.07505841534223,184.52975313731733,180.77160136696403,182.47900390625,785700
2018-06-01,185.94944986287197,187.66614040750727,184.47403220123581,187.59190368652344,518000
2018-06-04,188.89106990466323,189.43854996381341,187.75898433467162,189.22512817382812,441300
2018-06-05,193.59574335169125,194.71854059903168,192.5193316851005,194.23602294921875,611000
2018-06-06,194.9597402474736,198.40238160582754,194.11531343911986,198.216796875,569900
2018-06-07,195.84130700179347,196.10112849482115,191.07170650948592,192.60279846191406,923400
2018-06-08,192.4543632009413,193.27095328927047,190.49641317312458,192.50076293945312,837500
2018-06-11,194.64427633885424,195.5722143701098,194.15247031502562,194.73707580566406,528100
2018-06-12,193.6421046106718,195.01546311315536,192.38939674430657,194.25454711914062,363900
2018-06-13,197.94771896461734,199.97989106510838,197.28887682776158,198.3467254638672,998900
2018-06-14,199.5901815562093,201.26974707523286,199.14477527959554,200.33253479003906,710700
2018-06-15,199.5066368840193,199.9706058070054,198.40238858183915,199.33961486816406,821300
2018-06-18,194.71848450282104,196.06399161882766,193.52145084823536,195.8876953125,599700
2018-06-19,189.07662702183737,191.56350803048068,187.23931388985173,191.32223510742188,749300
2018-06-20,190.77474941608978,191.67485031160615,189.6890637724606,190.6912384033203,542300
2018-06-21,191.93469453881235,192.03676828625345,188.8539477092264,189.52206420898438,893400
2018-06-22,192.11100816849236,192.65848820499045,189.39215655186896,191.49856567382812,730900
2018-06-25,186.8495981610897,186.97023463327318,181.6809766517039,182.47900390625,1060000
2018-06-26,184.39984144303972,184.92875874297619,183.03577144327318,183.70388793945312,1106500
2018-06-27,185.34635411674796,185.94950819504123,179.76943728672032,179.92718505859375,663000
2018-06-28,176.94849360021087,179.70447050128456,176.34532542474597,179.63023376464844,887500
2018-06-29,183.7502876715343,185.16074324417173,183.36055540863103,183.70388793945312,894300
2018-07-02,179.6673727282126,181.30055286735296,176.13193078669653,181.17991638183594,1963200
2018-07-03,179.5003105333351,180.85509194490956,177.48668697943526,177.67227172851562,434600
2018-07-05,181.57885876531455,182.49752226873144,180.5024616969393,181.8665313720703,540800
2018-07-06,180.19627294935987,183.58324080643504,180.16843594356982,183.10072326660156,380300
2018-07-09,185.56902020478847,185.79173040161686,183.2120641316591,184.76171875,1242600
2018-07-10,186.0237028242029,186.22785028492936,184.24206384266927,185.0586395263672,977300
2018-07-11,182.52539880796357,183.2584777452322,179.39825232962684,179.63951110839844,842500
2018-07-12,182.618214429517,185.00300789907484,182.12640838671138,184.9658966064453,625100
2018-07-13,185.88451177247467,185.88451177247467,184.2606205798424,184.8359375,422900
2018-07-16,185.4576567422617,186.64541604135306,185.00296210463776,185.66180419921875,1153300
2018-07-17,185.41127985814612,190.11593206954464,185.02154761754895,189.61483764648438,1383900
2018-07-18,197.73428332865984,202.73586803357512,197.41878784148284,202.19766235351562,3615000
2018-07-19,200.2026042194246,201.08414240268573,199.18186685404294,199.74790954589844,843000
2018-07-20,201.0934326845066,205.50113780036958,201.0934326845066,203.97003173828125,1371300
2018-07-23,203.7473203192677,205.68670702563836,201.36251325070816,204.8701171875,930500
2018-07-24,203.64523910366685,204.0256828468075,197.7992280375058,198.30030822753906,918500
2018-07-25,200.17476878340722,203.28336647207573,199.40457861244022,203.19056701660156,2240200
2018-07-26,200.49954347787377,201.21404544710146,198.79212702661826,201.03773498535156,1511000
2018-07-27,201.23261004317072,201.83576400394514,197.12183785523138,197.9291534423828,920600
2018-07-30,200.83360757321847,200.991369487848,198.21682986682868,199.04269409179688,692600
2018-07-31,199.6458123835287,200.71294935106923,198.54157829317634,198.5786895751953,1162300
2018-08-01,198.58802457083107,199.85002093341785,197.40955339693596,198.4952392578125,802500
2018-08-02,197.34456504377766,200.54594818674622,196.9084330680957,200.267578125,613900
2018-08-03,198.63443468037545,199.44173632593362,197.04766840053964,199.30255126953125,456100
2018-08-06,197.64149708132481,198.35599906486118,197.0754543997856,198.17970275878906,501000
2018-08-07,199.07978530842243,199.50664296062237,197.62293020866107,198.17041015625,537600
2018-08-08,198.253926064196,198.92204248288672,197.5486983596708,197.65077209472656,491500
2018-08-09,197.85490705924101,198.0126547926823,193.9668452504226,194.0967559814453,1016800
2018-08-10,189.98604918084024,190.78407650266357,188.0466478164666,189.19729614257812,842500
2018-08-13,190.14377151783626,191.1923317884326,189.76331355455324,189.9488983154297,914400
2018-08-14,192.2130789846799,192.38938947219998,190.16232975082403,190.7933349609375,408800
2018-08-15,186.7660735337899,187.0722947537269,181.70881458219554,182.93368530273438,1281400
2018-08-16,183.98229518596347,185.21645458580247,183.05435706511116,183.60183715820312,1250600
2018-08-17,180.70664278746082,183.41621992195547,179.92716414282327,183.14710998535156,730900
2018-08-20,184.5018917030419,185.5411776051506,183.28629533699507,185.1143341064453,538300
2018-08-21,185.41129215151756,187.08158340711512,185.11435935008376,186.04229736328125,699000
2018-08-22,185.71750141003275,186.65471364556515,184.85452590987063,186.33921813964844,385600
2018-08-23,187.28572196191973,187.64761720342182,184.9937140460033,185.16073608398438,374400
2018-08-24,187.15578016942612,188.53839845185828,186.99803243998386,188.35281372070312,301900
2018-08-27,191.30366585000078,194.15242761666082,190.67266076472924,193.5585479736328,546200
2018-08-28,192.65847722657242,193.06677219974904,190.17161025789267,191.79550170898438,437600
2018-08-29,190.7655350174472,192.61213711497552,190.7005725476506,191.9161834716797,401500
2018-08-30,190.57992378726453,191.94399387173374,189.9767555511759,190.4128875732422,352800
2018-08-31,189.57772817021979,190.83972436292294,189.02095973021179,190.273681640625,388400
2018-09-04,184.70605024393265,185.49478899935045,183.10999585046346,185.1050567626953,693000
2018-09-05,183.54613096876187,183.8709007586149,180.20554865546777,181.0592498779297,633900
2018-09-06,177.7558127908853,178.28474428234802,170.21167182013716,171.15817260742188,2100300
2018-09-07,168.14234180639838,171.1395772081639,167.28864065193173,167.83612060546875,889600
2018-09-10,174.10897119854152,174.18320792047538,171.27875812134405,172.2902069091797,1003600
2018-09-11,169.3115777613804,170.6014110458754,168.21660353239028,170.15599060058594,610500
2018-09-12,164.5976473564188,164.69043266110998,160.24561586075316,162.73248291015625,3094700
2018-09-13,169.1724242240518,171.32524781305713,168.09601242954915,168.884765625,2444700
2018-09-14,170.22095689369152,171.6778122585856,169.13527108235735,171.0653839111328,1095400
2018-09-17,170.78699064481222,171.70564019707064,169.5806684206482,169.8961639404297,574900
2018-09-18,171.39943150934295,174.09044600325703,171.39943150934295,173.12539672851562,687000
2018-09-19,173.2274286979687,175.64007273901095,172.85625922667344,175.42665100097656,1053800
2018-09-20,177.4124574602627,178.21975893914606,176.1597355744284,177.6908416748047,561200
2018-09-21,175.78857530991434,176.40101778228717,174.41523104758346,174.85134887695312,1116700
2018-09-24,177.0134295861903,177.77434546439113,175.78855891489295,177.67227172851562,509400
2018-09-25,178.275417572581,178.48885347553798,175.5287294293534,176.50306701660156,515600
2018-09-26,173.33882609635492,177.5145472135407,173.14395288083358,175.1947021484375,701000
2018-09-27,174.55441735750352,176.15974612934838,174.21108482921565,175.13902282714844,298700
2018-09-28,172.16031578456273,174.70287070321882,172.09536749498116,174.47088623046875,609800
2018-10-01,177.1155110355785,178.64661714039192,175.85351486397894,176.3824462890625,513900
2018-10-02,174.70286306808748,178.47956275661545,174.70286306808748,176.4566650390625,421000
2018-10-03,177.477409000498,178.479583695659,176.25253825699653,177.98777770996094,826600
2018-10-04,177.18049923996685,177.3104100047832,171.57574530826346,173.95127868652344,610400
2018-10-05,172.50363417076596,173.5058087102216,168.50422445298753,170.54568481445312,691200
2018-10-08,167.95673190790302,169.7012594001024,166.74113572697075,168.5877227783203,603900
2018-10-09,167.6597822227741,170.70343100296827,167.39068651118453,169.76620483398438,596000
2018-10-10,162.02726836619607,163.7996334933895,159.46616436822828,159.53111267089844,1515900
2018-10-11,163.400610127163,167.19587340689415,157.36901271723096,159.4011993408203,1665300
2018-10-12,162.8160591434168,163.6326352131091,159.0022321922658,161.72108459472656,906100
2018-10-15,160.9229957783315,162.5004874437313,160.37551579220494,160.85804748535156,672600
2018-10-16,165.52561364732713,169.10745551422946,164.96884508718603,168.6249237060547,823600
2018-10-17,174.06260274332723,175.61225742413387,170.10030372352506,171.67779541015625,1709500
2018-10-18,169.23734171316696,169.62707398498247,163.17790753611163,163.7253875732422,847700
2018-10-19,163.49336571558482,165.39564106614318,161.19208390142245,163.09434509277344,740400
2018-10-22,163.74394274317552,164.26358574828646,161.70246785279684,163.62330627441406,518600
2018-10-23,155.45745508106654,161.85094746111432,155.2069078515337,160.48687744140625,1260800
2018-10-24,155.24396839382763,155.6151377822964,146.5677458861256,146.7626190185547,1942800
2018-10-25,153.24897901840026,158.0185805184315,151.89419725554683,156.85865783691406,1067700
2018-10-26,152.55299486263007,156.96998861129583,150.56720819587005,154.23257446289062,876000
2018-10-29,156.37611827744865,157.47107833890317,148.82270340050613,151.59722900390625,745500
2018-10-30,154.13050550792212,157.20197798347456,153.72221052762933,156.58026123046875,1307500
2018-10-31,158.64029970589377,160.61679817954592,157.73091019676508,159.9394073486328,731400
2018-11-01,158.7052050536898,163.37273118001727,157.4246463244316,163.05723571777344,1352600
2018-11-02,165.23793367648767,165.80396228837847,160.36625896362,162.3798828125,948400
2018-11-05,160.06001832760163,160.99723053773945,157.48035202002183,160.40335083007812,567400
2018-11-06,161.7488807563772,164.86675320016758,161.50762195841648,164.64404296875,1493800
2018-11-07,165.41423018165497,165.65550313434161,163.4006063306909,164.634765625,1039400
2018-11-08,162.6953783480751,164.5790914376471,161.64680383131042,162.3798828125,1891400
2018-11-09,160.11568962776386,163.18716185255124,159.3733364659497,162.8531036376953,1748000
2018-11-12,157.87010774898104,158.00929279524016,155.0120568057004,156.821533203125,2888200
2018-11-13,157.59172057504625,161.17356201087904,157.2762250365683,158.57533264160156,1433100
2018-11-14,161.08075736547275,161.99942110185788,159.63317632089777,160.28273010253906,1166700
2018-11-15,157.24836781546435,164.0594288220513,156.7843988505599,164.05014038085938,2028800
2018-11-16,157.83296385873555,158.714502086886,155.79150318322678,156.81224060058594,3096800
2018-11-19,156.12561796744606,156.39471384265494,151.61583729218125,151.80142211914062,1476500
2018-11-20,145.7233620986497,151.33738924524337,145.29651859230478,149.7042236328125,2125600
2018-11-21,152.46016172581298,154.5016217641286,152.08897816298867,152.0982666015625,1074000
2018-11-23,150.43730059131053,152.67363451841703,150.43730059131053,151.8663330078125,742800
2018-11-26,153.23965262356904,155.5780599188886,152.4508998046756,155.3646240234375,1056800
2018-11-27,154.71507947067164,156.0513122894153,153.69435629355965,155.34608459472656,544300
2018-11-28,158.00928183459916,161.85094459618924,155.66159982247245,161.74887084960938,613300
2018-11-29,160.097154985613,160.765271532511,158.64029957030166,159.15994262695312,1079700
2018-11-30,156.78439570664383,159.0949520436417,156.22762729623943,159.00216674804688,1360900
2018-12-03,161.3312705723787,165.35851732846595,160.65387992575018,164.85743713378906,2413300
2018-12-04,162.9366178710703,163.60473431398347,157.17413124995556,157.41539001464844,1625300
2018-12-06,152.67360369848848,154.5016422804289,150.56718094726443,154.36245727539062,1097300
2018-12-07,152.9706036230453,153.96349004136832,147.44936052219566,148.03396606445312,1412200
2018-12-10,149.8805771830373,151.3281584627638,147.3658585122827,149.77850341796875,915800
2018-12-11,152.0147967369406,152.9705716610879,148.89692476170796,149.83413696289062,1475500
2018-12-12,154.36249354909972,155.28114311664038,152.86851278738703,153.3139190673828,917700
2018-12-13,153.1283093955319,153.67578933391303,151.9127130662012,152.26531982421875,698200
2018-12-14,150.706385757522,152.34882551533383,149.23096801201342,149.4258270263672,692500
2018-12-17,149.39800972571996,152.36740832942033,148.11745082569533,149.02684020996094,686500
2018-12-18,151.42090526582209,152.8592118952891,150.11252353994914,150.86415100097656,710200
2018-12-19,148.4236677407495,151.2353185107008,142.2899975120815,142.7910919189453,1580600
2018-12-20,144.95320068288075,145.4635552536565,140.75891697355584,141.6775665283203,2719400
2018-12-21,140.83315663912248,141.5940584493786,137.33482635456576,137.7523956298828,1805700
2018-12-24,138.3926760374697,139.64539803087888,134.37470270302435,134.56028747558594,321500
2018-12-26,135.93363437718773,141.9837795713533,134.0870327731692,141.9002685546875,634500
2018-12-27,139.04219302932228,143.2828754642481,138.791660024302,143.26431274414062,725800
2018-12-28,146.18733982087392,146.3265390102402,143.60767342776597,143.9138946533203,676500
2018-12-31,144.7954176273924,145.71408120726863,142.85603089575065,144.4056854248047,356500
2019-01-02,143.16227391654672,145.91825091716254,142.75397892990583,145.03671264648438,602500
2019-01-03,140.2949592654023,141.25073434610496,136.75951747922107,137.0378875732422,1078600
2019-01-04,139.7938320468667,143.7932560914973,139.2277893895363,142.96739196777344,589500
2019-01-07,145.22230034456456,147.7834041862328,144.5913092864533,146.23374938964844,971900
2019-01-08,147.07814089355662,147.32868806344223,144.34072722296276,145.1573028564453,531700
2019-01-09,150.23315625958648,151.83849919126078,149.37018071759698,151.17965698242188,779900
2019-01-10,149.6670982033672,151.30027797517968,148.94330777148076,150.89198303222656,1028100
2019-01-11,149.86195081380993,151.59718992386576,149.2773454840235,150.344482421875,639600
2019-01-14,148.56286669091577,148.7948511709708,146.855450156712,147.2544708251953,680200
2019-01-15,147.46785001608856,149.2958883240007,146.87397048493776,147.75550842285156,482700
2019-01-16,147.69990843236968,147.9040559509138,145.86259492468466,145.94610595703125,537600
2019-01-17,144.55416652856658,147.19879523650943,144.0345235642908,146.1873321533203,953000
2019-01-18,147.7091639216716,152.1911061570778,147.41223112470598,150.9755096435547,1664700
2019-01-22,149.30521098624763,149.39801044523904,146.58635958015546,148.006103515625,968500
2019-01-23,151.56012820060715,152.22824475048165,149.08253522782732,150.43731689453125,1458900
2019-01-24,155.4574283945119,157.32257839389473,155.23471821102416,156.72869873046875,1385700
2019-01-25,160.7281814789614,164.09658750887743,160.18997562510515,163.9295654296875,1352900
2019-01-28,159.36406788519744,162.78814701095197,158.90009891236676,161.6003875732422,2261100
2019-01-29,161.86947395098605,162.18496940838895,159.91152460419795,162.0272216796875,966800
2019-01-30,162.5283092756864,164.7924799022905,161.2199276640638,164.4213104248047,687600
2019-01-31,162.12004414992597,163.79032111891118,161.70246074847034,162.41697692871094,562100
2019-02-01,164.05016696117625,165.75758378966867,163.48412416591108,165.55343627929688,795000
2019-02-04,165.57195480353977,166.76900263890056,165.04303755661041,166.6205291748047,543000
2019-02-05,166.85252074558858,169.00534358886785,166.62053625778054,168.52281188964844,650800
2019-02-06,170.7869520474134,173.57076540056045,170.75911504661846,173.3944549560547,1554900
2019-02-07,170.33223346975058,170.74980258212867,167.31643609483515,168.0495147705078,1474500
2019-02-08,165.2749959820744,168.4856668808039,165.02444882080775,168.02169799804688,633100
2019-02-11,166.4906102174688,166.92674214722246,165.2379025939023,165.6554718017578,653300
2019-02-12,167.32578873488578,170.05391459014578,167.32578873488578,169.61778259277344,901600
2019-02-13,169.46000649194053,170.36939578416326,168.96820056169324,169.17234802246094,653800
2019-02-14,169.97967676478984,171.54789425691732,169.49715919737392,171.04681396484375,1060100
2019-02-15,171.75203982793647,171.76132826976644,170.27662181640258,171.08392333984375,824400
2019-02-19,167.90111465841827,170.36943329353196,167.89182621593332,169.31158447265625,900500
2019-02-20,168.7640975401807,170.9911574733869,168.7084235197126,170.60142517089844,600400
2019-02-21,168.7084093708975,170.08175367771082,168.0866925957914,169.37652587890625,712700
2019-02-22,171.0282767223671,171.7891927953884,170.10033858017275,171.5664825439453,495600
2019-02-25,174.2667489300548,174.70288089700966,172.865553570992,173.51512145996094,737200
2019-02-26,171.95619426074805,173.0326057749287,171.38087721247007,172.00259399414062,660600
2019-02-27,171.78913974825255,171.78913974825255,169.13523691471252,170.85191345214844,387900
2019-02-28,170.1095847303099,170.61066497246125,169.41363129669426,169.69200134277344,318500
2019-03-01,171.12100001038075,171.91902702372298,169.96107784908142,171.7705535888672,389800
2019-03-04,172.00251493466368,173.27378492186986,170.33222441474055,172.28089904785156,558300
2019-03-05,171.34370884472747,172.3922830880729,170.8797399454358,171.23236083984375,258700
2019-03-06,171.01896442056173,171.09320115453986,167.99387768759226,168.10523986816406,499300
2019-03-07,167.14947301762035,167.16802158260577,164.1800601516006,164.72755432128906,648300
2019-03-08,163.2799563582805,166.0730442928248,162.91806114975674,165.95240783691406,415700
2019-03-11,165.48846881855803,168.97752495645986,165.46063180973104,168.04029846191406,609900
2019-03-12,168.8846974431432,170.30444129440656,167.78044907900312,169.35794067382812,509000
2019-03-13,170.50861139752053,170.73132161992694,169.24661512230514,169.37652587890625,418500
2019-03-14,170.04461478944592,171.00038966343848,169.56208313214995,170.08172607421875,524100
2019-03-15,174.1182730386565,179.05490963457984,174.09043603342613,178.91571044921875,1445100
2019-03-18,176.79999536312056,177.63513375468477,175.7328725117654,176.90206909179688,589500
2019-03-19,177.7835895040744,178.67441597101748,175.74212929303752,177.05979919433594,683400
2019-03-20,176.7628891417738,178.80434961455606,174.81421396004043,177.3660430908203,584100
2019-03-21,176.26180943826256,181.3747565660069,176.25253515614807,180.35401916503906,770100
2019-03-22,177.57020877833577,178.06201476491518,173.94196795271748,174.22035217285156,937000
2019-03-25,172.90267944335938,174.3966601050868,171.83554230829156,172.90267944335938,1028700
2019-03-26,172.77274915882393,174.40591466429282,172.66140114867153,173.79347229003906,414800
2019-03-27,173.64502556877662,174.41521573291345,169.9054369255156,170.79624938964844,786700
2019-03-28,170.36939325192543,171.6406635630045,169.599203144878,170.9261474609375,312100
2019-03-29,172.85624916170818,174.8420354518468,172.13245882338146,174.4987030029297,687400
2019-04-01,177.45886304573926,179.09202878082922,177.01344262408853,178.6094970703125,647500
2019-04-02,180.00138595652842,180.1869707006442,178.49813112221997,179.87147521972656,498300
2019-04-03,182.95224230944842,184.37198618347875,182.41403662084994,183.49044799804688,691700
2019-04-04,183.96371411131054,184.67823035768376,183.20279813167997,184.0843505859375,437500
2019-04-05,186.11652437918417,187.18364737492183,186.0515619252335,186.87742614746094,503300
2019-04-08,187.4434864099628,189.00241554011942,187.10015386184256,188.8910675048828,503600
2019-04-09,187.53628540344698,188.38069826720263,186.580510345526,187.0444793701172,708300
2019-04-10,185.67111495062332,186.25572043394095,184.27920792117033,185.39273071289062,611600
2019-04-11,183.47189813687626,184.89164211043288,183.07287744356023,183.64820861816406,453300
2019-04-12,187.28569739588886,188.26003496727174,186.2092860949476,188.20436096191406,430900
2019-04-15,186.7753042453912,187.1928733900015,184.66888164404708,185.43907165527344,389400
2019-04-16,186.868129321496,189.7261796071284,186.58974513382384,188.9467010498047,755200
2019-04-17,193.36372764245272,193.8462452144878,186.12580831061186,188.70547485351562,1280500
2019-04-18,191.20164233093365,192.11101767578964,189.83757223404405,191.0717315673828,1007900
2019-04-22,189.87465156937998,191.03457396272083,189.04878739168961,190.7005157470703,357500
2019-04-23,189.40142363561569,191.25729961493317,189.32718689733778,190.4963836669922,438200
2019-04-24,190.7469273417469,192.8347877796543,190.41286910531332,190.6077423095703,485700
2019-04-25,191.953251681364,192.37082094176677,189.31791120851867,191.35009765625,756700
2019-04-26,192.3320783114474,194.5758112188028,190.74550297267632,194.5194854736328,637900
2019-04-29,193.30843173912933,194.5758039328791,192.51044551254014,193.77783203125,365800
2019-04-30,193.99378172131182,196.21873486108268,193.6651957367634,196.04037475585938,337500
2019-05-01,197.07301331762878,197.96487099134106,193.74026843958416,193.75904846191406,391200
2019-05-02,193.8998631337058,194.78233796017446,191.59980460565097,193.3271942138672,405500
2019-05-03,194.1158067455793,195.91830220340086,193.59946354347824,195.90890502929688,345200
2019-05-06,189.86302974098695,192.96106011808016,188.7458547865381,192.61370849609375,413200
2019-05-07,190.5765096461336,190.5765096461336,186.26741860493294,188.4078826904297,623100
2019-05-08,189.34669742436176,191.11164715609493,188.60503692008646,189.10260009765625,573400
2019-05-09,186.23926648925854,187.70379312443612,182.8220328988575,186.8119354248047,688000
2019-05-10,185.9857605960316,187.76009290094723,183.46976790218062,186.57720947265625,780200
2019-05-13,181.56401299784815,182.1085190129246,178.29699123234826,178.78517150878906,994000
2019-05-14,183.38530052158228,186.79315118611237,182.812631598961,185.92005920410156,1036700
2019-05-15,183.19749770208858,189.73155436888305,183.02852051693452,188.3515167236328,711300
2019-05-16,188.26707825149762,191.20552890437682,187.81645794521265,189.7691650390625,708600
2019-05-17,189.50628479161074,191.94717201851532,188.4642155795424,188.8866729736328,700300
2019-05-20,182.00525665589217,183.31958601084014,177.31125394170536,178.82272338867188,1287300
2019-05-21,182.59673969884074,183.21635161087397,181.26364439792692,181.89263916015625,736600
2019-05-22,179.76151353148055,181.9770832573942,179.76151353148055,179.80845642089844,505300
2019-05-23,177.96843344519786,179.74276597456705,177.24555298509634,178.95416259765625,835500
2019-05-24,180.2215368385789,180.86931148889857,178.06229277916643,178.18434143066406,432200
2019-05-28,180.8317487546072,181.54524630663929,179.20762789135745,179.301513671875,665700
2019-05-29,177.02023315429688,178.44721403142034,175.46182077039623,177.02023315429688,1154100
2019-05-30,177.57414220577982,179.5456293561456,177.2549534138041,178.26885986328125,465300
2019-05-31,177.07658233532322,178.26886322780717,176.19410739088445,176.54147338867188,777300
2019-06-03,177.0390436876845,178.23132462782996,174.9079620159202,175.53695678710938,527300
2019-06-04,177.4051522721757,178.89784180286077,176.59778317523956,178.80397033691406,922600
2019-06-05,180.0901000165363,180.446848787319,177.2549185210117,177.80880737304688,356400
2019-06-06,179.0011512940651,181.2824447441043,178.57869378849156,180.96324157714844,399300
2019-06-07,183.65758682484295,186.3143945436422,183.0285920703866,184.5869903564453,482300
2019-06-10,184.2583830374415,187.22498180922622,184.1551144067017,186.1265869140625,755900
2019-06-11,189.97564179060842,190.25728476414534,186.87759773161574,187.8539581298828,520400
2019-06-12,187.33768697519932,187.33768697519932,184.69026206268134,184.77476501464844,464500
2019-06-13,185.65722383509942,186.01397269000654,184.95312330039036,185.8168182373047,268300
2019-06-14,179.82725622819135,181.31994573119533,178.84151274178788,180.26849365234375,482300
2019-06-17,180.24971920818763,180.65339659918317,177.94026337785002,178.03414916992188,476400
2019-06-18,177.89334491736858,183.81717487978403,177.89334491736858,182.8032684326172,1358900
2019-06-19,184.44617903190198,186.08908029570986,183.36656393138455,184.77476501464844,358200
2019-06-20,190.67980055771395,191.14920088262338,188.22014743917597,189.31854248046875,431100
2019-06-21,188.98053671816132,190.3887374175143,188.1450048762102,189.89117431640625,562900
2019-06-24,190.94260643095132,191.38384375026936,189.5250230310944,190.3887176513672,476800
2019-06-25,190.38875545664413,190.66100131466573,185.99516140939622,186.85885620117188,535400
2019-06-26,191.8814697265625,192.42597583801222,190.6516431321508,191.8814697265625,784500
2019-06-27,192.16310486843562,192.95169396630027,191.59981875569753,192.4447479248047,345100
2019-06-28,196.4628071679799,196.93220747179072,194.91377757042784,195.20480346679688,405000
2019-07-01,202.752780767546,203.33483259586268,199.9363787725252,201.81398010253906,634200
2019-07-02,201.3915237364363,202.09562423892598,200.30251152126152,201.29763793945312,572400
2019-07-03,200.74375915527344,201.64499982215415,200.3306845475522,200.74375915527344,297100
2019-07-05,196.70686911450338,197.50485527555372,194.510079365792,196.9134063720703,428600
2019-07-08,195.8056511499853,196.68811169513398,194.1627500737063,195.29869079589844,425300
2019-07-09,193.2896538565296,194.62274898191697,192.73576494368504,193.96559143066406,530000
2019-07-10,194.80111170237413,196.50033838474832,194.3035485630588,195.38316345214844,986500
2019-07-11,196.7820383756716,196.91346991608543,194.61341079636105,195.9652862548828,269600
2019-07-12,195.3080521439433,196.2656326768308,194.68845469321278,195.43948364257812,427400
2019-07-15,195.57094044954624,196.38769235657776,193.43985915739393,194.1063995361328,681300
2019-07-16,192.82961603068725,194.2659796426936,191.8532698184252,192.4541015625,639200
2019-07-17,204.32992908490633,206.14182155200015,202.03926783072146,204.3487091064453,2050400
2019-07-18,208.12267161406405,213.09831680575948,208.01002014537048,212.77911376953125,1750500
2019-07-19,209.53089295985382,211.16439671702022,209.4557871983235,209.9345703125,790500
2019-07-22,211.5024169124587,214.15922478219196,211.5024169124587,213.802490234375,787500
2019-07-23,216.74090492492013,217.17275953376398,215.28577535427107,216.12130737304688,831100
2019-07-24,216.10248814928755,220.14871598911975,215.93349661127684,219.7356414794922,786500
2019-07-25,218.5152262423317,218.71238067469162,215.66127867242415,215.97108459472656,521700
2019-07-26,218.0082437195571,218.1866180987478,216.70331165463773,216.7220916748047,399700
2019-07-29,216.4967938047474,217.10700842774327,215.351455996235,216.8347625732422,325900
2019-07-30,213.72732991954751,215.3702308303036,213.41752402880985,214.36570739746094,462000
2019-07-31,213.1640664527519,213.44570950370115,207.67209142156443,209.17416381835938,519500
2019-08-01,212.15017991585003,215.89599989657336,205.76633223847378,207.88803100585938,834200
2019-08-02,208.9206653113132,208.9206653113132,204.8368915681825,206.45162963867188,555700
2019-08-05,203.13771516145843,203.17526088926826,197.42980476185,199.14781188964844,693900
2019-08-06,202.38665110008387,203.28789172550245,199.542086202734,201.73887634277344,481400
2019-08-07,200.49963222849053,203.00622787659384,199.40122302346106,202.499267578125,428700
2019-08-08,203.6258048693518,207.05243498893478,203.4098847842687,206.5642547607422,627600
2019-08-09,203.56008851655739,204.05765157294383,200.1710185650635,202.77149963378906,415100
2019-08-12,202.8278310116765,203.35355694815885,200.6216443229122,201.32574462890625,292000
2019-08-13,199.70165633620223,207.28716658254257,198.45304987198813,205.7850799560547,587600
2019-08-14,197.91799008107958,199.26046833925568,194.39748710688778,195.94650268554688,914100
2019-08-15,196.52852801662934,198.39674649928034,194.87624400116806,197.01670837402344,671500
2019-08-16,196.4815730113906,200.2743354909635,196.29381575471956,199.82371520996094,574500
2019-08-19,203.55077859476563,204.12343328090023,201.96420308902415,202.48992919921875,329200
2019-08-20,202.4429593832885,202.98746544644365,200.9784327496106,201.5511016845703,275200
2019-08-21,205.2312009629507,205.2312009629507,203.2597139612091,203.74789428710938,298100
2019-08-22,203.0719249875338,203.56948808479058,200.5841095012499,202.086181640625,376100
2019-08-23,200.55598909483066,203.25034239852795,196.77262359017598,197.61753845214844,591500
2019-08-26,200.77194849902193,201.3164547059868,199.3168043299735,200.8939971923828,296800
2019-08-27,202.13317412132764,202.47114294247433,200.05843261995176,200.9690704345703,359700
2019-08-28,200.13353981117385,202.724639085429,199.35434778373113,202.5462646484375,317500
2019-08-29,206.58309440293368,208.2917042073008,206.09491403384519,206.2920684814453,370300
2019-08-30,209.60595504357957,210.3006581242935,206.64872539001007,208.98634338378906,357600
2019-09-03,207.14633572886373,208.01942768976986,205.50343476555992,206.55490112304688,598700
2019-09-04,210.98604179754898,213.5301832785347,210.4603014540075,213.3612060546875,432700
2019-09-05,221.8855122260228,223.4626902491891,221.27528328316302,222.58021545410156,982300
2019-09-06,223.61288400925696,225.41537917467,222.65530352842688,223.96023559570312,872100
2019-09-09,224.44844393846392,227.49016296859273,224.2700695366255,226.5607452392578,536700
2019-09-10,225.37787145241188,226.87994384765625,223.53781593640883,226.87994384765625,735500
2019-09-11,226.88937860560713,230.2315216064453,226.4763182717616,230.2315216064453,782500
2019-09-12,230.1000154479338,233.01968566688413,229.6306151833113,231.72413635253906,828000
2019-09-13,235.03812063188624,235.8548725763029,233.1699022662522,233.75196838378906,934000
2019-09-16,231.02005643892886,232.1935572045332,230.37228172432157,231.14210510253906,398900
2019-09-17,230.62573681621214,233.2168210678563,230.19388227845866,232.91641235351562,730000
2019-09-18,233.48908350876712,235.20707585349504,231.51759668782555,234.5029754638672,519400
2019-09-19,235.1038356758601,236.68102818847865,234.31524658203125,234.31524658203125,394700
2019-09-20,235.35728618219707,235.5262777238303,229.6963202242666,230.74777221679688,819500
2019-09-23,231.1233158282432,233.99604329546372,230.79472989704192,233.27316284179688,296100
2019-09-24,233.51723727989764,234.64379499441665,230.1375498113821,231.31105041503906,605600
2019-09-25,227.81877545484718,232.85074802954261,226.41057433496928,232.38134765625,518300
2019-09-26,234.28705771932943,234.36216348064264,231.3861675227829,232.86007690429688,615100
2019-09-27,231.94946016167913,232.86948069523237,226.55135696666247,228.7950897216797,564500
2019-09-30,229.9873813523051,234.14627571923495,229.83718413388692,233.21685791015625,495000
2019-10-01,233.9209181511271,234.85971864825805,229.7056987620239,230.37225341796875,655300
2019-10-02,228.58856982871933,228.6167327015329,223.7067951082759,225.5843963623047,710100
2019-10-03,226.1664436203539,229.89348294460805,223.94147657901115,229.3959197998047,531000
2019-10-04,229.50858864498983,231.28292124323164,229.23632844329777,230.9824981689453,518000
2019-10-07,232.2686475469919,234.16501434429455,232.05271310648988,232.2780303955078,515900
2019-10-08,229.11428509585872,230.5694288641814,226.72972359358442,227.2648468017578,576700
2019-10-09,230.53184014154155,232.77557268230828,229.85590266001734,231.19839477539062,431300
2019-10-10,233.89278136162474,238.68067016083333,233.17929806123584,236.09896850585938,835700
2019-10-11,242.5860633712029,246.39759142189823,241.9664515523813,244.08815002441406,1034300
2019-10-14,243.919183615252,245.96576208794156,243.23384884966129,245.6278076171875,731800
2019-10-15,247.31756928574023,252.9034428912142,246.91389200666586,251.16665649414062,1265400
2019-10-16,244.3322235014612,244.7452980070361,238.0140859206641,238.8965606689453,1720200
2019-10-17,240.51133447221892,241.4313693989258,237.76064119128628,238.23004150390625,1543900
2019-10-18,238.44596252245805,239.67578898021353,236.88755013440394,238.84963989257812,1640900
2019-10-21,242.0040659661937,245.0270056493203,241.3656883063847,244.49188232421875,790400
2019-10-22,242.97102560076706,244.34166670642364,239.45991988014194,239.66644287109375,797300
2019-10-23,239.25333012179098,242.16361760815946,238.07043223993136,241.891357421875,917100
2019-10-24,244.83914161245949,249.23274941545574,244.69832727740862,248.7539520263672,642300
2019-10-25,246.38823677412663,248.50053819137509,245.8531135391092,247.83396911621094,550500
2019-10-28,251.02588659634424,251.93649560335808,249.60828863299648,250.19973754882812,683000
2019-10-29,252.4247276923332,252.78147652944926,248.068678849539,248.4066619873047,501900
2019-10-30,247.0547451460027,249.73970084716916,245.102024045229,249.39234924316406,494700
2019-10-31,249.06376945674347,249.06376945674347,245.32736167867512,245.9375762939453,630600
2019-11-01,250.8568962353823,254.26474694209776,249.87116708133806,254.03944396972656,617600
2019-11-04,257.0283087258998,259.2912080595543,256.53799420781843,257.5751647949219,664600
2019-11-05,256.29292381381396,258.28238117671975,255.51975749415416,256.2740478515625,382700
2019-11-06,254.15249151886275,254.69937630900614,252.51189469707936,253.38876342773438,909500
2019-11-07,253.7093915127863,255.30285632793766,251.93680649693582,252.361083984375,560900
2019-11-08,250.60732126324186,252.87965860693006,249.57015066196746,252.02163696289062,743400
2019-11-11,250.94685160222895,252.21030405334176,249.98512686986103,251.4842987060547,451700
2019-11-12,252.8797050315416,253.77542120782883,251.38050479327768,252.30453491210938,336100
2019-11-13,252.71945831131248,255.03892893329206,252.04058535191137,254.5015106201172,422800
2019-11-14,253.30395738067523,255.01056283333648,252.83251877443,254.32228088378906,539200
2019-11-15,258.64060661679594,259.78147981401037,257.95229599734614,259.2629089355469,667900
2019-11-18,257.4714876818405,260.45098313041,256.2834531846504,257.8486328125,430700
2019-11-19,257.35841204804865,257.63182579162236,254.95405728070756,256.0383605957031,465200
2019-11-20,255.80259849406747,256.4626241099654,251.74823763735577,253.51141357421875,408800
2019-11-21,254.05829546138114,254.1148657964252,251.3616514688469,251.77651977539062,652100
2019-11-22,254.45436047068532,254.79381135221698,249.68340235733112,251.0128631591797,616000
2019-11-25,253.03055792106204,256.22692602613176,252.81371454091905,255.66119384765625,409800
2019-11-26,258.0843798427858,258.19752051670577,255.71774857407428,255.96290588378906,445600
2019-11-27,255.70836181257707,256.1326393770186,254.65231495651952,255.9723663330078,383300
2019-11-29,257.8108899368067,257.8108899368067,254.9822585118426,255.16140747070312,267600
2019-12-02,254.6805724828383,254.77486596725723,248.84418849591762,250.4187774658203,764600
2019-12-03,248.10874997785615,249.86248796852186,246.19468140892718,249.7116241455078,929800
2019-12-04,253.5962516303916,254.9634351231188,252.8231141705674,254.35057067871094,447100
2019-12-05,257.22634732247354,259.4609618623432,255.8968869106065,258.197509765625,639200
2019-12-06,264.7599194075964,265.8630984471238,262.6856067291099,264.0904846191406,724600
2019-12-09,266.00453868863394,266.3628366657411,261.5824418593872,261.66729736328125,427200
2019-12-10,262.01619068855814,264.2696525071345,261.3938882081859,263.1664733886719,380000
2019-12-11,262.5347317410188,268.1165486911761,262.5347317410188,267.8148498535156,465600
2019-12-12,265.60863212025794,270.869876481226,265.2314580598047,270.8321533203125,856800
2019-12-13,272.04833013269587,275.1598130715016,270.70943198201644,273.3306579589844,723000
2019-12-16,274.59411371414933,277.15874062869983,274.59411371414933,276.2347106933594,552800
2019-12-17,280.0157266694866,280.1194293666428,276.3196347847983,277.9979553222656,401100
2019-12-18,277.98856671972453,278.7711711754012,275.2353804733809,275.4710998535156,478500
2019-12-19,274.04730298948266,275.159891384927,272.6235777213352,275.1504821777344,410100
2019-12-20,276.02729204851755,277.5453104834606,275.6124237909732,276.8193054199219,824600
2019-12-23,278.6202385717271,280.4305756251832,278.5731062170651,279.22369384765625,424900
2019-12-24,277.1964263880491,278.3278904053985,274.6600847148564,278.0827331542969,219500
2019-12-26,278.18650257113484,279.61022760436265,277.4227743261838,279.4122314453125,191300
2019-12-27,280.4588317292435,281.44884126920283,279.23307411741047,279.723388671875,317000
2019-12-30,279.48773679605495,279.7517413220193,276.8759479336316,278.0451354980469,338900
2019-12-31,278.1299106945397,279.55363561747816,276.60242554863567,279.0350646972656,298900
2020-01-02,284.0605776279198,285.9934929752077,283.4382752800852,285.5314636230469,573600
2020-01-03,281.0151838808701,283.5703735373943,280.6568858706783,280.9303283691406,410800
2020-01-06,276.42333931537144,278.8276648216006,275.7255905755673,278.6956481933594,617600
2020-01-07,281.6092408935584,284.0135670541407,280.4212060133779,281.7223815917969,477700
2020-01-08,283.48548375220605,285.8709620968664,282.8066109661118,284.6452331542969,536900
2020-01-09,285.95582880603195,286.5498461139376,283.1177589012971,284.16436767578125,579700
2020-01-10,282.91028257306516,283.3440267875918,278.6767732991578,279.2613525390625,447700
2020-01-13,281.6185281532846,284.3905891570983,280.5059400699378,284.2303161621094,405700
2020-01-14,282.06174000802673,288.4261618161482,281.4205903465297,285.26751708984375,609600
2020-01-15,284.3717904993511,285.6446805692207,282.62746179429496,282.9385986328125,505300
2020-01-16,285.26756176798307,285.6352977861702,282.4389294102466,283.88153076171875,547500
2020-01-17,283.71180068452094,283.85322653804855,282.17490593607374,282.90093994140625,743900
2020-01-21,281.0810802874982,284.04172821232544,280.47765390224424,281.3545227050781,573000
2020-01-22,283.39119132938265,284.4283620862267,279.1011112400248,279.327392578125,1108600
2020-01-23,279.96855590726045,280.12885771247284,274.9053092993988,277.5076599121094,713000
2020-01-24,279.9309035843466,282.23149811989015,277.66797465543476,278.9314270019531,977800
2020-01-27,270.7565978938634,272.13319043561654,267.5602306375747,268.0411071777344,889100
2020-01-28,269.87974783164856,273.6795417476347,268.8708623348305,273.6040954589844,1636100
2020-01-29,279.15768553166436,281.2508742617552,276.93248016958984,279.22369384765625,965500
2020-01-30,274.17934340640727,277.86599771120325,273.9436240424766,277.56427001953125,794100
2020-01-31,271.5486764933426,271.78439583057644,264.16595951188646,264.6279602050781,1272600
2020-02-03,267.42832098166383,272.3501421498849,267.13603129024915,271.6995544433594,823200
2020-02-04,278.06390971501435,282.1654311602265,277.42276014512066,282.13714599609375,795300
2020-02-05,289.79339775589875,289.79339775589875,285.7390073479601,288.8222351074219,1042000
2020-02-06,289.96310418796145,291.9242766444939,289.10508224624834,291.8677062988281,698000
2020-02-07,287.266464701318,288.1716189314345,285.88043379848295,287.54931640625,1775900
2020-02-10,286.672451345341,292.0091408560597,286.6347281927125,291.9902648925781,373000
2020-02-11,295.1583021009742,298.20377719985044,295.13001693447575,297.9586486816406,789900
2020-02-12,297.6003706850435,299.5615428339207,297.2420727024765,299.3069763183594,656100
2020-02-13,296.9591408588573,300.1837642828576,296.0822433266316,299.12774658203125,742200
2020-02-14,299.2409718245331,300.985300629444,296.54435648857645,298.2320861816406,661400
2020-02-18,289.8404783728933,292.48996130321416,289.35963051294203,291.518798828125,757100
2020-02-19,293.37628292262104,299.4861385348926,293.23485707439715,299.2598571777344,1093900
2020-02-20,297.8078038201491,298.4960858401874,292.70683412523726,295.5637512207031,1118400
2020-02-21,292.48060472358287,293.07459336334193,287.32306377609183,288.5205078125,1134600
2020-02-24,272.5387246347957,278.36572934146255,271.8032813498836,273.8116149902344,1347400
2020-02-25,278.6672983505506,279.02559623052736,268.19194822195294,268.3333740234375,1166700
2020-02-26,272.91587147293615,275.6124869910009,269.2763497925142,269.96466064453125,861100
2020-02-27,262.9306948515266,270.46430246303316,260.1115015243363,261.3938293457031,1373900
2020-02-28,252.5119033323308,261.6106612135168,250.78645097189641,260.90350341796875,1647400
2020-03-02,263.64725091791263,271.06768798828125,259.7343172892725,271.06768798828125,1081300
2020-03-03,276.1970330392354,279.89312461498787,266.0988254888663,268.05999755859375,1916300
2020-03-04,275.6879239853128,284.7395235851795,273.41558610399767,284.3812255859375,1289500
2020-03-05,274.4150599594594,279.0351536903088,269.70067272913633,271.784423828125,1453900
2020-03-06,268.21093802310975,271.7750139873092,265.2220323232215,271.6524353027344,1148400
2020-03-09,250.2867249963805,260.5829262919669,248.78752516209613,248.83468627929688,1759600
2020-03-10,262.11053767709666,264.33574380004154,249.86256672720148,263.7794494628906,1699200
2020-03-11,256.9435302589532,258.6595452636492,245.67613378513934,249.05165100097656,1175900
2020-03-12,231.4009309148122,240.3016943777626,223.98049162706286,226.99769592285156,2779800
2020-03-13,242.37602629538046,243.13031659408935,220.48241515440517,242.27232360839844,2637200
2020-03-16,208.04584926455135,234.03155708661572,197.64591485756316,216.25831604003906,1496800
2020-03-17,218.32324177537393,226.27169051155394,212.16625415500815,224.72537231445312,1642500
2020-03-18,201.17232540402767,213.36372344772343,180.32530522805803,185.7374267578125,3131900
2020-03-19,194.0535639885559,206.71641290266655,189.13174360607587,201.80401611328125,1634600
2020-03-20,212.28881083463574,223.76363983064763,203.27490646727003,203.7557830810547,2316700
2020-03-23,212.45855475734706,221.8590430769972,209.95049755631473,219.83184814453125,1731500
2020-03-24,239.80199098449728,245.64782750233724,236.47363518945212,245.34609985351562,1427600
2020-03-25,245.77987662185612,256.78324030807676,237.55796975083697,247.0998992919922,1211300
2020-03-26,247.87301789731774,261.30901891759373,246.66610737529697,260.13983154296875,1018600
2020-03-27,247.23185689921652,248.64617289568517,237.4259384119004,238.18966674804688,1518300
2020-03-30,248.51422636551942,254.6995003835462,245.7987345967589,252.71945190429688,1142400
2020-03-31,252.80426953874758,253.24742304257424,244.2052327425928,246.69444274902344,881800
2020-04-01,238.67055321868077,242.96063374148895,233.2490083423918,234.785888671875,715700
2020-04-02,229.93947861261137,237.56736677333657,228.41202201664075,233.15469360351562,788600
2020-04-03,232.00437618014809,233.83356036559962,228.62887386453968,230.63720703125,571700
2020-04-06,245.14804621320005,257.1980144107066,244.6011901554277,255.64227294921875,807600
2020-04-07,264.4393606785834,265.21252697386547,255.51974943768238,257.0189208984375,768200
2020-04-08,262.14814657939553,265.26906780723925,258.7349357217051,262.6667175292969,891700
2020-04-09,266.09880231430355,268.8425783963254,259.40436849530477,260.9978332519531,728900
2020-04-13,259.14984600241866,260.37557505052354,256.47207777513836,258.44268798828125,789400
2020-04-14,270.5963224943104,277.92249686418353,268.76713839682395,272.4255065917969,1700600
2020-04-15,261.10155905900547,268.2862785037735,259.33835457741594,266.3533630371094,1487600
2020-04-16,273.2741250063458,275.83875250536585,269.8232192859016,275.69732666015625,1212000
2020-04-17,284.0418072507042,284.2115182711882,276.8382103439356,278.7616882324219,899100
2020-04-20,274.99017213840307,280.98688702014147,274.792175952605,274.9241638183594,510100
2020-04-21,269.72898782673644,271.12442818615466,262.65740619669236,265.033447265625,663700
2020-04-22,273.43438265506546,278.5919219892221,271.7655004024461,278.1204833984375,596100
2020-04-23,274.320721949478,280.18541986338397,271.8409500647951,272.8686828613281,730500
2020-04-24,274.71474923228413,277.150191980546,270.99994205931813,276.5626525878906,464200
2020-04-27,278.4105406655505,279.32976377201265,275.0842746654609,275.67181396484375,689100
2020-04-28,282.01157419050463,282.01157419050463,275.8518401443475,276.1645812988281,532000
2020-04-29,280.7891472105169,288.80630027480987,279.88889557556394,287.8112487792969,968000
2020-04-30,285.58424270009147,285.7453561802097,272.0328377923982,273.33111572265625,846300
2020-05-01,269.0004384731865,269.0004384731865,263.63675448743663,264.45172119140625,862800
2020-05-04,264.9633772318031,268.40335696042246,261.5139117333433,268.35595703125,1036900
2020-05-05,269.4457626920631,277.66191466656676,269.4457626920631,273.2553405761719,821600
2020-05-06,278.50532253205665,280.2963688885486,275.5675969997899,276.6194763183594,552400
2020-05-07,282.3433324792903,284.4092061176634,279.1307795318838,283.9069519042969,570800
2020-05-08,284.50394197475447,288.569375114362,283.76477494210127,288.4651184082031,680600
2020-05-11,282.9687775375174,289.7918518017917,282.7318646341738,288.4556884765625,513600
2020-05-12,289.3938182595895,289.8865866259313,280.73226971100354,281.10186767578125,481700
2020-05-13,282.86455234077954,285.68856487452126,275.52973729036734,278.82757568359375,1142300
2020-05-14,271.1894953139082,287.85868497605514,268.4791964574633,286.7120056152344,1296800
2020-05-15,277.4250424657919,280.71339510801187,274.91377117880205,277.2260437011719,957200
2020-05-18,282.1064908344541,290.5121583936831,282.0780624348191,288.9295959472656,997000
2020-05-19,287.915566421437,295.6578651526753,287.8302812329208,290.2183532714844,687400
2020-05-20,301.58061717873755,309.1808010470145,300.9267353017903,308.59326171875,1084900
2020-05-21,305.71241923190837,307.47503736831237,300.6898482801559,302.2913818359375,639200
2020-05-22,299.4294140479174,302.7746223334864,297.8657950217496,302.6419372558594,365400
2020-05-26,305.57974481551906,308.3469003751236,302.66099044062395,303.1158447265625,540400
2020-05-27,302.29138039670744,302.8694629221526,294.82388101903734,301.85546875,808100
2020-05-28,304.44257147199505,311.85318522875207,302.6894101750005,303.2200927734375,797900
2020-05-29,308.41315777083116,312.70601742920536,307.26647876157796,312.2606201171875,649500
2020-06-01,306.92543808412046,310.03373451203777,306.56532580990483,309.6262512207031,526100
2020-06-02,314.32658928003633,317.482256661942,311.5594336388174,317.20745849609375,717200
2020-06-03,322.68487073033344,329.2710323077361,321.11176553002423,328.1717529296875,693900
2020-06-04,329.6405261782624,334.89052272774256,328.83501675091964,334.6251525878906,884600
2020-06-05,340.2068991323224,345.0967844955471,337.5155722586151,338.52008056640625,899200
2020-06-08,332.5972775549214,333.16587428926204,325.1487210671242,330.9673156738281,1001700
2020-06-09,328.4750541562405,334.6537622480891,327.11043328442344,331.0431823730469,737200
2020-06-10,332.63514872505095,334.91899221746,329.50788155037094,329.7069091796875,997900
2020-06-11,323.7178135129138,326.76925302125807,315.37846153555876,315.4637756347656,919300
2020-06-12,328.1338507473207,329.09095919325654,319.5955006165428,325.11083984375,845000
2020-06-15,319.84191549000235,331.68756103515625,319.0079774164182,331.68756103515625,598200
2020-06-16,332.8626178422386,336.41631127115926,328.87301278364566,333.6207275390625,863900
2020-06-17,342.46233554836334,346.6035683613195,341.5431123510686,343.43841552734375,710400
2020-06-18,340.7564782775714,342.8602655460174,337.85666730214933,340.0931396484375,494700
2020-06-19,345.6370452241984,348.86854127462726,340.766101177969,341.7895812988281,786900
2020-06-22,343.40995287993525,345.82645262061766,340.98396736990765,345.219970703125,554500
2020-06-23,351.20917084361406,352.33687864229006,347.3617073846136,347.447021484375,604100
2020-06-24,346.4519476687219,348.31882249204597,340.7091812416502,342.65185546875,613500
2020-06-25,343.4952280442411,347.7217454850724,339.808849959819,347.36163330078125,465100
2020-06-26,348.1955860590129,348.92529622776624,342.10219381361065,342.8224182128906,493000
2020-06-29,343.93117896755166,345.98759560888124,339.36349143798526,345.7127685546875,612800
2020-06-30,343.2583376100538,349.5981286456269,343.2299092210165,348.7641906738281,678600
2020-07-01,348.76422855267026,350.81115954575563,346.1487007970557,348.3472595214844,516600
2020-07-02,354.0046931578138,356.2032515856474,352.9148997133365,353.6824951171875,449400
2020-07-06,366.05894178032975,369.1008960075306,363.4244708925905,365.2818603515625,752900
2020-07-07,365.22482522975446,368.2667779716759,361.87961711442625,362.0217590332031,410900
2020-07-08,368.4753601832878,371.62157044702553,366.6369426793303,371.4130859375,599300
2020-07-09,374.7489251485773,374.96686655914453,365.8883748153769,374.05712890625,644200
2020-07-10,378.18885692368923,378.2931136571604,371.432124073607,375.1279602050781,667200
2020-07-13,377.0326276408879,381.7803711084069,367.56559801526475,368.2763366699219,1083600
2020-07-14,366.39055041914685,376.73888991295445,365.2344142860991,376.05657958984375,880100
2020-07-15,366.90227414136973,367.3950425506679,353.00969853891365,355.7768249511719,1640300
2020-07-16,354.5164409677423,373.2420154192852,353.3034481736342,365.0543212890625,2240900
2020-07-17,365.2533495472945,366.78854051335077,360.2118360903446,363.5096740722656,1048700
2020-07-20,363.81296409557325,371.9248602554446,362.07874530614157,370.9866943359375,972600
2020-07-21,371.61216093496375,371.7543029095582,363.1022380421397,363.7276916503906,823700
2020-07-22,372.06697728930334,373.8959379892139,369.3472217461138,372.04803466796875,710100
2020-07-23,369.6314906881818,373.5737247684709,361.8986791722652,364.1161804199219,990800
2020-07-24,351.58822158813325,355.5209698570769,347.57015922745,348.4325256347656,1628900
2020-07-27,358.20276543437035,363.69916124400453,356.56334692048466,361.79437255859375,1080300
2020-07-28,361.15951808999955,361.7565432759469,356.4970880169488,356.6581726074219,502000
2020-07-29,345.89285762112536,346.9921370225993,342.75613292452005,345.5327453613281,1446700
2020-07-30,337.2218211907344,343.826953873136,336.2836264590666,343.7416687011719,1010400
2020-07-31,343.002459561432,343.20145827161156,332.3792658090321,335.2032775878906,954900
