Date,Open,High,Low,Close,Volume
2016-04-01,25.727907226514123,25.8873618593355,25.5923697241455,25.871416091918945,18049700
2016-04-04,25.672104204002608,25.81561310095094,25.305359076171044,25.512649536132812,21581600
2016-04-05,25.42494375751791,25.60831552100285,25.289407775665545,25.43291664123535,20080000
2016-04-06,25.488729538959422,25.696019988017028,25.3292764001498,25.576431274414062,15740600
2016-04-07,25.424949280893838,25.432922166343328,24.994424111328193,25.15387725830078,23738200
2016-04-08,25.321304987473734,25.52859544858472,25.098068755352884,25.21765899658203,17031900
2016-04-11,25.43291974423162,25.783719067238696,25.24157507368383,25.249547958374023,19707700
2016-04-12,25.41697192686676,25.464809231153396,25.018336848511012,25.40102767944336,16774200
2016-04-13,25.488732115305552,25.656159676752054,25.472787864283614,25.616296768188477,19968100
2016-04-14,25.33725093997803,25.424949639815647,25.153877613395892,25.353195190429688,21620900
2016-04-15,25.345223460474894,25.424949273602117,25.018341239829148,25.082122802734375,28782800
2016-04-18,25.05820551439968,25.289413108270356,25.018341087406533,25.233604431152344,21566600
2016-04-19,25.273468175888222,25.36116687156093,25.034286182403235,25.193740844726562,33619300
2016-04-20,24.970505490182404,25.71993847542217,24.9146968126297,25.512649536132812,57629800
2016-04-21,25.464810436976368,25.560483529407854,25.361164460119575,25.488727569580078,28431400
2016-04-22,25.305351394204667,25.40102447001747,24.890770600135763,25.225624084472656,29625600
2016-04-25,25.002398551923207,25.114015913813848,24.874835418141764,25.026315689086914,19315700
2016-04-26,25.026313613739198,25.273468495533468,24.85091469950308,25.034286499023438,20976400
2016-04-27,24.914696460633767,25.353194510071965,24.86686066921762,25.313331604003906,20006200
2016-04-28,25.074147773302656,25.281436681944477,24.739294236821898,24.803075790405273,25146400
2016-04-29,24.603762705252137,24.611735590979315,23.99783707603897,24.141345977783203,36443700
2016-05-02,24.27688061778513,24.468225302374524,24.205126170980062,24.404443740844727,21086600
2016-05-03,24.24498489284359,24.364575109990803,23.9898586907503,24.205121994018555,27111100
2016-05-04,24.261415522326516,24.29358100311706,23.883462303643523,24.004085540771484,23278800
2016-05-05,24.02016872313652,24.140791958632747,23.923669214454947,24.044292449951172,23393300
2016-05-06,23.811085995020044,24.21316443987316,23.738711752241876,24.15687370300293,19632200
2016-05-09,24.189043149824084,24.261417404477044,23.931713148305924,23.963878631591797,16888300
2016-05-10,24.124707949100245,24.269456442204064,23.979959455996422,24.237289428710938,17013800
2016-05-11,24.25337820612164,24.325752468401685,24.100587926440657,24.172962188720703,15754200
2016-05-12,24.213168368068303,24.317708105814678,23.77892284095,23.931713104248047,20826700
2016-05-13,24.012126598512282,24.285540079442473,23.996043091679297,24.05233383178711,19999600
2016-05-16,24.044292967521603,24.575036442175747,24.028209460093855,24.438329696655273,21826100
2016-05-17,24.583074253670027,24.583074253670027,24.01212363581365,24.10862159729004,25709900
2016-05-18,24.148839537792128,24.32575355694447,23.947800252197545,24.11667251586914,22469900
2016-05-19,23.939754349100756,24.068419346885147,23.722631590161686,23.827171325683594,21740900
2016-05-20,23.907584843082812,24.430286533875204,23.883461117140264,24.245330810546875,22777300
2016-05-23,24.309661865234375,24.510701083174734,24.22924587129673,24.309661865234375,20881900
2016-05-24,24.526788147050073,25.025366154750753,24.486580911151773,24.977115631103516,23699200
2016-05-25,25.089694441223596,25.38723161806863,25.049485678266514,25.242483139038086,18359600
2016-05-26,25.322900772094727,25.435482248055003,25.25052652788953,25.322900772094727,12692300
2016-05-27,25.411358993915986,25.451566226416922,25.29073576260557,25.38723373413086,13341300
2016-05-31,25.338984007397904,25.45156548215447,25.17815201448205,25.403316497802734,23040200
2016-06-01,25.427446408517284,25.507860885878483,25.306821624859808,25.459611892700195,17753500
2016-06-02,25.37919559786775,25.540027618408203,25.29073936699754,25.540027618408203,14140100
2016-06-03,25.52394243696214,25.52394243696214,25.250528940245346,25.427444458007812,15777500
2016-06-06,25.4435257343821,25.588274232652772,25.39527674622777,25.475692749023438,15139600
2016-06-07,25.53198066733392,25.749103390728987,25.491773437286316,25.636520385742188,19339100
2016-06-08,25.572191331424694,25.733023340827955,25.564151111381474,25.64456558227539,12732100
2016-06-09,25.47569529154004,25.733025299122005,25.47569529154004,25.684776306152344,11276800
2016-06-10,25.491778518378105,25.926024051723257,25.45156974650847,25.76519203186035,35749100
2016-06-13,25.773233911991078,26.135105213079964,25.765193690907246,25.869731903076172,23004800
2016-06-14,25.741064579827043,25.926023391912388,25.564152123334292,25.845605850219727,18754300
2016-06-15,25.93406111564868,25.942101335236156,25.40331766203304,25.419401168823242,23783300
2016-06-16,25.282696786009033,25.54806853755937,25.105781262436967,25.483736038208008,18547900
2016-06-17,25.51590235518479,25.580234856639407,25.30682134200533,25.540027618408203,27047900
2016-06-20,25.789317421774562,26.086854683729502,25.741066892424104,25.869731903076172,21961600
2016-06-21,25.942102108805845,26.038603152424628,25.805396898435585,25.990352630615234,15476500
2016-06-22,25.974268704805088,26.239641969057594,25.934061471086153,25.966228485107422,18304800
2016-06-23,26.19943246164814,26.53717687671475,26.135098439188766,26.529136657714844,22048800
2016-06-24,25.57218636154052,25.990348277674205,25.25052393905592,25.37114715576172,38094300
2016-06-27,25.258573646147433,25.258573646147433,24.478541834237205,24.703704833984375,34965100
2016-06-28,24.904745674761532,25.089702979693403,24.776080657126837,25.081661224365234,23693900
2016-06-29,25.210318277246998,25.71693643240059,25.178151266096922,25.676729202270508,22771100
2016-06-30,25.733025381809917,26.44068443874208,25.70890011834365,26.37635040283203,34528900
2016-07-01,26.247681925092817,26.448721159283313,26.110976718298605,26.336139678955078,17084600
2016-07-05,26.135099609355393,26.3200553307847,26.102932596685466,26.279848098754883,20107200
2016-07-06,26.376353216354037,26.537185255669172,26.038608694646655,26.5130615234375,21070200
2016-07-07,26.50500859311994,26.979461249329237,26.50500859311994,26.698007583618164,26119400
2016-07-08,27.059885376934236,27.341339111328125,26.939260594985065,27.341339111328125,23341900
2016-07-11,27.373503852063,27.743415320103352,27.373503852063,27.64691734313965,23820700
2016-07-12,27.751458393782205,28.12137296747744,27.727334663964402,28.097246170043945,28064100
2016-07-13,28.177655003474932,28.34652719521891,28.048990038201225,28.153528213500977,29120900
2016-07-14,28.250037073630025,28.386742295068608,28.11332878457585,28.30632781982422,25296400
2016-07-15,28.354570933161305,28.37869772613016,28.06507702607122,28.2017822265625,23661900
2016-07-18,28.290240721535685,28.306324228066867,28.105284997849935,28.185699462890625,19347200
2016-07-19,28.0570383643947,28.274161131216157,28.024871346876935,28.26612091064453,20395400
2016-07-20,28.386736750278462,28.893356434683604,28.193740820343645,28.70035743713379,42994200
2016-07-21,27.60671266971054,27.73537767347142,27.228757879081105,27.558462142944336,63708600
2016-07-22,27.646922560014506,27.90425259221856,27.55042149722602,27.872085571289062,33033700
2016-07-25,27.83991134914416,27.95249282566053,27.799704117190476,27.896202087402344,20277700
2016-07-26,27.94445530656566,28.33045029232667,27.90424807072679,28.21786880493164,29644400
2016-07-27,28.145496193188613,28.370659181097118,27.847958949507287,28.008790969848633,23601800
2016-07-28,28.00879129843753,28.00879129843753,27.75950151060308,27.960540771484375,21667400
2016-07-29,27.960535151236343,28.081156842949976,27.823826886156155,28.032909393310547,18171200
2016-08-01,28.000748096428794,28.073122353273725,27.791668614218814,28.024871826171875,18824400
2016-08-02,27.992707194843323,28.04095465315595,27.60671219026427,27.791667938232422,20057300
2016-08-03,27.629605314106318,27.775450991847325,27.54048014736911,27.751144409179688,18388800
2016-08-04,27.783557842020755,28.050939548944736,27.726840416586338,28.018531799316406,16362600
2016-08-05,28.196782800259843,28.464167574913162,28.115758796898742,28.342628479003906,20046200
2016-08-08,28.27781764555465,28.49658313276766,28.24540679897922,28.391252517700195,19497300
2016-08-09,28.39125032396135,28.488479765306447,28.229199194474052,28.294017791748047,12578900
2016-08-10,28.358833604070426,28.358833604070426,27.95370740972656,27.97801399230957,19579000
2016-08-11,28.083348642649533,28.148170319610006,27.945607215410035,28.09955406188965,16364100
2016-08-12,27.969915469888754,28.1643743306527,27.905093789055528,28.010427474975586,15708300
2016-08-15,28.115768774837925,28.48848426795928,28.059051334183316,28.285921096801758,18931100
2016-08-16,28.172485455015007,28.528995513916016,28.172485455015007,28.528995513916016,16320900
2016-08-17,28.49657414700415,28.52898498335954,28.172475056052694,28.375038146972656,18221600
2016-08-18,28.32643134152889,28.43176504938723,28.15627903020516,28.334535598754883,16085200
2016-08-19,28.22919671963459,28.577605535683585,28.14817270742838,28.553298950195312,16417600
2016-08-22,28.520889580709756,28.72345271254595,28.456067894905487,28.650529861450195,14941400
2016-08-23,28.76396162975067,28.91790848069046,28.601910523522186,28.682937622070312,18316000
2016-08-24,28.618116724909438,28.69103957016069,28.37504160436122,28.480375289916992,16343500
2016-08-25,28.399348040480387,28.53709256561957,28.277812026276465,28.431758880615234,12428000
2016-08-26,28.44796965445191,28.82878937053519,28.399353385100294,28.56950569152832,14469900
2016-08-29,28.747758356517096,28.90170521895146,28.48037663851341,28.804475784301758,15264300
2016-08-30,28.836883778362512,28.958422877823082,28.780166356178963,28.92601203918457,15183200
2016-08-31,28.861195123480783,29.088067940512563,28.828787370363273,29.07996368408203,20562700
2016-09-01,29.160988519321343,29.20150052570921,28.82878512155208,29.18529510498047,18925800
2016-09-02,29.33924785590974,29.436480399803116,29.12858352587792,29.233917236328125,16726700
2016-09-06,29.47699259119057,29.655246074327472,29.306837183790492,29.630939483642578,22337800
2016-09-07,29.69576097162041,29.69576097162041,29.476992384385383,29.541810989379883,18495600
2016-09-08,29.452675680975368,29.64713763133294,29.26631798610278,29.525598526000977,20356500
2016-09-09,29.25011769846943,29.485091694878868,28.715351104736328,28.715351104736328,29457900
2016-09-12,28.512789778027532,29.266324993424,28.407459158445917,29.233917236328125,22796600
2016-09-13,28.966527049748965,29.07186074082746,28.61811822537765,28.853092193603516,23591300
2016-09-14,28.77206253373614,29.02324190066009,28.682937362441585,28.861190795898438,14074500
2016-09-15,28.958430161780125,29.695759926495587,28.7963790186943,29.62283706665039,23736000
2016-09-16,30.56271853417441,30.83010019282696,30.18189895426454,30.52220344543457,74577900
2016-09-19,30.538412977707644,30.805797763256724,30.052262755995514,30.108980178833008,30531700
2016-09-20,30.319646962341,30.327751218199268,29.930726134579746,30.092777252197266,24796900
2016-09-21,30.14949593359902,30.352059066328174,29.86590878412545,30.343957901000977,21233700
2016-09-22,30.465494079499024,30.651854882512037,30.3358537975344,30.42498207092285,17013400
2016-09-23,30.343960559235114,30.506011697788292,30.076575716992114,30.13329315185547,18062500
2016-09-26,29.91452045729294,29.930725878002573,29.65523990767475,29.695755004882812,25518800
2016-09-27,29.89831721886151,30.157597760600336,29.67954868223165,30.125186920166016,22391600
2016-09-28,30.23052487402868,30.384471751523815,30.100884584856914,30.33585548400879,19020800
2016-09-29,30.376374860040606,30.4087826187425,29.979349679972245,30.238630294799805,17675000
2016-09-30,30.360162603906325,30.724773761494063,30.335852926763913,30.587032318115234,24279300
2016-10-03,30.538417152333565,30.749084543843555,30.408776869430554,30.514110565185547,14113600
2016-10-04,30.60323543937257,30.740976872399905,30.246725473712562,30.41687774658203,14393100
2016-10-05,30.587032178712185,31.04077469593007,30.49790390828831,30.781494140625,22420800
2016-10-06,30.65995197447934,30.919232503961254,30.449287703350684,30.846309661865234,15171400
2016-10-07,30.85442220929851,30.967857085074545,30.611343943071514,30.870624542236328,16942500
2016-10-10,30.99215718268256,31.08128544951149,30.708570052652234,30.80579948425293,14954300
2016-10-11,30.716665857607882,30.789588691300924,29.833490689933242,30.198104858398438,27650500
2016-10-12,30.141397993214106,30.181910005920848,29.825399966885698,30.084680557250977,14053900
2016-10-13,29.857801735938583,30.08467452517077,29.54180377296885,29.955034255981445,16936000
2016-10-14,30.133290512076513,30.546521033730134,30.108983925226813,30.343957901000977,19123900
2016-10-17,30.424983538403858,30.56272808324839,30.1738072185958,30.214319229125977,15788100
2016-10-18,30.765288859775403,30.83010745346307,30.40877577645507,30.587032318115234,42907800
2016-10-19,29.22581833513046,29.242023762082663,28.545205857483605,28.772075653076172,75229000
2016-10-20,28.691035640416963,28.901699891806473,28.43985629876213,28.70724105834961,25669500
2016-10-21,28.528988459505925,28.682938405518485,28.204889329064248,28.480375289916992,20813200
2016-10-24,28.70725024259036,28.755866511941974,28.44796965445191,28.56950569152832,21524700
2016-10-25,28.472266410602632,28.561394661532002,28.366932742152706,28.439855575561523,17860300
2016-10-26,28.39125032396135,28.52899177496122,28.148175175164507,28.294017791748047,19977600
2016-10-27,28.439860162260434,28.545193847698275,28.156273037082997,28.20488929748535,14634700
2016-10-28,28.25350488948976,28.496580030607216,28.123864608169246,28.148174285888672,22296400
2016-10-31,28.294015806250368,28.423659173437215,28.22919721352494,28.253503799438477,19188600
2016-11-01,28.27782954646245,28.48849395612531,27.767369316108542,27.969932556152344,25368200
2016-11-02,28.03473663330078,28.27781486787086,27.92940602857977,28.03473663330078,21416400
2016-11-03,28.124539646543354,28.18168650136861,27.651033575968352,27.70001792907715,19400000
2016-11-04,27.373461638468886,27.700017762018046,27.283658548779368,27.43877410888672,21914700
2016-11-07,27.953102827044745,28.369458984305197,27.87962784467285,28.32047462463379,19296600
2016-11-08,28.246996964327145,28.532734363915598,28.157196984848635,28.36129379272461,14833100
2016-11-09,27.863301763021248,28.451098550724122,27.48776120661001,28.369461059570312,25999400
2016-11-10,28.532734374233954,28.532734374233954,27.781656501558274,28.165359497070312,28249900
2016-11-11,28.22251267078915,28.46742827229076,28.034743939162222,28.255168914794922,22665000
2016-11-14,28.214346980758062,28.353131330703818,27.92044704643707,28.14903450012207,22558900
2016-11-15,28.27966084489002,28.810313934509,28.25517021789163,28.500085830688477,20676100
2016-11-16,28.491916485412656,28.508241489977888,28.1980165749147,28.44293212890625,18565500
2016-11-17,28.418435633994665,28.589876174926758,28.2714857091187,28.589876174926758,15748500
2016-11-18,28.49191898839416,28.573556475473023,28.279656539156306,28.532737731933594,16806900
2016-11-21,28.655187953136917,28.736828537365056,28.44292866268347,28.557222366333008,14259500
2016-11-22,28.720502321582362,28.981745979864893,28.663355465974938,28.965417861938477,22327400
2016-11-23,28.965419097217254,28.998075334462765,28.655191071925284,28.736831665039062,15843100
2016-11-25,28.663355981044262,28.940927762241063,28.663355981044262,28.932762145996094,6372800
2016-11-28,28.924606473748174,29.11237520620726,28.74500024519128,28.98991584777832,13549000
2016-11-29,29.096045388277258,29.096045388277258,28.7939829331679,28.82663917541504,19581000
2016-11-30,28.736839439365845,28.81847694029525,28.328645706176758,28.328645706176758,27016100
2016-12-01,28.459265346422548,28.51641221544984,27.397962346138986,27.561237335205078,29618700
2016-12-02,27.528579498089513,27.96942625315463,27.43061078427926,27.887788772583008,21492500
2016-12-05,28.010252152403552,28.10005214829139,27.73268031840018,28.0755615234375,14462000
2016-12-06,28.075555706422755,28.369455600858746,28.00208073281376,28.3449649810791,15297700
2016-12-07,28.30414564038781,29.038895441668885,28.124542555618255,28.981748580932617,21710300
2016-12-08,28.965417167333797,29.414429499597485,28.753157867920596,29.145023345947266,19966500
2016-12-09,29.18584727779841,29.30830662397291,29.055225428538524,29.19400978088379,16326900
2016-12-12,29.210332439991074,29.463413588107937,29.12052935148929,29.365447998046875,21985800
2016-12-13,29.39810594482816,30.116527656515483,29.332796578822293,30.043052673339844,35773600
2016-12-14,29.96141618032751,30.11652865471926,29.765481847274792,29.838956832885742,30819400
2016-12-15,29.994070479444005,30.33695164724663,29.82262678127232,30.034889221191406,23721500
2016-12-16,29.977748904865663,30.10020515684347,29.463423926599933,29.643030166625977,38212800
2016-12-19,29.667515156898023,30.165511917419042,29.610368293979594,30.116527557373047,18744300
2016-12-20,30.165506362943194,30.402259388165692,30.116522011916853,30.377765655517578,18551800
2016-12-21,30.41042931076012,30.492066801456588,30.13285748241323,30.190004348754883,14323600
2016-12-22,30.39409499506129,30.402260611029067,30.051213866894916,30.149179458618164,10793900
2016-12-23,30.149180845076344,30.189999583982313,30.018559012015157,30.18183708190918,6287300
2016-12-27,30.13284598485989,30.475730166348846,30.13284598485989,30.26346778869629,9033700
2016-12-28,30.287970117507037,30.36961072289751,29.863451426559237,29.90427017211914,12868600
2016-12-29,29.806299279166456,29.97774298088965,29.740989913871783,29.92875862121582,8447300
2016-12-30,30.03489051245661,30.043053015448866,29.553221864880392,29.610368728637695,17468000
2017-01-03,29.8879397106629,30.149183398914367,29.610367902611912,29.87977409362793,20196500
2017-01-04,29.969576435656386,30.01856079381318,29.667514012698657,29.724660873413086,15915700
2017-01-05,29.757316942287066,29.97774188132864,29.643023221510767,29.675676345825195,13986000
2017-01-06,29.87161004290931,29.945085021064447,29.545053892381983,29.78180694580078,15114000
2017-01-09,29.78181203362923,30.116530743680386,29.78181203362923,29.887943267822266,19461400
2017-01-10,29.838959699388557,30.149187792244927,29.82263157720971,29.83079719543457,15918800
2017-01-11,29.806303440441116,30.206334647949905,29.806303440441116,30.165515899658203,22398400
2017-01-12,30.067540769294315,30.067540769294315,29.651181571326344,29.969572067260742,20391900
2017-01-13,29.969576742979267,30.092036082491845,29.896101762125795,30.034889221191406,15072200
2017-01-17,29.936921450026034,30.067546410578704,29.87161208402017,30.043052673339844,20195200
2017-01-18,30.116528182565077,30.214493790420285,29.887940726146077,30.01039695739746,15382500
2017-01-19,29.806305090005015,30.13286132295292,29.806305090005015,29.855289459228516,13654500
2017-01-20,30.010400553633602,30.230825533424902,29.863453681376964,30.157350540161133,23950900
2017-01-23,30.263470199923088,30.377763898102547,29.838948525063877,30.0185546875,27752600
2017-01-24,30.075707101461674,30.810456888950508,30.051216479968808,30.712488174438477,35140900
2017-01-25,30.91658480181763,31.022716018085703,30.630850505253893,30.859437942504883,32276400
2017-01-26,30.875770625889533,30.957408118613372,30.54921442645273,30.663511276245117,34144800
2017-01-27,31.022710104397962,31.390084925856605,30.86759767501305,31.00638198852539,44368600
2017-01-30,30.810456381519106,30.892093861330995,30.475737731458,30.549209594726562,23954700
2017-01-31,30.385941521478166,30.508397768948292,29.912435311301714,30.059385299682617,27059100
2017-02-01,30.059378213215776,30.165509427419646,29.406269037865417,29.814462661743164,28380600
2017-02-02,29.602208792290465,29.96142127829575,29.553227536396,29.945093154907227,31916900
2017-02-03,30.167090291142927,30.27397920110659,29.969760296675542,30.027315139770508,21038100
2017-02-06,30.01907672531239,30.01907672531239,29.723081876601615,29.821746826171875,21427000
2017-02-07,29.969756622567292,30.027311458606384,29.79709211445001,29.88753318786621,18581900
2017-02-08,29.879313460049655,30.134201411802966,29.71486972138634,29.912202835083008,20807400
2017-02-09,30.01086465290234,30.01086465290234,29.1064288905668,29.155759811401367,47802700
2017-02-10,28.99132154053708,29.131099827687514,28.645992483760175,29.057100296020508,44106500
2017-02-13,29.24619930516836,29.47641859599708,29.057090153915826,29.4353084564209,28180600
2017-02-14,29.468198673178435,29.566863638309417,29.213310782045482,29.542198181152344,25734800
2017-02-15,29.58330478639196,29.649083512953144,29.32841692572085,29.640859603881836,18452200
2017-02-16,29.74774998708165,30.060192681215593,29.681971257157674,29.936859130859375,21317500
2017-02-17,29.86285715604978,29.99441146850586,29.681968800234344,29.99441146850586,18909900
2017-02-21,30.035535915996768,30.134204049734173,29.87109529944185,30.027315139770508,20556000
2017-02-22,29.879305186390557,29.928639235279853,29.427087382664332,29.657306671142578,29904400
2017-02-23,29.79708719598786,29.846418112162365,29.517533837155366,29.747753143310547,22775000
2017-02-24,29.714874107082405,30.035537719726562,29.55865425737225,30.035537719726562,18617600
2017-02-27,29.945093024477856,30.1588708538964,29.8217625565861,30.019092559814453,14065200
2017-02-28,29.945093154291985,29.97798253380724,29.599764078893415,29.76420783996582,24977000
2017-03-01,29.476419446729896,29.681973287046013,29.139311274071574,29.542198181152344,34085900
2017-03-02,29.54219197934771,29.616191471786873,29.311972730204545,29.525747299194336,23602100
2017-03-03,29.550414759975826,29.67374830125918,29.328416267567135,29.517528533935547,17538100
2017-03-06,29.427094704669233,29.435315479944983,29.122872698909706,29.246206283569336,24416700
2017-03-07,29.22153384872317,29.4353084564209,29.098200293492013,29.4353084564209,23434900
2017-03-08,29.32842360651788,29.517535920208502,29.213313945316997,29.28731346130371,20920100
2017-03-09,29.27087281800225,29.55042623516703,29.188652516219918,29.45176124572754,23616800
2017-03-10,29.69841173605171,29.84641072093004,29.418858446448425,29.525747299194336,25402300
2017-03-13,29.47642136384134,29.632644300003864,28.728205461887715,28.909093856811523,53582900
2017-03-14,28.826875944397234,28.96665107089493,28.497988496809594,28.925540924072266,28586900
2017-03-15,28.72819834671329,28.917307468886168,28.514423771888072,28.859752655029297,27996100
2017-03-16,28.917319882185765,29.073542846717853,28.835099580381954,28.892654418945312,19616100
2017-03-17,29.03241824383869,29.04886292331419,28.859750677596917,28.999528884887695,30778900
2017-03-20,29.081759922174328,29.29553769807046,28.99131571979543,29.131093978881836,17322300
2017-03-21,29.262650340592067,29.27087111569082,28.777543060680465,28.81043243408203,22814500
2017-03-22,28.958422370386394,29.155752275728453,28.77753401007093,29.08175277709961,19144500
2017-03-23,29.180417222616267,29.180417222616267,28.793975096196828,28.999528884887695,20640400
2017-03-24,29.311980790095582,29.377756392293307,28.876204487461212,28.909093856811523,22188000
2017-03-27,28.835089301228525,29.188642118656382,28.728200437784622,29.09819793701172,16992200
2017-03-28,29.057087987585785,29.36130676157187,28.950199123454645,29.270862579345703,18398100
2017-03-29,29.205096134183908,29.353095181174126,29.139317385964546,29.246206283569336,17202600
2017-03-30,29.254422366185196,29.509307106063776,29.205088318223613,29.394197463989258,16433000
2017-03-31,29.394198016738134,29.8053056813079,29.385977243507867,29.657306671142578,21438400
2017-04-03,29.755975350022045,30.208196346749688,29.698420520711792,29.73130989074707,32013600
2017-04-04,29.698418884435224,29.91219664138317,29.591533142464037,29.829973220825195,18918000
2017-04-05,29.95330602985989,30.224635469618256,29.739528278290063,29.780641555786133,22455500
2017-04-06,29.706647414056413,29.829977859316788,29.62442398071289,29.62442398071289,20198200
2017-04-07,29.6573133540503,29.8628672326542,29.591537743878753,29.62442398071289,15689500
2017-04-10,29.616196834359236,29.673751657066415,29.27908867143035,29.4353084564209,19973700
2017-04-11,29.41064606509488,29.42709074993971,28.95020429894851,29.3859806060791,22711800
2017-04-12,29.492869824316102,29.60797949527611,29.18865096013561,29.29553985595703,19289800
2017-04-13,29.229751487178124,29.40241593678159,28.98308753967285,28.98308753967285,15764000
2017-04-17,29.139319409616974,29.262653002841816,29.04887832928947,29.172208786010742,12560700
2017-04-18,29.131094954911163,29.443537718187553,29.02420606338181,29.410648345947266,12321100
2017-04-19,29.575081339654457,29.780635136818578,29.509302619040962,29.525747299194336,16594600
2017-04-20,29.747753143310543,29.821752654075112,29.484644468703824,29.747753143310547,22968300
2017-04-21,29.76419666829173,29.945081914724547,29.476419410303187,29.86286163330078,20390500
2017-04-24,30.15062715295547,30.298626126496984,29.977962729324297,30.216405868530273,26305800
2017-04-25,30.232856553701744,30.421965693796402,30.14241237006899,30.31507682800293,22066800
2017-04-26,30.2410787539635,30.61107627878821,30.2410787539635,30.364412307739258,27241000
2017-04-27,30.315086121947218,30.833082791057937,30.24108659778854,30.775527954101562,39890000
2017-04-28,29.681968318361996,30.00263489023865,29.501083101985355,29.723081588745117,56769300
2017-05-01,29.69020105447255,29.928644292978607,29.5504227939161,29.854644775390625,24825600
2017-05-02,29.903971533480934,30.446633541419867,29.887526850027914,30.397302627563477,35813000
2017-05-03,30.41635842909893,30.789105379390914,30.333523315827897,30.631723403930664,22040300
2017-05-04,30.64000364032643,30.73940260066562,30.35008552956949,30.52403450012207,16437100
2017-05-05,30.5323272398884,30.590310244600158,30.234127124321212,30.49919319152832,18119200
2017-05-08,30.424643496810816,30.524042483146054,30.21756043204093,30.267261505126953,17660200
2017-05-09,30.217547526632696,30.441197520247425,30.051880513603034,30.12643051147461,17819100
2017-05-10,30.04359796461766,30.134714977894607,29.761964996232276,29.828229904174805,25133800
2017-05-11,29.74540162088548,29.819951626344775,29.364369664020554,29.563167572021484,21508900
2017-05-12,29.5880282274515,29.604595251209897,29.32296216699047,29.43064308166504,19730800
2017-05-15,29.43064030710805,29.588025438057116,29.3395232649452,29.51347541809082,22120100
2017-05-16,29.612875383466537,29.728841382890888,29.339524247820712,29.67085838317871,22291800
2017-05-17,29.546608213630293,29.811677426082614,29.008194176683116,29.024761199951172,26670200
2017-05-18,29.149012247150004,29.380947437831548,29.057898349201718,29.173864364624023,17171900
2017-05-19,29.115874964809223,29.447205913298657,29.099307943409315,29.32295799255371,18340100
2017-05-22,29.389227018258687,29.911077205729605,29.306395059539923,29.629444122314453,14638100
2017-05-23,29.71227668308158,29.81167882736226,29.45549570994835,29.703994750976562,16903700
2017-05-24,29.803395100698893,29.969062188919075,29.728845068991657,29.919361114501953,20640600
2017-05-25,29.919354294612926,30.143004338755315,29.869656391360955,30.035320281982422,13148500
2017-05-26,30.035320281982425,30.09330643550334,29.9276393850457,30.035320281982422,11145500
2017-05-30,30.04360710213613,30.184422049238847,29.894507064123633,29.969057083129883,13026900
2017-05-31,30.076733070813688,30.134716052268907,29.71226500471175,29.91106605529785,17741900
2017-06-01,29.919361114501953,29.92764620682325,29.65429503728442,29.919361114501953,17510900
2017-06-02,30.043600284968175,30.093301339640163,29.819950278697664,30.08501625061035,19127400
2017-06-05,30.06844944415361,30.234116467724714,29.985617512285888,30.10158348083496,11685700
2017-06-06,29.952486049948618,30.19270309678101,29.803386031903404,29.927637100219727,18420900
2017-06-07,29.9276393850457,30.292104368183573,29.902787273583545,30.035320281982422,17192000
2017-06-08,30.101590006068406,30.258971974667617,29.95248996851701,30.21755599975586,17154200
2017-06-09,30.23411978662478,30.283820847102657,29.248405785916876,29.579736709594727,33322100
2017-06-12,29.48034365734264,29.828241670910423,29.331243605860266,29.596309661865234,28488300
2017-06-13,29.554889209270534,29.77853925263951,29.43063813189794,29.720556259155273,20588200
2017-06-14,29.811678308434868,29.86137621987338,29.173862113001558,29.43064308166504,19149000
2017-06-15,29.165577964466475,29.389228052683055,29.107594959355154,29.2484130859375,20410000
2017-06-16,29.223552293316516,29.264971421673383,28.99990227150001,29.165569305419922,30762800
2017-06-19,29.496907144210876,29.496907144210876,29.2566900723089,29.414072036743164,21583800
2017-06-20,29.364377988795816,29.364377988795816,28.85909482630614,28.875661849975586,21536500
2017-06-21,28.436647105109408,28.6602940275951,28.237845978655038,28.64373016357422,27138500
2017-06-22,28.627155759785982,28.68513874842148,28.403505735119385,28.461488723754883,24602900
2017-06-23,28.33724382678279,28.618876901406267,28.246126779134517,28.320676803588867,29260900
2017-06-26,28.37866113223588,28.585744192091134,28.188145096349455,28.22127914428711,18854800
2017-06-27,28.16328989453298,28.287540966825624,27.873374938964844,27.873374938964844,27078900
2017-06-28,27.972775454818986,28.362092553782684,27.94792650291448,28.32895851135254,25940100
2017-06-29,28.097024834715196,28.246124873565154,27.616593833849173,27.78226089477539,25215700
2017-06-30,28.05560837686452,28.105309442238397,27.773975326085168,27.947927474975586,24432000
2017-07-03,27.757411768302838,28.188144909121203,27.69114683270439,27.71599578857422,12676900
2017-07-05,27.765693218291556,28.519475325895456,27.740844265681016,28.44492530822754,30010800
2017-07-06,28.262688643476892,28.40350673500308,27.79882471806357,27.856807708740234,20733200
2017-07-07,27.91479612850792,28.262694140229875,27.91479612850792,28.06389617919922,18304500
2017-07-10,27.54204085274181,27.947924950373228,27.525473832447055,27.873374938964844,29918400
2017-07-11,27.86508914431529,28.10530619276117,27.69114017537281,28.097021102905273,25737500
2017-07-12,28.395219813602342,28.48633683874207,28.113586808550366,28.370370864868164,23768300
2017-07-13,28.436644900812368,28.494627899900962,28.262692743710115,28.36209487915039,15046200
2017-07-14,28.560882144644573,28.75139809320447,28.386933212459706,28.72654914855957,16316400
2017-07-17,28.77625853610668,28.77625853610668,28.461491453442473,28.552608489990234,21044400
2017-07-18,28.51946871453028,28.643719768451767,28.370368713758715,28.6023006439209,14362800
2017-07-19,28.726554260056645,28.726554260056645,28.54432020734057,28.627155303955078,17036200
2017-07-20,28.61060067466812,28.85909975245436,28.560899595175986,28.784549713134766,17506200
2017-07-21,28.61059478131332,28.84252678482766,28.494628779556155,28.767976760864258,22245000
2017-07-24,28.767975351715627,28.825958349754014,28.47806036152368,28.57745933532715,16146300
2017-07-25,28.618881795909818,28.77626696325034,28.494633840460956,28.718280792236328,18096700
2017-07-26,28.743133726809926,28.966783844768706,28.652016660992956,28.784549713134766,15499300
2017-07-27,28.80938697158568,29.1987040365539,28.718269942777297,28.966772079467773,43062800
2017-07-28,29.099313027126446,29.70399519459937,28.99162894913251,29.2484130859375,36291500
2017-07-31,29.380943298339844,29.604593365074265,29.256692207986337,29.380943298339844,27057000
2017-08-01,29.538319150453276,30.176135173020338,29.463769143663985,30.109867095947266,38710200
2017-08-02,30.093307186731757,30.374937071753138,29.869657137006328,30.350088119506836,35004300
2017-08-03,30.50281069259407,30.53619346631035,30.16899250610084,30.452739715576172,26611300
2017-08-04,30.419348432231157,30.511149442491888,30.127254019260135,30.294164657592773,20520300
2017-08-07,30.369279507104473,30.502807404017123,30.22740750944061,30.40266227722168,18169300
2017-08-08,30.352597825289948,30.628000991464667,30.294179550687527,30.3859806060791,22819900
2017-08-09,30.277485905837004,30.594615932606125,30.06050421397832,30.536197662353516,22796800
2017-08-10,30.37763129295847,30.51115920965812,30.135610949078902,30.160646438598633,22693300
2017-08-11,30.260786312442814,30.37762600482765,29.868549916168643,29.935312271118164,19275100
2017-08-14,30.143950742358058,30.436045207082415,30.110571155621837,30.327552795410156,18469400
2017-08-15,30.2941762597018,30.310867648283118,29.89359248442068,30.043811798095703,21706600
2017-08-16,30.027122127274744,30.102231788409053,29.676612497685994,29.885250091552734,22014000
2017-08-17,29.709984448306994,29.7767499892718,29.35112762451172,29.35112762451172,19525000
2017-08-18,29.45127992494219,29.46797131244413,29.200915479526387,29.21760368347168,16231400
2017-08-21,29.28436748784253,29.44293088432405,28.958893409847782,29.142492294311523,26493300
2017-08-22,29.225952294824932,29.36782431969242,28.89213089675575,28.91716957092285,26097800
2017-08-23,28.825372874786506,29.050701874934333,28.691844932131193,28.925518035888672,19648100
2017-08-24,28.958902905066175,29.117466353538425,28.833719056996106,28.967247009277344,14301900
2017-08-25,29.05904078076541,29.150841821837513,28.858750494386918,28.933856964111328,14726800
2017-08-28,29.025658819272063,29.042350207531204,28.867095406145438,28.91716957092285,20712900
2017-08-29,28.80032471851062,29.000618158354644,28.75859784708035,28.98392677307129,15843700
2017-08-30,29.000616116259817,29.175870874060035,28.900470995167694,29.11745262145996,18565000
2017-08-31,29.159181081585526,29.35947451825865,29.100762825796735,29.26767349243164,16366800
2017-09-01,29.409550410927505,29.53473103063263,29.267675221660728,29.284366607666016,12822000
2017-09-05,29.2259464263916,29.48465811712496,29.15083678608554,29.2259464263916,18772000
2017-09-06,29.392860682782295,29.9937346950823,29.301059646353487,29.843515396118164,28076400
2017-09-07,29.943655427096278,30.00207367345695,29.484653555595724,29.659908294677734,16297100
2017-09-08,29.5597669059927,29.659915223339418,29.276022890846207,29.367820739746094,14125000
2017-09-11,29.618190801708167,30.043810043222216,29.326096293931727,29.851863861083984,20037600
2017-09-12,29.943651306155264,30.32754349613739,29.82681482951333,30.118906021118164,19489900
2017-09-13,30.043808850601216,30.377630222363845,30.01877336196381,30.319211959838867,15509800
2017-09-14,30.2023633571367,30.62798563997317,30.177327875871825,30.44438362121582,18093900
2017-09-15,30.502820017461655,30.945133945528685,30.22742000900247,30.878368377685547,33596100
2017-09-18,30.878368377685547,31.153771569702233,30.711457641635207,30.878368377685547,19393800
2017-09-19,31.045265570667162,31.12871931050804,30.89504629210869,31.070301055908203,23850500
2017-09-20,31.0703050258083,31.12037918624454,30.594611644111783,30.936777114868164,23957500
2017-09-21,30.870012332640933,31.103685362589744,30.75317263411026,31.04526710510254,22954200
2017-09-22,30.836629738152038,31.061958668416654,30.836629738152038,31.028575897216797,21631800
2017-09-25,30.920087463188562,31.070306769370585,30.75317676925779,31.01188850402832,23180800
2017-09-26,31.053606937664362,31.412463717791955,30.878352189292052,31.270591735839844,29790400
2017-09-27,31.395776181928753,31.454194438544967,30.961809715953876,31.32901382446289,25981400
2017-09-28,31.14541112152269,31.612760348274826,31.12037563593895,31.571033477783203,21171400
2017-09-29,31.579379177202185,31.838090881037655,31.462542660488204,31.779672622680664,23217300
2017-10-02,31.813056938201655,32.62257175795529,31.779677345291805,32.58084487915039,37394500
2017-10-03,32.50574037555872,33.131653207500584,32.50574037555872,32.86459732055664,34002200
2017-10-04,32.872934151577184,32.88128143694845,32.43062353359781,32.831207275390625,28368800
2017-10-05,32.96472587061565,33.089909647344065,32.72270560017043,32.98976135253906,17710300
2017-10-06,33.04819206848202,33.29021243024154,32.897972753152445,33.0732307434082,18887500
2017-10-09,33.11495935722585,33.281870070058936,32.981431423670784,33.26517868041992,18494100
2017-10-10,33.3235892631615,33.34028064894908,32.86458729645022,33.08991622924805,29890000
2017-10-11,32.94805565888604,33.10661911887855,32.59754595251595,32.79783630371094,30754700
2017-10-12,32.83955591700924,32.87293869599602,32.53077317027408,32.70602798461914,18286900
2017-10-13,32.91466315477504,33.223449062334424,32.78113523221526,33.10660934448242,16829400
2017-10-16,33.13999004267913,33.2067555915503,32.91466109057382,33.18171691894531,12489100
2017-10-17,33.0148104083454,33.273518959122455,32.85624381677836,33.206756591796875,15532800
2017-10-18,33.21510038974077,33.624031426258504,33.04818969762013,33.59064865112305,21424600
2017-10-19,33.281864203057346,33.65741244484005,33.24013732809404,33.45711898803711,19222700
2017-10-20,33.65741386130735,33.757559002145165,33.46546449799631,33.740867614746094,18335700
2017-10-23,33.8410117248506,34.24994274478108,33.715831098505255,34.07468795776367,28647000
2017-10-24,34.21656590245721,34.258292785139034,33.982892812593334,34.17483901977539,19652400
2017-10-25,34.12476384841096,34.26663906563175,33.79094561320125,34.032962799072266,24031700
2017-10-26,34.14145076767708,34.70060109337003,33.9745400801468,34.50865173339844,38247400
2017-10-27,36.13602793193351,37.554764101363034,35.96911723254943,37.05403518676758,90028300
2017-10-30,37.120792731124794,37.71332261253748,36.620063881618144,37.02899169921875,48161500
2017-10-31,37.72166758807557,38.22239640692784,37.262665640201625,37.963687896728516,47000900
2017-11-01,38.36428038312846,38.98184585571289,38.04715036059334,38.98184585571289,47813700
2017-11-02,38.89838798332828,39.415808251208446,38.56456660714693,39.307315826416016,44602300
2017-11-03,39.390779030048854,39.47423279559495,38.055496496411635,38.673065185546875,39298100
2017-11-06,39.12051243703315,39.23804456742307,38.69237088480787,39.204463958740234,34035000
2017-11-07,39.20445988144622,39.53186277599594,38.94421499485457,39.2716178894043,24461400
2017-11-08,39.13730274137456,39.204463958740234,38.851873972416676,39.204463958740234,21565800
2017-11-09,38.65878599574913,38.94421473310379,38.32298955337013,38.86865997314453,25570400
2017-11-10,38.6503962082191,38.69237036729969,38.09632898205536,38.26422882080078,24095400
2017-11-13,37.99559357531128,38.56645120201725,37.987200023046604,38.40694808959961,18999000
2017-11-14,38.36496361978803,38.54965054182211,38.045954278205166,38.49928283691406,22201200
2017-11-15,38.10472582713241,38.45731583922221,37.92003566830331,38.163490295410156,17157200
2017-11-16,38.30620011461952,38.67557717029199,38.16348414151284,38.32299041748047,26439400
2017-11-17,38.19706201647987,38.29780062402083,37.45830475552676,37.46670150756836,63798000
2017-11-20,37.550658066499224,37.87806101478237,37.35757435859951,37.45831298828125,22420000
2017-11-21,37.54225705242578,37.96200499548985,37.533860300207806,37.72694396972656,21871000
2017-11-22,37.72694518591563,37.73534193840428,37.39114874209303,37.48349380493164,19538300
2017-11-24,37.39953642149453,37.592620066929,37.298797824403124,37.56743621826172,6465800
2017-11-27,37.2904144568869,37.44992076215309,37.164491965934204,37.34918212890625,18202100
2017-11-28,37.48348973509209,37.64299278840778,37.20645457665586,37.5506477355957,20194100
2017-11-29,37.65138785468656,37.85286826916067,36.74473399560943,36.895843505859375,27036900
2017-11-30,37.240036304524715,37.94521294446551,37.21485245387692,37.64299392700195,34145300
2017-12-01,37.55064495439349,37.642990000366005,36.54324940207313,37.508670806884766,26656300
2017-12-04,37.794114027967915,38.02917190635168,37.21486288376933,37.34918212890625,28000800
2017-12-05,37.44152782958867,37.693379242047115,36.29141897556183,36.46771240234375,30626900
2017-12-06,36.21585601531426,36.70276522021182,35.821291880478164,36.47610092163086,27710800
2017-12-07,36.4844953708529,36.60202429839895,35.913637834980825,36.165489196777344,32708400
2017-12-08,36.392154693603516,36.58524161494614,36.19067742274158,36.392154693603516,23154700
2017-12-11,36.33338776233867,36.75313578437095,36.308203905792176,36.65239715576172,20425900
2017-12-12,36.49289132120013,36.61881379690445,36.16548840097669,36.375362396240234,16557400
2017-12-13,36.64399578653753,36.65238933612121,36.29980261000023,36.383750915527344,21399500
2017-12-14,36.459305316381986,36.57683422394433,36.11511214319689,36.31658935546875,19644900
2017-12-15,36.43412475713417,37.642997747249915,36.15708956220313,37.40793991088867,47477000
2017-12-18,37.903245150879954,38.910637774852766,37.810900079783735,38.8350830078125,50369300
2017-12-19,38.86865887297614,39.674574154781794,38.524465687886895,39.48988723754883,41421100
2017-12-20,39.85087879012009,39.99359158243043,39.17088583210911,39.92643356323242,40935000
2017-12-21,39.909638428618706,39.95161258584135,39.086932777847686,39.25482940673828,42963500
2017-12-22,38.893851334481774,39.4731024233567,38.633606420824464,39.204463958740234,33913500
2017-12-26,38.85187184911879,39.011378130433506,38.57483984868327,38.68397521972656,15533300
2017-12-27,38.70915222167969,38.919026173692764,38.616807170406354,38.70915222167969,13359700
2017-12-28,38.919038796034826,38.919038796034826,38.57484553120045,38.801509857177734,9504400
2017-12-29,38.79310330331868,39.02816432407645,38.69236469580683,38.751129150390625,17394500
2018-01-02,38.93582238870792,39.37236065949834,38.793106414400064,39.33038330078125,23370800
2018-01-03,38.171882983743004,38.793108211490946,36.64400056640878,37.99558639526367,116479000
2018-01-04,36.53486031544242,37.48349153661985,35.83807721249705,37.29880142211914,89209100
2018-01-05,37.29880281901546,37.903240887347586,36.85387102006136,37.55904769897461,41824000
2018-01-08,37.16448360409973,37.64299600738843,36.904238724140576,37.55904769897461,33733800
2018-01-09,37.525473636284026,37.64300256952073,36.50968419625448,36.61881637573242,44282300
2018-01-10,36.37535670073703,36.60201776199974,35.628202704549764,35.67857360839844,45735000
2018-01-11,35.930423323442014,36.58523229295538,35.636601043958414,36.4425163269043,35371500
2018-01-12,36.47609806065006,36.60202052614749,36.1067178093763,36.2998046875,29973600
2018-01-16,36.56004400403062,36.76152441917424,36.005976865413864,36.215850830078125,38367200
2018-01-17,36.56004399293502,37.3155915464661,36.52646339001752,37.265220642089844,32368600
2018-01-18,37.27362414994238,37.55905292163054,37.080537249380654,37.340782165527344,26826500
2018-01-19,37.45830942392465,37.68497372095774,37.14769681054879,37.6262092590332,25780200
2018-01-22,37.60942612266418,38.440528703505514,37.60103257039951,38.40694808959961,27706800
2018-01-23,38.4573127380148,38.69237059217065,38.306203202508016,38.66718673706055,22135100
2018-01-24,38.53286186061026,38.72594552715435,37.74373369025668,38.2054557800293,32464200
2018-01-25,38.51607637985449,38.927427615851485,37.920031801439,38.02916717529297,36758700
2018-01-26,40.61481412886335,42.100722314331584,40.39654339296071,42.04195785522461,86916100
2018-01-29,41.63900223583357,42.688372284140094,41.44591853123596,41.958011627197266,46304000
2018-01-30,41.538250565708886,42.02515965240672,40.917025485520476,40.95899963378906,32814600
2018-01-31,41.32838849327535,41.34517879789014,39.9264316833831,40.41333770751953,41619900
2018-02-01,40.043961618654656,40.690373951649654,39.83408760933511,40.00198745727539,28840400
2018-02-02,39.72494156450866,40.11950562089266,38.7007556491744,38.742733001708984,28663000
2018-02-05,38.91063501515522,39.674576182192574,37.35756882799426,37.374359130859375,47869000
2018-02-06,37.20531517502072,37.974439000102755,36.36857450968389,37.95753479003906,58145400
2018-02-07,37.67862668683414,39.1323534140967,37.475779372438915,38.20264434814453,37508400
2018-02-08,38.270264453355395,38.388590730069076,36.12348080980176,36.13193130493164,43151300
2018-02-09,36.76582715264144,37.42507543537478,35.531848440394626,37.14616394042969,49301100
2018-02-12,37.31519657781512,38.1688383583071,37.264483939946224,37.88992691040039,28379500
2018-02-13,37.687089085031076,37.847674309213886,37.40817434265336,37.577213287353516,19517600
2018-02-14,37.24757663599843,38.46465082650211,37.222221931242714,38.35477828979492,19922000
2018-02-15,38.777378726942054,38.87035028815594,37.99135054014162,38.81118392944336,23536800
2018-02-16,38.72666436127951,39.377462036627676,38.46465390263839,38.50691604614258,21475200
2018-02-20,38.422400171313534,39.47888941859437,38.36323703139776,39.14926528930664,25512000
2018-02-21,39.44507611023083,39.77470342289884,38.81118264026368,38.828086853027344,27527500
2018-02-22,38.99712391364946,39.35210591661331,38.55762407501024,38.70975875854492,16946400
2018-02-23,39.166165133765695,40.39169316868957,39.14081042638797,40.340980529785156,26040900
2018-02-26,40.738223118655135,41.524251320584106,40.65370205040256,41.507347106933594,26992300
2018-02-27,41.72709052546607,43.020235312280306,41.67638111463131,42.183494567871094,43624100
2018-02-28,42.411700809542246,42.54693129213981,41.65102732983781,41.659481048583984,35541200
2018-03-01,41.83696977482362,42.0229128944394,40.121232450129234,40.43395233154297,36326600
2018-03-02,39.89303279412982,41.45663551879654,39.69018544932131,41.3974723815918,33310600
2018-03-05,41.050941368075314,42.09052628486261,40.602991008784166,42.04826736450195,30826500
2018-03-06,42.3947837723042,43.383658996797514,42.38633328026322,42.85963821411133,39132300
2018-03-07,42.411699867616726,43.51890163589678,42.34408301574514,43.37521743774414,31801900
2018-03-08,43.77246781000855,44.017574114611605,42.656815307025276,42.88501739501953,29481200
2018-03-09,43.332963933842855,44.203510053536036,43.10476186647536,44.110538482666016,32727900
2018-03-12,43.83161946167016,43.907686804387026,42.682158826903596,43.544254302978516,32044400
2018-03-13,44.389450593088995,45.45439028755934,43.43438345397925,43.764007568359375,45573900
2018-03-14,44.00065815953754,44.10208020798335,43.3667647144908,43.83161926269531,24993500
2018-03-15,44.14433708949554,44.20350021703842,43.00333023071289,43.00333023071289,25631200
2018-03-16,43.24842834472656,43.696381833667395,43.09629690835128,43.24842834472656,42559800
2018-03-19,42.88500748401647,43.29914941069729,42.2004013782506,42.96107482910156,31115200
2018-03-20,43.00333774097931,43.78936597177961,42.97797980749758,43.56961441040039,22215000
2018-03-21,43.569614060398614,44.09363180200623,43.24844044012013,43.578067779541016,23239500
2018-03-22,42.88500748401647,43.91613866565467,42.76667799510162,42.96107482910156,30916000
2018-03-23,42.75822419343,43.09630197302395,41.7186393737793,41.7186393737793,37683900
2018-03-26,42.88500930933566,44.36409413016228,42.53002727577977,44.35564041137695,39306200
2018-03-27,44.80359066406282,45.00643800043684,42.91881439854804,43.265342712402344,38777000
2018-03-28,42.68215933714095,42.85119823677128,41.422822920251306,41.921485900878906,37970900
2018-03-29,42.24265926564828,44.01756286621094,42.149687710133,44.01756286621094,45265800
2018-04-02,43.68793622025307,43.98375510353967,39.96909651271946,41.34675598144531,67187800
2018-04-03,41.41437388664514,42.22575676450611,40.91571088843182,42.04826736450195,39432400
2018-04-04,40.653703320003864,42.394798690591685,40.57763596827553,42.25111770629883,30370000
2018-04-05,42.26801118244459,42.86809939458037,42.23420598424639,42.58073425292969,25115400
2018-04-06,42.082076386582806,42.597643605073685,40.99177881542823,41.23688507080078,28215200
2018-04-09,41.54959882124167,43.19772228854707,41.54959882124167,41.87922286987305,31437000
2018-04-10,43.2061782371167,43.51890133866346,42.54693005661617,43.33295822143555,25906400
2018-04-11,43.096305500172555,43.72174525221623,42.95262130363349,43.189273834228516,17568400
2018-04-12,43.518905738755755,45.023345369095026,43.485097309632586,44.55849075317383,29781400
2018-04-13,44.845849419599844,44.972626174119924,43.61186772955579,43.83161926269531,20884900
2018-04-16,44.195057151234174,44.397901272858945,43.77246146967519,44.288028717041016,18855500
2018-04-17,44.71906596775238,45.38676778513917,44.70216175696617,45.25153732299805,21228700
2018-04-18,45.234639744668236,45.94460058104315,45.082505049434396,45.310707092285156,22164700
2018-04-19,44.75288409421608,44.76133458936744,43.62032751912778,44.135894775390625,25422400
2018-04-20,44.09362960085964,44.18660116188986,43.00333524880726,43.55270767211914,26910100
2018-04-23,43.687936826660106,43.8569757302918,42.977976010726124,43.189273834228516,21706700
2018-04-24,43.84007480025653,45.3360638895709,43.2230854963273,43.4850959777832,42494700
2018-04-25,43.831617611141894,44.034461700390466,42.76667485806657,43.425926208496094,25752800
2018-04-26,44.16969661770057,45.023341649720166,44.00911142885533,44.837398529052734,39575000
2018-04-27,46.85740011240112,47.15321897411944,44.14433706789532,44.566932678222656,69888100
2018-04-30,44.42326625045641,45.107869299685305,43.28225579482543,43.6287841796875,36417400
2018-05-01,43.645686709013646,45.1501264840302,43.4766477712911,45.07406234741211,27600800
2018-05-02,44.87120804760929,44.96417961020606,44.07672935440345,44.21195983886719,25778300
2018-05-03,43.85698321577986,44.42326315597608,43.28225277982675,44.186607360839844,28561000
2018-05-04,43.8805732538499,44.91765876416716,43.35353123310562,44.86665344238281,25642500
2018-05-07,44.934668164515685,45.546719158779304,44.90916712067382,45.33420181274414,20285700
2018-05-08,45.30019444367356,45.58921813964844,44.88365905371442,45.58921813964844,21026800
2018-05-09,45.69972254888213,46.21826532265579,45.215183324185375,46.19276428222656,19827500
2018-05-10,46.37128629557415,46.753818183811376,45.98875440733692,46.73681640625,18715900
2018-05-11,46.430771426254665,46.915310533925144,46.26925947128321,46.47327423095703,15405000
2018-05-14,46.55829425575095,46.957827849893114,46.53279321536125,46.66880416870117,21878200
2018-05-15,46.39678031341299,46.54129052656125,45.52970930625309,45.835731506347656,21712600
2018-05-16,46.048250828988984,46.498789747453415,45.869737060435845,46.447784423828125,16260500
2018-05-17,46.37127678015482,47.12783789122296,46.26076687006134,46.5922966003418,16872600
2018-05-18,46.35427667826814,46.36277918698958,45.45320531921287,45.47870635986328,23679900
2018-05-21,46.209769542853095,46.94082968937361,45.78473487559765,46.17576599121094,25367400
2018-05-22,46.524299990846565,46.796321951809524,45.94625251311087,46.28628158569336,19009600
2018-05-23,45.90374415202961,46.94932904636165,45.767733187956104,46.93232727050781,20555400
2018-05-24,46.90682415571542,47.00883156357447,46.01425204074545,46.54129409790039,19667100
2018-05-25,46.583801873979084,47.17885109489865,46.36278525962703,47.127845764160156,18550000
2018-05-29,46.85580721965043,47.442356965697634,46.592287877750934,47.025821685791016,24253500
2018-05-30,47.51037719510558,47.7738998706629,47.28085807305709,47.33186340332031,24711500
2018-05-31,47.323350814591,47.48486603797954,46.80481132642864,46.92382049560547,30962100
2018-06-01,47.46787003436959,48.53895592990374,47.43386648396989,48.52195739746094,31183200
2018-06-04,48.46245010579163,48.96399113015613,48.266934552938636,48.30944061279297,22538100
2018-06-05,48.368948473025725,48.55596152943939,47.790901041731196,48.054420471191406,21687000
2018-06-06,48.054419365109055,48.50495832612736,47.67189075143838,48.479454040527344,22955400
2018-06-07,48.38593873117784,48.453945825702064,47.28084938721317,47.501869201660156,27596100
2018-06-08,47.22985524777096,47.34886444043543,46.46479151956041,46.79631805419922,30822900
2018-06-11,46.58379778933986,46.83031866882398,46.12475958121573,46.34577941894531,25752400
2018-06-12,46.643302377719614,46.77931333832664,46.09075926895981,46.600799560546875,23294900
2018-06-13,46.736809317710744,47.34886024606097,46.677304726649695,46.77931213378906,22631400
2018-06-14,47.13633468126867,47.48486290058301,46.90681562326804,47.21284103393555,23419800
2018-06-15,46.898318821421775,47.07683582786674,46.39678107851424,46.84731674194336,39194700
2018-06-18,46.15877314062256,46.15877314062256,44.492637701079985,45.240699768066406,40764400
2018-06-19,44.32260430173127,45.01116147036377,44.10158775283736,44.99415969848633,31780900
2018-06-20,45.21518685308776,45.69122684904716,44.79015218472453,45.444705963134766,21403000
2018-06-21,46.226769983560224,46.35427843439988,44.15259879189494,44.365116119384766,44435600
2018-06-22,44.730635161189795,45.13016867611441,44.458613308445116,44.62862777709961,34682100
2018-06-25,43.4980409553485,43.99108266541651,42.426955152046986,43.10700988769531,45356500
2018-06-26,42.46096780759343,42.851998959124614,41.959426724453,42.22294616699219,37543000
2018-06-27,41.94240915336286,42.554459937640516,41.44086825908117,41.44936752319336,33338800
2018-06-28,41.29636098605198,42.06992378513693,41.228353897327096,41.86590576171875,29055700
2018-06-29,42.103933821468566,42.59697560044928,42.078432778678945,42.2569465637207,28906500
2018-07-02,41.68740069508308,42.732985581190604,41.50888691415775,42.67348098754883,23755500
2018-07-03,42.996506357782806,43.234524721926434,42.01892537460945,42.05292892456055,16327900
2018-07-05,42.48646790626243,43.31953552292357,42.290952334850296,43.141021728515625,26163500
2018-07-06,43.158020005007096,43.77857022291957,42.84349526283385,43.668060302734375,19968000
2018-07-09,43.89757464305184,44.1100919511555,43.35353085314755,44.084590911865234,21361600
2018-07-10,44.28860192179688,44.42461285763411,44.067585367095084,44.33960723876953,17362900
2018-07-11,43.940080260746676,44.093092991768415,43.51504561741006,43.5235481262207,18665600
2018-07-12,44.246101408412194,44.6116314254599,43.97407952262181,44.501121520996094,20292700
2018-07-13,44.54364157890269,44.560640114696454,43.99959439352914,44.390628814697266,13749300
2018-07-16,44.33111722847763,44.475627459266434,44.093095609006106,44.21210479736328,15951500
2018-07-17,43.39603967357265,44.1015987906713,43.36203612130729,43.9910888671875,15754500
2018-07-18,44.09308459493984,44.17809345307276,43.75305889067724,43.965576171875,14649000
2018-07-19,43.86358007839702,44.21210840535252,43.396042553372446,44.186607360839844,15954600
2018-07-20,44.05909422441951,44.26310904440637,43.63405956623028,44.127098083496094,17380500
2018-07-23,44.00808675224114,44.628636933808984,43.63405743866458,44.467124938964844,15945500
2018-07-24,44.849651631663285,45.30868979907536,44.27160753236566,44.35661315917969,17788700
2018-07-25,44.3821136757521,44.5861317175615,43.430037047074016,44.569129943847656,19854800
2018-07-26,44.58612807333591,45.20667817076552,44.093086404203156,44.33960723876953,28282500
2018-07-27,41.44937263801421,41.823405160230884,40.36128510303475,40.53129959106445,67816700
2018-07-30,40.48879285034545,40.79481825054809,39.46870926392207,40.539794921875,35696600
2018-07-31,41.007344793831564,41.381374121494744,40.53980408080626,40.88833236694336,36581200
2018-08-01,40.85433037036463,41.57688795429653,40.80332504666381,41.49188232421875,28060700
2018-08-02,41.22836055519728,42.09543161992195,40.97334041680931,42.06142807006836,26452500
2018-08-03,42.0784282294663,42.31644658378916,41.79790381807989,42.18893814086914,22008200
2018-08-06,41.71000487782899,42.17183470373157,41.32514668957684,42.16328048706055,26669000
2018-08-07,42.27446380289316,42.61656070603842,42.25735863148811,42.50537872314453,28322700
2018-08-08,42.419854668041424,42.87313357333508,42.28301655346625,42.72774124145508,21990600
2018-08-09,42.642209884514344,43.27508481100204,42.522476966664094,42.881675720214844,23795600
2018-08-10,41.487641922555454,42.052099524818864,41.30804251785297,41.77842330932617,28712400
2018-08-13,41.83828513500004,42.11196458260189,41.37645861165107,41.43632507324219,17070600
2018-08-14,41.62447929389356,41.70145093204398,40.75213841149244,41.15409851074219,23061600
2018-08-15,40.86331010526002,41.051463691170596,40.11070228657215,40.58963394165039,26739900
2018-08-16,40.83765385353179,41.008702270858784,40.238986024125936,40.34161376953125,24358000
2018-08-17,40.196234755991384,40.52977745856589,39.62322616694861,40.28175735473633,26382000
2018-08-20,40.238988826815564,40.298855287678194,39.503482864814764,39.76860809326172,24334000
2018-08-21,39.90545742931059,40.92319081324473,39.88835225531862,40.72648620605469,19254300
2018-08-22,40.410039221250415,40.49556180879113,40.12780880990641,40.238990783691406,23182500
2018-08-23,40.0765027807309,40.34162480073057,39.94821561703692,40.17913055419922,31343200
2018-08-24,40.44425127942156,40.95739335142045,40.26465188046972,40.76068878173828,18214700
2018-08-27,41.05146725017204,41.38500989958329,40.73502977027899,41.350799560546875,17170300
2018-08-28,41.5218505179183,41.72710930213968,41.31659499617462,41.53895568847656,13472400
2018-08-29,41.650132691883485,41.78697077753022,41.3935616891055,41.692893981933594,13479100
2018-08-30,41.49619115545445,41.76131638470368,41.128438173341216,41.2567253112793,16418800
2018-08-31,41.01726420117226,41.53040959048772,40.98305385605561,41.419227600097656,16484000
2018-09-04,41.37646742838926,41.41922872971225,40.67517164676217,41.01726531982422,15682900
2018-09-05,40.83766021408349,41.15409771481404,40.598194350014715,40.81200408935547,20857200
2018-09-06,40.84620230212254,41.017250708963054,40.37582163016889,40.418582916259766,19318100
2018-09-07,40.11926598335262,40.60675200853845,39.64888513163556,39.72585678100586,25958300
2018-09-10,39.819928662286436,39.99097385079125,39.537698228793374,39.597564697265625,21522400
2018-09-11,39.34100133043191,39.36665746121951,38.39168534154884,38.42589569091797,32455300
2018-09-12,38.10945811544977,38.46865699639013,37.68183853577116,38.42589569091797,29778700
2018-09-13,39.06732053199997,39.212709606248445,38.57983452867092,38.973243713378906,18657100
2018-09-14,39.15284159899411,39.31533910205576,38.78508855650866,38.94758605957031,22998700
2018-09-17,38.73377671865383,39.255473052545916,38.64825085757758,38.84495544433594,17603200
2018-09-18,38.98179229582776,39.79426667560754,38.83639998011885,39.426513671875,20528100
2018-09-19,39.41796472961371,39.717297067705466,39.24691628107078,39.46928024291992,15918900
2018-09-20,40.00808077835255,40.50412098172891,39.785720066048725,40.36728286743164,21999300
2018-09-21,40.29886960091539,40.555440704665905,39.65744021029979,39.905460357666016,52650600
2018-09-24,39.606128115029456,40.19624198240653,39.46928997495019,40.11927032470703,17847000
2018-09-25,39.52915193525372,39.67454101512125,39.16994981958872,39.2640266418457,23389900
2018-09-26,39.375200613445095,39.59756129689322,38.98179149370281,39.08441925048828,23957700
2018-09-27,39.26402511584526,39.48638583596477,39.11008182404017,39.23836898803711,15415500
2018-09-28,39.01601226572413,40.837672716082146,38.87917412115369,40.44426345825195,46223500
2018-10-01,40.0166382050183,40.38439127840105,39.512047006363716,39.72585678100586,23796200
2018-10-02,40.632409818073,41.804089780557376,40.46991555711632,41.137001037597656,42121100
2018-10-03,41.581713611483,42.522478341027764,41.5304013664472,41.701446533203125,39211900
2018-10-04,41.7698660549497,41.786971223647825,40.72647360170573,41.16264724731445,30108300
2018-10-05,41.248161309655046,41.34223808682707,39.905436837690104,40.22187423706055,28901400
2018-10-08,40.16200779021956,40.49555035475552,39.785703944008134,40.22187423706055,19376800
2018-10-09,40.35018387864744,40.72648793501075,39.80283133758135,39.81138229370117,23285700
2018-10-10,39.392311737516735,39.443623992426595,38.3147087097168,38.3147087097168,43109500
2018-10-11,38.61405028836122,39.007459528231266,37.399608956072036,37.82722854614258,43648800
2018-10-12,38.71666797642258,38.77653444241673,37.82721867811266,38.38312530517578,32087400
2018-10-15,38.16931950214663,38.60548997972402,38.00682199556682,38.08379364013672,21633000
2018-10-16,38.40022689858785,39.34953931197972,38.340360438170634,39.2896728515625,21472000
2018-10-17,39.340990714050825,39.62322112646696,38.947581589904935,39.24691390991211,23124400
2018-10-18,39.041661038415306,39.12718363207352,38.340365330488936,38.46009826660156,26638800
2018-10-19,38.5028602249546,38.63969833464547,37.51078311407632,37.630516052246094,28368500
2018-10-22,38.05814176012223,38.776542768789966,37.7160447988601,38.49431228637695,34508800
2018-10-23,37.78445976382917,38.56272713327519,37.55354483938106,38.058135986328125,38590300
2018-10-24,37.76735706654537,37.938405532433414,36.227927398509294,36.279239654541016,33631800
2018-10-25,37.23711065272945,38.43444341774203,37.01474666299174,37.89564514160156,48255300
2018-10-26,38.99033268962166,39.717284283846894,38.229170764203616,39.07585525512695,67280400
2018-10-29,39.76860799180731,39.98241771219337,38.006814721334294,38.82784652709961,35732200
2018-10-30,38.93903530162269,40.94884915043838,38.87916882543244,40.84621810913086,43975200
2018-10-31,41.299487965799244,41.5304028642205,40.050839933575496,40.09360122680664,33369100
2018-11-01,40.15347014409499,41.45343376513931,40.07649850658323,41.2396240234375,28335300
2018-11-02,41.16265407953865,41.2652818462843,39.98242334329101,40.29030990600586,30759800
2018-11-05,40.487012596773596,41.26527992179434,40.127810536199085,41.025814056396484,23751200
2018-11-06,41.13768571053407,41.240959317736305,40.475007105219575,40.664344787597656,23839600
2018-11-07,40.991400188844246,41.95529528433901,40.956974543252585,41.92947769165039,29913200
2018-11-08,41.731520334049236,42.42001658632801,41.70569946752003,42.16183090209961,26581700
2018-11-09,41.98969483033385,42.196242009479484,41.19792188892037,41.40447235107422,21761400
2018-11-12,41.060239995924775,41.13769604153034,40.10494986112594,40.14798355102539,24412800
2018-11-13,40.44059688987713,41.524978298324626,40.44059688987713,40.78484344482422,29315900
2018-11-14,41.18072397099686,41.284000880930904,40.35452838958092,40.52665328979492,25632700
2018-11-15,40.4577873837974,41.51635398819956,40.20820981591379,41.40447235107422,29581000
2018-11-16,41.11187218607658,42.21346619295365,41.043020919142215,42.024131774902344,31670600
2018-11-19,41.834797733590676,42.29953397702593,41.12048055019841,41.309818267822266,26859000
2018-11-20,40.79345149642851,41.41309660853718,40.52665770786146,40.78484344482422,29200800
2018-11-21,41.180711206239195,41.20653206722373,40.46639752382911,40.47500228881836,19011400
2018-11-23,40.182393947140376,40.50943085158367,40.03608995065781,40.05330276489258,8906900
2018-11-26,40.68157469899695,40.845091586035586,40.191020754870884,40.83648681640625,20723000
2018-11-27,40.397557111881206,41.49915445757887,40.09634101130525,41.370059967041016,27621000
2018-11-28,41.25819520022798,42.06718154414128,41.008617450201065,42.04996871948242,28003200
2018-11-29,41.73153121967557,41.79177445227628,40.991396324284054,41.051639556884766,23592500
2018-11-30,41.26678389291476,42.445833923281164,40.93114217706666,42.43722915649414,43313700
2018-12-03,43.03106645859965,43.46137712318565,42.62657338332567,43.142948150634766,30870400
2018-12-04,42.617965564936284,42.68681355917836,41.034422301253336,41.09466552734375,35397700
2018-12-06,40.27707129306968,41.64545912524428,40.03609840889104,41.62824630737305,31661700
2018-12-07,41.25818531572209,41.36146223893248,39.78652363157716,39.79513168334961,34016400
2018-12-10,39.829546820939356,40.84508006733923,39.5971787103554,40.62992477416992,23289000
2018-12-11,41.22375709432579,41.81758454478008,40.56107837152408,40.7762336730957,23851000
2018-12-12,41.80898682653329,41.860622006490544,40.802058138237925,41.16352081298828,31305000
2018-12-13,41.53357778260512,41.80897958773711,41.18933127145649,41.55939865112305,19526000
2018-12-14,41.21514864006021,41.963888162952635,41.180723004223715,41.1893310546875,26372100
2018-12-17,41.18933856837762,41.66267965694285,40.156592285956265,40.5180549621582,26598700
2018-12-18,40.85368764770368,41.69709599326644,40.759018794516464,41.086055755615234,29014300
2018-12-19,40.870908138719535,41.07745541808215,39.054996619023306,39.21851348876953,39717600
2018-12-20,39.080810123262495,39.85537054743577,38.73656031629449,39.192691802978516,37750900
2018-12-21,39.37341702612361,40.14797736279198,38.55582628919792,38.59025192260742,52768300
2018-12-24,38.40953138855729,38.87426441785764,37.4714539950466,37.51448440551758,19241600
2018-12-26,37.86733128346687,39.76069850424205,37.44562546783148,39.75209045410156,28677600
2018-12-27,39.261534466764346,39.91560835464364,38.44394374841974,39.89839553833008,29970700
2018-12-28,40.027492578436785,41.08605959666688,39.84676290527926,40.23404312133789,24758700
2018-12-31,40.526657254334744,40.8622990369312,40.0619209631967,40.38895797729492,20490400
2019-01-02,39.55415668095964,40.85369676526791,39.39063980542181,40.5180549621582,18774600
2019-01-03,39.717666752004845,39.829545135953225,38.202971713686814,38.28903579711914,32267300
2019-01-04,39.45087265483706,40.93974681291969,39.19268697293418,40.63853073120117,35447300
2019-01-07,40.53525428237604,41.30981461969904,40.234038197311044,40.82786560058594,22736800
2019-01-08,41.13769092425611,41.335633397734284,40.259856944259965,41.086055755615234,22749200
2019-01-09,41.27539381952105,41.80037330040182,41.12048173391657,41.318424224853516,22554500
2019-01-10,41.09466275869691,41.86922316054626,40.80205141611042,41.79176712036133,27202600
2019-01-11,41.39587424518216,42.42001547134907,41.35284384610996,42.110191345214844,21751300
2019-01-14,41.705699428777876,42.02413161260589,41.568000178450035,41.61103057861328,19193900
2019-01-15,41.92086363349402,42.28232629440567,41.68849548355291,41.826194763183594,22480800
2019-01-16,41.82618540595945,42.07576632039515,41.378665309534895,41.421695709228516,19057700
2019-01-17,41.30980913134773,42.03273092246666,41.23235310790611,41.71430206298828,17448700
2019-01-18,42.265109679989095,42.4974778090708,41.903647051525496,42.33395767211914,29874600
2019-01-22,42.13601419774477,42.15322701612815,41.19793693541179,41.54218673706055,25940700
2019-01-23,41.66266786913766,41.998309577282754,40.89671560531752,41.258174896240234,18960700
2019-01-24,41.91225604660604,43.06548866709697,41.826191950742796,42.82451248168945,50578300
2019-01-25,40.32009197171311,40.819253720561505,39.373410198184224,40.483612060546875,86455700
2019-01-28,39.700449354840856,40.216820663821615,39.63159809603878,40.199607849121094,35928700
2019-01-29,40.25984996969251,40.42337006341847,39.87257313994048,40.05330276489258,20988300
2019-01-30,40.173798040038,41.03441924349553,39.97585555720389,40.91393280029297,26931700
2019-01-31,40.19101182260639,40.60410961621875,39.67463711833386,40.55247116088867,43051300
2019-02-01,40.50083632425585,42.213470735947375,40.45780263628605,41.938072204589844,37442900
2019-02-04,41.843400865248256,42.37698836077931,41.51636718051417,42.35977554321289,20905000
2019-02-05,42.32535507717257,43.650712644565786,42.32535507717257,43.039669036865234,31641600
2019-02-06,43.26051583523157,43.85810734796643,43.1479249807792,43.21721267700195,21647800
2019-02-07,42.87078869389739,43.1739141611142,42.160606196001034,42.63694763183594,27825900
2019-02-08,42.23854636414601,42.455065463836846,41.58032645094709,42.299171447753906,18851200
2019-02-11,42.4550597198106,42.71488194352268,42.07398734528748,42.23854064941406,18004100
2019-02-12,42.7495294626827,43.4250679631708,42.67158245848645,43.312477111816406,18050100
2019-02-13,43.41640278206411,44.00533488883433,43.30381194593546,43.71086883544922,17712800
2019-02-14,43.65890871430339,44.20453774040958,43.606942943877385,44.005340576171875,17545400
2019-02-15,44.386405924551255,44.75015634824637,44.24783386259808,44.74149703979492,22520400
2019-02-19,44.473016631595016,44.78480462784234,44.46435732228543,44.51632308959961,15611800
2019-02-20,44.71551967491154,44.802125982184776,44.2218564550526,44.507659912109375,21607700
2019-02-21,44.44704687729448,44.89740706552277,44.35177793119354,44.524993896484375,16162100
2019-02-22,45.642225281090994,45.884725607050875,45.087936933857485,45.460350036621094,31934100
2019-02-25,45.95401073373329,46.43035204902297,45.780794808950056,45.988651275634766,20711800
2019-02-26,45.91071181588335,46.222499870943125,45.82410549117542,46.10124969482422,16082200
2019-02-27,45.69418947764372,46.23115922518475,45.477670377324706,46.10990905761719,17590300
2019-02-28,45.83276108913971,46.057942801249254,45.7374954612064,45.86740493774414,18388800
2019-03-01,46.28311156069645,46.49097130517034,45.80677030505785,46.161861419677734,18359300
2019-03-04,46.55160649395295,46.85473191238587,46.08392444509708,46.71615982055664,21706100
2019-03-05,46.63820963307763,46.7594630960042,45.997314990989594,46.4909782409668,21057700
2019-03-06,46.447673921587814,46.464995844429275,45.85007914692369,45.858741760253906,14740500
2019-03-07,45.702852995246296,45.89339086451573,45.347761795856464,45.55561828613281,17803000
2019-03-08,45.009985592724114,45.52097073307287,44.7761445992948,45.451683044433594,16793900
2019-03-11,45.79811605985789,46.46499521300654,45.52963121519215,46.205169677734375,18963000
2019-03-12,46.19651662493276,46.733483083169,46.057944529135696,46.395713806152344,20782100
2019-03-13,46.768118531914745,47.26178174100168,46.464993159253915,47.088565826416016,25522300
2019-03-14,47.02795702350628,47.15786983034991,46.18786499839587,46.28313064575195,26647100
2019-03-15,46.490981210900905,47.3657169173557,46.490981210900905,47.053932189941406,46512500
2019-03-18,47.13186902611918,47.20981602256954,46.65552773839757,46.8547248840332,16274000
2019-03-19,47.17517740229548,47.33107140153974,46.768120481622276,46.91535186767578,18274800
2019-03-20,46.82009966413415,47.11456582443008,46.4303645543572,46.612239837646484,24325300
2019-03-21,46.69883456286409,47.625539284111774,46.62955017380445,47.322410583496094,19127200
2019-03-22,47.11455376176288,47.305088308122784,46.08392081268856,46.12722396850586,21438400
2019-03-25,45.87608164288477,46.378404386663085,45.36509628238496,45.711524963378906,16971400
2019-03-26,46.179202382569,46.568937499279976,45.93670200053547,46.28313064575195,17724300
2019-03-27,46.413035838967886,46.64687687063502,45.85008484008559,46.04062271118164,19656000
2019-03-28,46.1185684355676,46.28312176267637,45.7028521588039,45.997318267822266,13607900
2019-03-29,46.59491856035867,46.80277838974704,46.31777432372078,46.5083122253418,18736100
2019-04-01,47.06259600747887,47.261793201217884,46.8547361988097,47.2098274230957,17830400
2019-04-02,47.227134016743626,47.460974986647116,46.96731181812369,47.07990264892578,13704500
2019-04-03,47.660180296980315,48.49161610063284,47.538930137065314,48.0499153137207,24552800
2019-04-04,47.8680368914881,48.62152233788031,47.8680368914881,48.43098449707031,16520500
2019-04-05,48.28375187287233,48.456967786991676,47.521603833038455,48.153839111328125,19268400
2019-04-08,47.87670500103494,48.275102678124384,47.80742060316251,48.22313690185547,11758800
2019-04-09,47.93733148722717,48.00661919094132,47.547599717203504,47.91135025024414,13339700
2019-04-10,47.911343163275575,48.37902518270867,47.911343163275575,48.283756256103516,13084000
2019-04-11,48.292420663770436,48.56090554856167,48.17983310573296,48.327064514160156,10845800
2019-04-12,48.68215747997332,48.92466113764353,48.36171011183928,48.86403274536133,12910200
2019-04-15,48.898672794520195,48.9852824168887,48.430990745188126,48.74277877807617,11676900
2019-04-16,49.07188544226424,49.77340846918371,48.56090026794935,49.11518859863281,30301900
2019-04-17,50.613498578362496,51.60948766054884,50.33635442231079,50.717430114746094,38788400
2019-04-18,50.847345324424076,50.994580032359835,50.33636010950463,50.65681076049805,20464200
2019-04-22,50.36234588493559,50.9512781234994,50.12850485163943,50.9426155090332,12327500
2019-04-23,51.00325847155641,51.081205509975405,50.665489073014264,50.907989501953125,17739900
2019-04-24,50.68279068374034,51.34966989976815,50.35368073083147,50.85600662231445,17723700
2019-04-25,50.492244743787516,50.56153242966104,49.56554342005065,49.8946533203125,27949900
2019-04-26,45.6768634311966,45.979988800835784,44.6202493361936,45.40837860107422,72364500
2019-04-29,45.1832100391783,45.40839178240729,44.16990210610695,44.26517105102539,42142300
2019-04-30,44.16988878035072,44.542301832412114,44.05729794270412,44.204532623291016,27130900
2019-05-01,44.25649455726917,44.68953267741395,43.94470988597261,43.96202850341797,20467600
2019-05-02,43.99667425133406,44.45569692516337,43.407742118126464,43.780155181884766,22655400
2019-05-03,44.239184584564214,44.88007927747671,43.93605585893754,44.819454193115234,25656600
2019-05-06,43.786874183362855,44.684395117852205,43.73459015185793,44.63211441040039,26245200
2019-05-07,44.09185033941101,44.33583913074172,43.50802702155212,43.98728561401367,29713400
2019-05-08,43.7432931156534,44.25740764196205,42.75863241461098,42.906768798828125,36812400
2019-05-09,41.73912566592551,42.07896351593843,40.12706980881826,40.623756408691406,59642200
2019-05-10,40.46691145247226,40.78060898160083,39.299261385189816,40.257781982421875,42522800
2019-05-13,39.499676815310075,39.76980262345861,38.95070620911866,39.002986907958984,39091900
2019-05-14,39.36896804613007,39.639097175765166,39.09883891649498,39.360252380371094,24706500
2019-05-15,39.14240204341873,39.865649298365774,39.0029813263756,39.75236892700195,23407900
2019-05-16,39.62166187719487,40.03992400723934,39.57809020452304,39.67394256591797,19954700
2019-05-17,39.36896928810061,39.848227874334725,39.00298776788642,39.116268157958984,22500400
2019-05-20,38.34073494922013,38.793853124779,37.86147642716532,37.95732879638672,28675000
2019-05-21,38.63701622110069,39.02042249126112,38.497595457037505,38.741580963134766,25543400
2019-05-22,38.47144477465322,38.74157056272882,38.21002800366709,38.340736389160156,16932500
2019-05-23,37.79176915480769,38.98556276364767,37.34736658825488,38.80257034301758,35783900
2019-05-24,38.854860872118145,39.25569514812901,38.76772414222123,38.837432861328125,27168100
2019-05-28,38.915854099198064,38.941994451241506,37.73077605378628,37.96604919433594,34779900
2019-05-29,37.774348522366196,38.80257791920961,37.75692383514461,38.54116439819336,28450300
2019-05-30,38.60215472871347,39.23826208236151,38.54115836083302,38.97684860229492,21618900
2019-05-31,38.49758782162667,39.18597916192995,38.27974271323089,38.37559509277344,25532500
2019-06-03,38.558584833304046,38.85485431865764,37.6436360274938,37.87019348144531,31155700
2019-06-04,38.48016220501546,39.09012921123417,38.140324346650786,39.02913284301758,28094900
2019-06-05,39.307966234679554,39.36896259032928,38.506294622629916,38.81999206542969,20802000
2019-06-06,38.994281125773874,39.36025937543116,38.78514832307461,39.29926300048828,19076200
2019-06-07,39.429966324915746,40.188066404184895,39.29925792460434,40.109642028808594,24370300
2019-06-10,40.283914946133116,41.120439321002095,40.25777459818483,40.780601501464844,20806100
2019-06-11,41.18144267518354,41.233726704010735,40.536622939912874,40.82417678833008,18415500
2019-06-12,40.6673285108329,40.6673285108329,40.301350276837326,40.36234664916992,15900600
2019-06-13,40.606329956818115,40.920027468561806,40.54533358776271,40.6934700012207,12267600
2019-06-14,39.93536363130349,40.44947485437645,39.69137486931118,40.24905776977539,15381100
2019-06-17,40.20550113142726,40.545339040165594,39.90923158872274,40.1967887878418,12643300
2019-06-18,40.73703163960073,41.82625708450984,40.606323256590734,41.277286529541016,25732300
2019-06-19,41.373134919213484,41.46027494085211,40.95487278750394,41.015869140625,17436400
2019-06-20,41.712976527467596,41.869825256781716,40.84159617530126,41.12043762207031,20126800
2019-06-21,40.91130657653032,41.59098216056829,40.7805981992682,41.355709075927734,31096300
2019-06-24,41.30342814185629,41.6955466232371,41.10300774481672,41.50384521484375,14479900
2019-06-25,41.44285949526657,41.54742422886801,40.780608426333885,40.82417678833008,16665600
2019-06-26,41.52128215997918,42.244526246565044,41.442857782006946,41.991825103759766,21886300
2019-06-27,41.956963622470965,42.1922333830594,41.1640076664093,41.355709075927734,23062900
2019-06-28,41.62584546033546,42.00053932844563,41.54742108505537,41.712982177734375,26646200
2019-07-01,42.950340421744244,43.089761151834196,41.6084138170957,41.86982727050781,27423300
2019-07-02,41.74783139392602,42.01796049234508,41.55612665801235,41.93082046508789,15381600
2019-07-03,41.98310372968026,42.31422917922404,41.826255007478046,42.27937316894531,10739100
2019-07-05,41.852409145727314,41.983117565321805,41.33829445887053,41.89598083496094,14339200
2019-07-08,41.49513016099475,41.78268726389531,41.01587164687928,41.66940689086914,16564300
2019-07-09,41.26857587543477,41.651982051055846,41.068158784265634,41.60841369628906,17853200
2019-07-10,41.756545721182064,42.35780030367867,41.739121038953805,42.009246826171875,16032300
2019-07-11,42.31423025966079,42.505931672984474,42.09638517593446,42.349082946777344,16615100
2019-07-12,42.697656116032825,43.508040467424685,42.5320949726504,43.499324798583984,20148700
2019-07-15,43.56902307442838,43.78686818980052,43.36860596717233,43.673587799072266,14345100
2019-07-16,43.4905986069542,43.569022981282615,42.6627865054993,42.84577560424805,17131400
2019-07-17,43.13333560407844,43.30761237233984,42.90677813217564,43.03748321533203,11928600
2019-07-18,42.94162415779287,43.560306755242664,42.60178634068871,43.5167350769043,15671600
2019-07-19,43.53416545640035,44.144132421809765,43.49059709973951,43.80429458618164,29141100
2019-07-22,43.57773429500091,44.893520619456794,43.47316957304797,44.745384216308594,21688000
2019-07-23,45.31178969231205,45.31178969231205,44.70182262779723,45.09394454956055,18413500
2019-07-24,45.29435646562271,46.15702459415173,45.137507714981076,46.11345291137695,20896400
2019-07-25,45.75618420873817,45.83460857918682,45.207216939650095,45.451202392578125,27765400
2019-07-26,45.913030629924535,46.618849928301586,44.90222953079635,44.95451354980469,36401500
2019-07-29,44.902231225875,45.799755303778866,44.24869592183504,45.75618362426758,21897500
2019-07-30,45.05907778904815,45.58190800146623,44.92837272898285,45.05036544799805,16487700
2019-07-31,44.884799312491104,45.067791707976056,43.612584829121936,44.048274993896484,24169800
2019-08-01,44.02213973659937,45.21592999534738,43.10719094961656,43.133331298828125,34020800
2019-08-02,42.7760662037064,43.011339322884034,42.26195160788548,42.418800354003906,27881600
2019-08-05,41.617121737597984,41.79139846271066,40.58018037545824,40.928733825683594,38936600
2019-08-06,41.36298274308584,41.72266070839549,41.02962161659303,41.1963005065918,26119600
2019-08-07,40.617317427884366,41.126132090279555,40.327822084432334,40.99454116821289,29440400
2019-08-08,40.49449262379521,41.555980907221276,40.275176696814846,41.38052749633789,30643700
2019-08-09,41.17875837815373,41.23139540681573,40.16113258282406,40.336585998535156,24975500
2019-08-12,40.143589305544374,40.41554228347299,39.862865162229056,40.00322723388672,18494300
2019-08-13,39.90672921880187,41.275258518774656,39.79268399497227,41.091033935546875,28959500
2019-08-14,40.40677551012813,40.90681565391673,40.04709745325393,40.24009323120117,25650200
2019-08-15,40.44185731710413,40.512040023041465,39.86286337910357,40.0909538269043,21896000
2019-08-16,40.65240069577703,40.95067049280154,40.40676792640231,40.792762756347656,22701800
2019-08-19,41.63493293151863,41.75774930975099,41.26648379682154,41.433162689208984,21403600
2019-08-20,41.25770917911516,41.336663042987716,40.75766915675406,40.88048553466797,23113300
2019-08-21,41.32789616484006,41.485803908961586,41.134897067248055,41.36298751831055,15915000
2019-08-22,41.477030634654774,41.60862154084677,40.95944486825973,41.03839874267578,19783000
2019-08-23,40.66117231803185,40.90680843666621,39.30141421348465,39.441776275634766,32814000
2019-08-26,40.196222925890225,40.196222925890225,39.69618287889232,39.968135833740234,22080500
2019-08-27,40.240082152401214,40.45939806197948,39.915495543244035,40.16990280151367,16925500
2019-08-28,40.09094894020569,40.27517350109258,39.80145033324468,40.16990280151367,14888800
2019-08-29,40.75767730523941,41.42439969934567,40.70504361646512,41.11735534667969,17803800
2019-08-30,41.44193505810353,41.924429381863455,41.37175236188637,41.591068267822266,16922600
2019-09-03,41.33666449624539,41.42439287390764,40.792761940721164,41.21384811401367,15003800
2019-09-04,41.72266507999064,42.94206115486675,41.7051194034426,42.915740966796875,23450700
2019-09-05,43.801779244610195,44.889584419067425,43.749142214944605,43.95091247558594,30014200
2019-09-06,44.08249260658903,44.73166909454676,43.92458490266674,44.670257568359375,17067900
2019-09-09,44.793085069145704,45.64402857003638,44.757993718501965,45.258033752441406,20749700
2019-09-10,45.02994719719174,45.47735021044086,44.59131534845928,45.45980453491211,18532000
2019-09-11,45.26680689363251,46.310752868652344,45.073811149654695,46.310752868652344,18968900
2019-09-12,46.49497868238294,46.784477325779825,45.67912312834978,46.50374984741211,23308700
2019-09-13,46.28443021244312,46.49497496777401,45.81948153364389,46.091434478759766,18010800
2019-09-16,45.52998866605716,45.87212098336756,45.35453525175821,45.79316711425781,13354600
2019-09-17,45.661573753534306,45.74052761838461,45.047488509864756,45.573848724365234,19641100
2019-09-18,45.73176170212879,45.73176170212879,44.88081476625579,45.38962936401367,14906800
2019-09-19,45.354535180807034,45.60894246381775,45.17908176678256,45.2404899597168,11428400
2019-09-20,45.26680547105747,45.51244158207559,44.35445376861799,44.494815826416016,37067900
2019-09-23,44.59131702631302,44.9422205106053,44.205318843147296,44.65272521972656,18916600
2019-09-24,44.828169021709385,44.898351716653735,43.54736495743085,43.70527267456055,28197400
2019-09-25,43.64386655453361,44.9246706794073,43.35436794393456,44.757991790771484,19486700
2019-09-26,44.72289458516507,44.87203112620048,44.161446458550174,44.670257568359375,11351800
2019-09-27,44.41585586117838,44.933441505708814,44.161448620571306,44.54744338989258,14845700
2019-09-30,44.90712875999435,45.26680675243929,44.68781282932072,45.20539855957031,13652100
2019-10-01,45.59139111399218,45.82825269147386,44.24040434457599,44.52989959716797,18413100
2019-10-02,44.13514461619477,44.18777830438544,42.96838211269451,43.328060150146484,20078700
2019-10-03,43.42456232009238,43.92460246696769,42.573615280516854,43.88951110839844,16320100
2019-10-04,44.170217621437054,44.71412342227819,43.8894935581296,44.670257568359375,12644900
2019-10-07,44.47727193836572,44.942220646039516,44.354455551168535,44.40708923339844,12081400
2019-10-08,44.0035435135876,44.28426760725522,43.52104918675234,43.626319885253906,17409100
2019-10-09,44.27549626173762,44.5562203542533,43.99477216922195,44.28426742553711,11834900
2019-10-10,44.222863133389914,45.424713469454545,44.21409196881811,44.83694839477539,13907900
2019-10-11,45.61771665799712,46.310755848844906,45.45980890953824,45.69667053222656,24072500
2019-10-14,45.529989402525594,45.57385192018594,45.12644553916184,45.30189895629883,15016800
2019-10-15,45.55630394427621,46.55638402103171,45.46857891338361,46.18793487548828,18878100
2019-10-16,45.92475711906545,46.10898505449597,45.72298685311365,46.01248550415039,14769300
2019-10-17,46.17916442101312,46.35461784470608,45.07381354079019,45.49489974975586,16533900
2019-10-18,45.39840679943041,45.45981500467613,44.766775720907376,45.0562744140625,16974100
2019-10-21,45.196638029568206,45.76685757559497,45.038730254607856,45.73176956176758,12189000
2019-10-22,45.52999533380557,45.89844454594581,45.52122082123308,45.62649154663086,13114300
2019-10-23,45.065037439336365,45.5826231803998,44.91590420968033,45.3720817565918,15887500
2019-10-24,45.69666832260751,45.99493812788553,45.117674388420234,45.81948471069336,23413000
2019-10-25,47.538918766344,49.66189866356202,47.302057165425325,49.53030776977539,59767700
2019-10-28,49.46013353202854,49.83735723032384,49.17940938629658,49.79349136352539,32307500
2019-10-29,49.451354224363484,50.21457605889614,49.33731235193531,49.4250373840332,18155800
2019-10-30,49.40748919367341,49.67944213372834,48.793403960756194,49.65312194824219,15248000
2019-10-31,49.41626289925246,49.653121139301895,48.793403165822276,49.591712951660156,19249700
2019-11-01,49.07412157586369,49.69698123708014,48.79339750876397,49.574161529541016,17953500
2019-11-04,49.942622105613076,50.70584057837774,49.87243940414279,50.539161682128906,19068000
2019-11-05,50.416347131734625,51.18833679696732,50.18825669016933,50.48652648925781,20865400
2019-11-06,50.71146728067428,50.90552521998163,50.26159850541883,50.808494567871094,17721000
2019-11-07,51.16132897088798,51.64647883124991,51.03783664624096,51.2054328918457,16962800
2019-11-08,51.02901004516451,51.42595203406779,50.55268302339381,51.39949035644531,11888900
2019-11-11,51.134865958687946,51.60237356550054,51.07311979797358,51.47005844116211,11228900
2019-11-12,51.514157051549425,51.86699171551669,51.18778069711585,51.337738037109375,11952500
2019-11-13,51.04665066822097,51.13486186569035,50.587962536119555,51.064292907714844,15332700
2019-11-14,50.81730960309244,51.196609349768984,50.78202512318923,50.99372863769531,12119000
2019-11-15,51.31127605966131,51.77878698056225,50.82612626468533,51.12603759765625,16112100
2019-11-18,50.896701342954856,51.58473192168652,50.78202845819511,51.38185119628906,16097500
2019-11-19,51.58473132459452,51.734688689838976,50.94080467363515,51.47005844116211,17061900
2019-11-20,51.390674199155754,51.47888541082575,50.60561292231796,51.073123931884766,18542300
2019-11-21,50.71146199392499,51.4259542396816,50.640893030687444,51.35538864135742,16139000
2019-11-22,51.46123695862834,51.734686634437466,50.71146025693463,50.81731033325195,15690200
2019-11-25,51.161324587918976,51.90228183723709,51.161324587918976,51.87582015991211,15011700
2019-11-26,51.99931937713593,52.15809619199056,51.558273416964994,51.95521545410156,22338700
2019-11-27,51.62883685205107,51.68176357641719,51.081940826588536,51.6111946105957,18184200
2019-11-29,51.29364409867463,51.425955861547806,50.976090483917446,51.2054328918457,9481100
2019-12-02,51.64647707001854,51.769969390454264,50.693819623147675,50.86141586303711,19154500
2019-12-03,50.15574623448645,50.15574623448645,49.17662368198365,49.458892822265625,25737400
2019-12-04,49.97931783812274,49.97931783812274,49.27364511932673,49.41477966308594,18881400
2019-12-05,49.75879712499797,49.75879712499797,49.185436122611236,49.467708587646484,17673700
2019-12-06,49.97933341141795,50.27042539138755,49.76762984735696,50.11164855957031,16476800
2019-12-09,49.873469713713156,50.24394664366588,49.83818523517106,49.864646911621094,14298600
2019-12-10,50.023429734360555,50.12928318275569,49.78526452284172,49.917579650878906,16157900
2019-12-11,50.199857383418475,50.42919983107073,49.90876876274776,50.34099197387695,20051100
2019-12-12,50.058716179029474,51.205434995610425,49.9352238493088,50.76438903808594,27883300
2019-12-13,50.76438215138776,51.46123547732057,50.614428161330736,50.9760856628418,22795200
2019-12-16,51.34656333959568,51.66411692888341,50.85259408062652,50.896697998046875,19131200
2019-12-17,51.161326345624495,51.249534183013694,50.39390739261585,50.543861389160156,21653100
2019-12-18,50.62325288136294,50.68499904429013,50.22631085903563,50.42919158935547,28261000
2019-12-19,50.42918429973661,51.15250263859485,50.252768639682095,51.12603759765625,18865100
2019-12-20,51.44358701900635,52.08751354800807,51.06428732364862,51.999305725097656,49953000
2019-12-23,52.0963457446783,52.731449586980546,52.07870350393194,52.246299743652344,23593000
2019-12-24,52.26394812499699,52.46682887004699,52.18455971476753,52.40508270263672,6313200
2019-12-26,52.405073758423846,52.79319293946259,52.35214703899954,52.76673126220703,11480300
2019-12-27,52.84612873892744,53.348920882652195,52.83730929996462,52.99608612060547,14085800
2019-12-30,52.9166893513663,52.96961270661077,52.37861280695933,52.59031295776367,12750500
2019-12-31,52.59030930330476,52.86375895774789,52.36096692838468,52.793190002441406,14432900
2020-01-02,53.137208243109534,53.78113481370012,53.11956600440545,53.66646194458008,18056000
2020-01-03,52.75791357793213,53.54297476845825,52.75791357793213,53.01371765136719,15293900
2020-01-06,52.5638619340923,53.101938587559786,52.334519496750936,52.863773345947266,17755200
2020-01-07,52.73143932908635,52.74908156640075,51.94637827561534,51.98166275024414,21876100
2020-01-08,51.94638355821444,52.325683286764566,51.62001054698982,52.01695251464844,23133500
2020-01-09,52.08753287367767,52.4932943934728,51.893474918292256,52.30805587768555,18813300
2020-01-10,52.54620874101336,52.99607744751022,51.92874380234087,51.9904899597168,15200600
2020-01-13,52.19337009773805,52.731446633164325,52.11398506619631,52.56385040283203,16453300
2020-01-14,52.475644769589586,52.69616772844413,52.211014527033484,52.4227180480957,17051200
2020-01-15,52.308043549029115,52.61677770082197,51.822893727541164,51.9904899597168,18498800
2020-01-16,52.272764615513545,52.78437953367111,52.10516836555515,52.62560272216797,21365500
2020-01-17,52.90786197037824,52.925504208904094,52.25511596948633,52.57266616821289,21803400
2020-01-21,52.75790995020079,54.02812088703337,52.74026771101954,53.4106559753418,28358500
2020-01-22,53.84288423467451,55.439468237798536,53.78113807791906,55.3336181640625,29475100
2020-01-23,55.44829585668264,56.19807260522174,55.404191935870955,55.85405731201172,42778700
2020-01-24,58.72085561080024,61.120146577817124,58.62382496655861,60.39683151245117,84711000
2020-01-27,58.853164043141994,59.47062559096662,57.86521883679646,57.944610595703125,30764000
2020-01-28,58.65910022673958,59.61176091324935,58.16513100995341,59.373592376708984,30915400
2020-01-29,59.65586677553541,60.03516652358781,58.368013538615415,58.509151458740234,18055800
2020-01-30,57.90051059086522,58.65911014770287,57.27422616228101,58.63264846801758,18522400
2020-01-31,58.04164990123488,58.20042671294582,56.162789841017585,56.39213562011719,25268400
2020-02-03,56.85964437819211,57.37125930715375,56.718513170446265,56.82435989379883,16646600
2020-02-04,58.015179879777854,58.27098733208663,57.2654031291222,57.74173355102539,20970800
2020-02-05,58.82670445860966,59.629404499325005,58.33272847295846,59.40005874633789,23401400
2020-02-06,59.65713526265532,59.74577749484234,59.187318582423366,59.470977783203125,17408000
2020-02-07,59.26710494414139,59.65713890514116,58.51363578009392,58.52249526977539,18134600
2020-02-10,58.11472440151948,58.85933393283209,58.00835644202334,58.850467681884766,22299300
2020-02-11,59.24050430070036,60.0205653458504,59.01002910621376,59.754638671875,17975600
2020-02-12,59.92306976261524,60.35742149097267,59.66600252171848,59.79896926879883,15586600
2020-02-13,59.38233834782585,59.96738928115899,59.160729375436475,59.7812385559082,11602700
2020-02-14,59.85215174030174,60.15354347688361,59.23164928700013,59.63054275512695,13405500
2020-02-18,59.08981469959113,59.11640669197762,58.39838908269955,58.62886428833008,12758400
2020-02-19,58.85046984904504,59.56848065395633,58.66431915010389,59.488704681396484,13551200
2020-02-20,59.42665205390606,59.648260986044896,57.228288471382946,58.017215728759766,26452600
2020-02-21,57.77788518618273,57.83993542109659,56.76734892446081,57.03327560424805,20775900
2020-02-24,54.61331350625872,55.64157896164464,54.35624629704113,54.74627685546875,26903100
2020-02-25,54.95015062572045,55.20721440923653,52.7074660014396,52.94680404663086,34495700
2020-02-26,53.28366763980211,53.91303637807309,52.53906127657795,52.87590789794922,26190100
2020-02-27,51.35122556722879,51.8653565668769,49.46311638837468,49.48971176147461,42226900
2020-02-28,48.133467197486915,49.977255435285855,47.512961410478255,49.21492004394531,60721700
2020-03-02,49.45425669709383,51.60829607501277,48.32848276604894,51.572837829589844,43140300
2020-03-03,51.439867028365235,52.31743993495573,49.10854337083223,49.61381149291992,49740300
2020-03-04,50.535710135856895,52.042651870920835,49.78224095906726,52.01605987548828,29223100
2020-03-05,50.58002820819311,51.99832414240934,50.18113141998098,50.49138259887695,29099200
2020-03-06,48.91352997081297,49.64926996037955,48.346211573681046,49.436527252197266,36259200
2020-03-09,46.023746220664535,46.72403133107639,44.32179106681144,45.075260162353516,56197000
2020-03-10,46.76836235540253,47.86754449461373,44.70296821243307,47.849815368652344,36569000
2020-03-11,46.44037166294854,47.45977419963433,45.21708929522246,45.79327392578125,38563500
2020-03-12,42.54005446473247,44.40156824553008,40.217590292213835,40.3682861328125,50661700
2020-03-13,42.77939888070681,48.75397887009551,42.31845514709626,48.24871063232422,48805100
2020-03-16,42.11456525711987,46.3162726252334,38.67519663368516,39.54390335083008,53878900
2020-03-17,40.563301942357896,45.76668267980936,40.06690004355074,44.39270782470703,52085200
2020-03-18,41.405411609213374,44.36610704495165,40.06689516181984,42.20320510864258,49309900
2020-03-19,42.40709173242102,43.63923703837462,40.031443354034515,40.722862243652344,44538000
2020-03-20,41.22812800625633,43.807656076283095,40.306237334432616,40.6253547668457,52344000
2020-03-23,40.7937768559093,44.756146054718,40.69626837463899,43.94948959350586,46698500
2020-03-24,47.10520229820371,48.434856123172885,45.51848125551754,46.449241638183594,50019800
2020-03-25,46.52015838862861,47.681390703918034,44.24201826086947,45.43870544433594,41106100
2020-03-26,45.86418434798014,49.596077812441344,45.79326786926663,49.23263931274414,41459800
2020-03-27,47.35340255612621,48.434855399688914,46.156715484123,46.422645568847656,31633500
2020-03-30,46.97223447709828,49.72904697155534,46.83040488451694,49.188323974609375,31628600
2020-03-31,48.80715545664227,49.463116042798426,47.17611347974965,47.97390365600586,48074700
2020-04-01,46.5378781121896,48.479171238963794,45.58939210499322,45.98828887939453,29586600
2020-04-02,45.465289005450295,48.36393422296621,45.40323877541193,48.17778015136719,27810000
2020-04-03,47.73456849325739,48.869208664583,46.74176130214631,47.98277282714844,23906100
2020-04-06,50.19886863851717,52.09584102455432,49.74678441179779,51.79445266723633,32323400
2020-04-07,53.13296136401376,54.50693957806153,51.59942781474128,51.767852783203125,41410000
2020-04-08,52.29085630408322,52.75180000585492,51.33350388928506,52.28199005126953,26719500
2020-04-09,52.61883638140721,52.93795385139579,49.69359854231971,50.65094757080078,40499700
2020-04-13,50.145677404592895,52.095837014692975,50.145677404592895,52.03378677368164,23251900
2020-04-14,53.22160899510696,53.98394436355708,52.7517956974084,53.77119827270508,25674000
2020-04-15,52.9556765308486,53.035455888636754,51.75898616402628,52.18447494506836,22841600
2020-04-16,52.84044562314045,54.037132760075835,52.13129756490153,53.88644027709961,24433500
2020-04-17,54.97675146303575,55.0742599469352,53.03545818157306,53.50526809692383,27385600
2020-04-20,52.547912703962446,53.22160579997869,52.20220328588125,52.45927047729492,26420300
2020-04-21,51.51078489788196,51.9451365464097,49.578354582656274,49.95952224731445,25248000
2020-04-22,51.652615916528006,53.62936740004064,51.24485624867898,53.2747917175293,23350400
2020-04-23,52.893630579212044,53.274798301498876,52.131298516123124,52.33517837524414,35092000
2020-04-24,49.81769061117981,52.65428573216748,49.72904500589277,52.530181884765625,50187000
2020-04-27,52.93795572701258,53.03546422201771,51.758994296837486,52.716346740722656,25902200
2020-04-28,53.17728786285833,53.38116770155847,51.64375087433727,52.07810592651367,28784700
2020-04-29,52.68974900332231,54.98561813372808,52.58337764148258,54.78173828125,30451500
2020-04-30,54.400560202279685,54.5512560358566,52.96453525596282,53.16841506958008,26279900
2020-05-01,52.14903112286241,52.583382866063694,50.8016480069088,50.943477630615234,21194800
2020-05-04,50.633217283397705,51.47533205841141,49.91520637390511,51.4044189453125,18957200
2020-05-05,52.113564171892236,52.56564496527351,51.72353023569684,52.07810592651367,17252100
2020-05-06,52.63079849266885,53.44201153221524,52.54165214730997,52.75559997558594,17848700
2020-05-07,53.42418366828152,53.57572735849942,52.52382425969542,52.74668502807617,14733500
2020-05-08,53.192405700683594,53.29046498127175,52.63971195624221,53.192405700683594,20384500
2020-05-11,53.254819529872485,54.23540571294199,53.228073920838426,53.602481842041016,18684400
2020-05-12,53.6827074927761,54.057111982878325,51.93547633720849,52.05136489868164,16754900
2020-05-13,52.10485530837745,52.800179910695405,50.72311903941331,51.47193145751953,21065000
2020-05-14,51.09751642467854,52.728858872643556,50.00995479270186,52.66645812988281,21569400
2020-05-15,51.16883303128105,52.03353048754005,50.77659590829907,51.95330047607422,21373300
2020-05-18,53.25481512104276,53.73619183618555,52.91606577287242,53.4152717590332,20428700
2020-05-19,53.60247117772139,55.06443722551057,53.35286481305069,53.74510192871094,21865000
2020-05-20,54.52065886231564,56.597722879589,54.39585737469305,56.250057220458984,30584000
2020-05-21,56.250059476124896,56.87407033984664,55.10901337143528,55.251644134521484,20987700
2020-05-22,55.251644419464164,55.55473521765864,54.75243504579513,55.50124740600586,14103000
2020-05-26,56.76710096200285,57.17716400134875,55.3764484017943,55.572566986083984,20933600
2020-05-27,55.55473851152206,56.68687175423826,54.44043454041389,56.66012954711914,19886300
2020-05-28,56.16091233708321,56.5620623910366,54.81483482335672,55.002037048339844,17253500
2020-05-29,55.18033300430275,56.74927147078427,54.93072660692317,56.09851837158203,33393900
2020-06-01,55.70629022320476,55.85783394351713,54.96639069296589,55.14468002319336,14317700
2020-06-02,55.00204886922599,55.42102488176879,54.22649419862633,55.3764533996582,20702400
2020-06-03,55.670620199762126,55.75085021179464,54.85049081003139,55.207069396972656,16737300
2020-06-04,55.03769223717502,56.579888216888854,54.68111367745331,56.1341667175293,22010100
2020-06-05,56.48183918796344,58.041864718689006,56.30354987576336,57.35544967651367,26813100
2020-06-08,57.02561435276546,57.18607437762805,56.10742567703274,56.7581787109375,21546200
2020-06-09,56.1519998771897,56.793836568352056,56.07176986572124,56.196571350097656,23594100
2020-06-10,55.97370949868904,57.31087406348953,55.93805096082055,56.936466217041016,21367800
2020-06-11,56.223312657022745,56.42834414959759,53.05869052283512,53.21915054321289,26998200
2020-06-12,53.58464876317732,54.34237408712569,51.810675382774235,52.88932418823242,30419800
2020-06-15,52.889317404423316,53.80750265106335,52.22073512178204,53.57572555541992,29651700
2020-06-16,54.81483949794248,54.957470262557685,53.03195323995956,53.84316635131836,23226600
2020-06-17,54.146250188404125,54.62762683171304,53.5400686665934,53.92338943481445,20454800
2020-06-18,53.79858610338085,53.941216853756416,52.88040086037472,53.557899475097656,24899700
2020-06-19,54.06602733114416,54.279971778555975,52.68428775568947,53.1478385925293,60336100
2020-06-22,53.24589437205393,53.97687742027667,52.44359764625567,53.56681442260742,22846000
2020-06-23,53.65596181689746,53.90556821056359,53.36178734656497,53.4152717590332,22809600
2020-06-24,53.165669953990566,53.31721706073708,52.300968993517024,52.675376892089844,27764500
2020-06-25,52.57731215816619,52.675371440514965,51.24014754559659,52.15833282470703,21906900
2020-06-26,52.14051442841326,52.35445889275871,50.87466331212326,51.25798416137695,38477500
2020-06-29,51.231235550268245,52.015703022268305,50.598308370937616,51.94438934326172,22150300
2020-06-30,52.33662234929174,53.4687554676345,52.18507865815046,53.33504104614258,31542100
2020-07-01,53.40635196720706,53.51332417899556,52.38119111909587,52.42576599121094,14748100
2020-07-02,52.76451727848987,53.31721446371969,52.56840210363361,52.71103286743164,15578600
2020-07-06,52.34553599727974,53.14783268680225,52.238560384875164,53.07651901245117,20536700
2020-07-07,52.65753667395936,53.103258164953154,51.82849442866411,51.98004150390625,15996500
2020-07-08,52.1048553395671,52.327716137939426,51.64130447088235,52.24748611450195,13277900
2020-07-09,51.881990750672706,52.37228379115361,51.43626918649268,52.07810592651367,20683700
2020-07-10,51.6591295174348,53.210238642907235,51.55215729512978,53.06760787963867,17742300
2020-07-13,53.34395424608935,54.0392787629463,52.05136109505655,52.22073745727539,19082900
2020-07-14,51.58781010622829,52.81800250924036,51.12425929638917,52.57731246948242,24190900
2020-07-15,52.62188720703125,52.89823580328204,52.07810635021379,52.62188720703125,19986300
2020-07-16,52.18508328042731,52.91606639786994,52.06028178241307,52.719947814941406,12425900
2020-07-17,52.969548879396946,53.89665054596068,52.84474738593369,53.48658752441406,16322800
2020-07-20,53.557901633690875,54.716776952272724,52.89823226125079,54.51174545288086,16868700
2020-07-21,54.84157489135315,55.20706639281586,53.8788147993527,54.110591888427734,19803700
2020-07-22,54.654376899476254,55.06443990344048,54.0392789929444,54.42259979248047,18959900
2020-07-23,54.60980458575906,55.03770028019034,53.4687584688374,53.84316635131836,43518600
2020-07-24,46.48875883891463,46.51550104362008,44.12643327314824,45.098106384277344,182269900
2020-07-27,45.49033342775102,45.58839269802046,44.09968457835896,44.18882751464844,107526500
2020-07-28,44.108613061854555,44.77719552148357,43.80552221079928,43.89466857910156,62362600
2020-07-29,44.117512420163244,44.12642535327017,42.700118015216624,42.851661682128906,60500800
2020-07-30,42.63773039785593,43.23499571671275,42.42378253104117,42.78036117553711,39735200
2020-07-31,42.90516647510098,43.07453947589216,41.871092395321256,42.548587799072266,46536000
