Date,Open,High,Low,Close,Volume
2016-04-01,48.24238977916375,48.73314009526884,47.82174808377212,48.69808578491211,24399200
2016-04-04,48.57539749145508,48.77695475512948,48.19857202455336,48.57539749145508,18928800
2016-04-05,48.36507865032464,48.46147633656525,47.72535250150255,47.81298828125,19272300
2016-04-06,47.63772239651565,48.37384626761054,47.506270391941676,48.30373764038086,21188700
2016-04-07,48.08464005584226,48.119694359878686,47.52378456310922,47.725341796875,19225100
2016-04-08,47.909392095420735,48.443958757184035,47.602675163079745,47.6903076171875,22167200
2016-04-11,47.751651298982736,48.33003415088599,47.5851449666555,47.593910217285156,21414200
2016-04-12,47.64648031541437,48.00577864248474,47.111913777903155,47.8918571472168,24944300
2016-04-13,48.30373751150215,48.584165333745965,48.10218022319962,48.50529479980469,20818000
2016-04-14,48.391366607321366,48.70684869948493,48.259914621265594,48.51405334472656,20877100
2016-04-15,48.461472103380935,49.004800518501845,48.29496915084984,48.768192291259766,28793800
2016-04-18,48.62798202040667,49.59195218447305,48.38260518323678,49.47802734375,23786000
2016-04-19,49.6270095503861,49.74969630504066,48.79448798856301,49.41668701171875,29596800
2016-04-20,49.329055258332566,49.51308539287985,48.62798569127385,48.71561813354492,36195700
2016-04-21,48.899630116849515,49.27645549607394,48.566620942496314,48.882102966308594,38909100
2016-04-22,45.490698693346744,45.946394786855954,44.49167405652271,45.376773834228516,126834100
2016-04-25,45.3767615663358,45.68348174365903,45.245312927165365,45.66595458984375,33226900
2016-04-26,45.79741219246106,45.87628272858493,44.77209856581414,45.07881546020508,33532600
2016-04-27,45.11387111902824,45.13139827679621,44.29887666911697,44.640647888183594,43369300
2016-04-28,44.36022046165383,44.491672474652226,43.43130449207219,43.7292594909668,43134800
2016-04-29,43.24726495446769,44.03597023618155,43.24726495446769,43.70296096801758,48411700
2016-05-02,43.816881569065394,44.47413479260137,43.62408622041342,44.35144805908203,33114500
2016-05-03,44.11484630286734,44.17618968326181,43.466354840601255,43.62409591674805,26460200
2016-05-04,43.67667190628148,43.86946727358111,43.34366263811751,43.70296096801758,24257600
2016-05-05,43.702957931617895,44.07978339081527,43.58027119475602,43.76430130004883,25390700
2016-05-06,43.7467659394277,44.15864562988281,43.51891966270583,44.15864562988281,24787300
2016-05-09,44.246298490076484,44.33393093585636,43.81689148264263,43.87823486328125,17951600
2016-05-10,44.106071234286084,44.780848217272265,43.983381167144266,44.71074295043945,22891000
2016-05-11,44.80715009801804,45.37676762979717,44.69322525447693,44.73704147338867,24039100
2016-05-12,44.86848185545436,45.403048279468685,44.62310507574931,45.14014434814453,24102800
2016-05-13,45.078803455064325,45.481921278432104,44.728270432392925,44.76332473754883,22592300
2016-05-16,44.51795550750728,45.53450712899104,44.47413929009981,45.42058563232422,20032000
2016-05-17,45.64119383666117,45.650017025376705,44.44103819068283,44.57340621948242,27803500
2016-05-18,44.546953244652556,45.12938158480231,44.38810884585299,44.83816909790039,24907500
2016-05-19,44.53811405215898,44.670482092709584,43.964509110738916,44.40574264526367,23842400
2016-05-20,44.546930174651116,45.19995718334203,44.47633457082583,44.670475006103516,23905800
2016-05-23,44.65283200601,44.723430986839716,44.105703369958455,44.14982604980469,26118700
2016-05-24,44.74109388017251,45.632384393831934,44.47635435695109,45.5264892578125,34757900
2016-05-25,45.817699900188934,46.320709350542316,45.702981576710336,45.99419403076172,24040200
2016-05-26,45.82652493155732,45.87064762114424,45.323518864306465,45.79122543334961,24335200
2016-05-27,45.817692793362625,46.17068099975586,45.68532474072393,46.17068099975586,17721400
2016-05-31,46.11773240149629,46.77075958251953,45.95889140938558,46.77075958251953,37653100
2016-06-01,46.27658574480988,46.72664596993134,46.27658574480988,46.638397216796875,25324800
2016-06-02,46.45307282154649,46.54132156126274,45.74709973554256,46.3118782043457,22840800
2016-06-03,46.22362814140441,46.25892426736477,45.535301506831985,45.702972412109375,23368300
2016-06-06,45.87948777034531,46.19717324929049,45.79123899868296,46.00303268432617,18243300
2016-06-07,46.10009549700827,46.53250261008875,45.97654724121094,45.97654724121094,20866800
2016-06-08,45.90596093284104,46.276595676512805,45.77358945790316,45.92361068725586,21149400
2016-06-09,45.88829026107473,45.88829026107473,45.438233510859796,45.55295181274414,20305700
2016-06-10,45.04994787870583,45.93241503937135,45.041124688291,45.42940902709961,25833200
2016-06-13,43.75271924303375,44.75873117103809,43.29383595956174,44.24689865112305,83217800
2016-06-14,44.03511151113264,44.21160224557007,43.743895739889936,43.97333908081055,42577100
2016-06-15,43.92921466044982,44.22925363300662,43.84979248046875,43.84979248046875,33757600
2016-06-16,43.699764899584,44.538109197062106,43.690938344702644,44.46751022338867,31188600
2016-06-17,44.48516495924613,44.50281470464526,43.96450925217811,44.238075256347656,45710500
2016-06-20,44.688137092188825,44.855808009482494,44.14983157816305,44.18513107299805,35607900
2016-06-21,44.29984435190401,45.38527836476978,44.26454486375931,45.173484802246094,34097800
2016-06-22,45.0764238264353,45.411758921069854,44.961702153878726,44.99700164794922,28816800
2016-06-23,45.25291694425633,45.94124364945453,45.13819863201097,45.80887222290039,29028800
2016-06-24,43.95568933409781,44.95287477578017,43.69977305628058,43.97333908081055,133503000
2016-06-27,43.32914363353915,43.37326969217582,42.393730438124955,42.737892150878906,50216300
2016-06-28,43.17028619705294,43.655645764558194,42.94966943594859,43.62916946411133,38140700
2016-06-29,44.04393640188796,44.75873602280043,43.94686447439237,44.599891662597656,31304000
2016-06-30,44.75873052729064,45.270559673499505,44.56458669613657,45.15583801269531,28527800
2016-07-01,45.12054549583237,45.64120123945195,45.067596255917756,45.14701843261719,21400400
2016-07-05,44.85580244286767,45.252909928272345,44.7763802725178,45.15583801269531,24806400
2016-07-06,44.811688859608616,45.48236589938993,44.46752714782283,45.34117126464844,28167500
2016-07-07,45.37646739857459,45.54413834169273,45.06760518706058,45.34117126464844,19585200
2016-07-08,45.65001685262068,46.20597199723939,45.49117252558677,46.15302276611328,28391000
2016-07-11,46.32954004645096,46.62075591401763,46.30306710079802,46.40896224975586,22269200
2016-07-12,46.71781862514389,47.123756150038695,46.58545054718865,46.956085205078125,27317600
2016-07-13,47.264947436485265,47.529686939978326,46.9296089366765,47.220821380615234,25356800
2016-07-14,47.51203535366421,47.6444067834648,47.28259535720119,47.423789978027344,24545500
2016-07-15,47.60910556699988,47.65322825322457,46.956078365300854,47.38848876953125,32024400
2016-07-18,47.38847617995695,47.953254492818225,47.256104790104466,47.617916107177734,31433900
2016-07-19,47.397317993777826,47.56498893565892,46.70899457528459,46.850189208984375,53336500
2016-07-20,49.550534912906144,50.1594360725409,49.00340282197555,49.338741302490234,89893300
2016-07-21,49.400516892238514,49.621133707602034,49.20637301748807,49.24167251586914,32776700
2016-07-22,49.488758456102886,49.974114706195905,49.224015623011276,49.921165466308594,32157200
2016-07-25,49.832937874360354,50.07120448932287,49.6476171518254,50.0623779296875,25610600
2016-07-26,49.87703503188351,50.5565350229556,49.868208476768146,50.08882522583008,28079000
2016-07-27,49.9564648192596,50.12413236224775,49.51523125380611,49.5858268737793,32327500
2016-07-28,49.418156384809784,49.74466826120432,49.171066680116056,49.60347366333008,37550400
2016-07-29,49.647592543221144,50.08882604859274,49.462275278887745,50.01823043823242,30558700
2016-08-01,49.947639056296175,50.080010474573136,49.54170497755283,49.92999267578125,26003400
2016-08-02,50.16825584252778,50.2123818928501,49.691726142689724,49.92999267578125,35122000
2016-08-03,50.018245971964554,50.397707173737665,49.8505783997363,50.27416229248047,22075600
2016-08-04,50.124134881358316,50.75951232477417,50.00941320599821,50.64479064941406,26587700
2016-08-05,50.87424154978869,51.36842108680746,50.697747415276716,51.147804260253906,29335200
2016-08-08,51.23604202270508,51.26251495898357,50.98894894084115,51.23604202270508,19473500
2016-08-09,51.33311994498668,51.6243357625701,51.200751873095086,51.359596252441406,16920700
2016-08-10,51.32428184392619,51.465476432734796,51.02424292191482,51.20073699951172,15756900
2016-08-11,51.209563684126984,51.58020160901486,51.209563684126984,51.44783020019531,18162300
2016-08-12,51.20955674377835,51.3507513230891,50.847745423898026,51.13013458251953,21655200
2016-08-15,51.19191428777074,51.62432464203247,51.1477916066448,51.28898620605469,19283900
2016-08-16,51.15578940232534,51.16466758363606,50.85388042787171,51.00483322143555,20523500
2016-08-17,51.09361797098343,51.2179327992256,50.81834700321504,51.11137771606445,18856400
2016-08-18,50.98708104983389,51.23571419872633,50.853887986420595,51.146915435791016,14214300
2016-08-19,50.995960290680586,51.262349792666974,50.79172822624681,51.1646728515625,17271000
2016-08-22,51.1469261037729,51.28012258229414,50.845017021474966,51.209083557128906,15221900
2016-08-23,51.413315775343236,51.66194557287902,51.36891469378875,51.40443420410156,18732400
2016-08-24,51.32449858510352,51.537612183191484,51.25346297729135,51.45769500732422,18151500
2016-08-25,51.39554155999376,51.759607969952214,51.30674280919536,51.65304946899414,18552600
2016-08-26,51.75072025474835,52.12366818915441,51.22681954290274,51.52872848510742,20971200
2016-08-29,51.66192797347591,52.034872542730476,51.59088897705078,51.59088897705078,16417200
2016-08-30,51.48435140864191,51.67082375679375,51.15580440656578,51.40443420410156,16930200
2016-08-31,51.19131804225968,51.32451110965732,50.88052744367875,51.02260208129883,20860300
2016-09-01,50.623019734567634,51.342274544467365,50.623019734567634,51.13804244995117,26075400
2016-09-02,51.209083557128906,51.67082705872146,50.98709168447828,51.209083557128906,18900500
2016-09-06,51.30674886420852,51.32450861646413,50.80060778056591,51.15579605102539,16278400
2016-09-07,51.03148274187304,51.360029700389326,50.97820348346777,51.2001953125,17493400
2016-09-08,51.1735620218009,51.31563666978407,50.77397601580861,50.995967864990234,20146100
2016-09-09,50.42765070015955,51.07586625454784,49.912628173828125,49.912628173828125,35113900
2016-09-12,49.72615876028021,50.800598163392365,49.3798521251718,50.65852355957031,29303000
2016-09-13,50.17015085363385,50.30334729932624,49.770564903883006,50.1967887878418,30130200
2016-09-14,50.072471753499926,50.285585379956665,49.75280300747791,49.957035064697266,24062500
2016-09-15,49.859372436803355,50.92493064053482,49.70841621263435,50.78285598754883,26847000
2016-09-16,51.173552919353824,51.173552919353824,50.39214080077592,50.836124420166016,44607000
2016-09-19,50.853888084852954,51.280111985788125,50.480940054455644,50.551979064941406,20937100
2016-09-20,50.9249228899914,50.9249228899914,50.39214386921223,50.4454231262207,17384000
2016-09-21,51.06698680005401,51.368895751731394,50.68516406063108,51.288978576660156,33707300
2016-09-22,51.43105763146713,51.5020966320485,51.173549722674636,51.342262268066406,19822200
2016-09-23,51.38667230011225,51.42219180893975,50.95157017261927,50.995967864990234,19955300
2016-09-26,50.685167766369446,50.73844362876163,50.46317597353284,50.525333404541016,21688700
2016-09-27,50.551968143270386,51.55537193197596,50.32997636445305,51.45769500732422,28065100
2016-09-28,51.39553545571822,51.55536980084573,51.209059794852394,51.52872848510742,20536400
2016-09-29,51.33338864659436,51.653054015628385,50.800606256885075,50.969322204589844,25463500
2016-09-30,51.12027750057364,51.29787163911783,50.91604542681209,51.146915435791016,29910800
2016-10-03,50.978201437979926,51.10251631527763,50.66741424473567,50.98707962036133,19189500
2016-10-04,50.85388937026842,51.14691682761277,50.587499848866315,50.82725143432617,20085900
2016-10-05,50.87165067682321,51.466587179878125,50.84500935274086,51.182437896728516,16726400
2016-10-06,51.271236419677734,51.37779155351776,50.86276886319212,51.271236419677734,16212600
2016-10-07,51.368883446028974,51.484320090661875,50.98705741074891,51.324485778808594,20089000
2016-10-10,51.42218385226943,51.848407730268356,51.38666434893794,51.537620544433594,18196500
2016-10-11,51.404433864610134,51.51987057870091,50.516466436615964,50.78285598754883,26497400
2016-10-12,50.71181106567383,50.85388569263555,50.08135512023907,50.71181106567383,22177500
2016-10-13,50.34774414188067,50.88052314107096,50.010315635819474,50.543094635009766,25313700
2016-10-14,50.72069011367677,51.271232266461396,50.72069011367677,50.98707962036133,27402500
2016-10-17,50.93380126037794,51.022596629154584,50.49869582378951,50.809486389160156,23830000
2016-10-18,51.08475861295182,51.457706647135744,50.97820348346777,51.2001953125,19149500
2016-10-19,51.03149431947116,51.360041352525435,50.96933686422649,51.08477020263672,22878400
2016-10-20,51.058116229861064,51.075875981115814,50.31222361379265,50.836124420166016,49455600
2016-10-21,53.526670242288134,53.67762645169829,52.825178617125424,52.976131439208984,80032200
2016-10-24,53.22475764291723,54.1660041809082,53.215879460524285,54.1660041809082,54067000
2016-10-25,54.0328053064727,54.49454867866967,53.988407621849696,54.15712356567383,35137200
2016-10-26,53.99729012678499,54.34359681510164,53.69538112386062,53.83745574951172,29911600
2016-10-27,53.81969025347312,54.01504411313974,53.35794692255942,53.366825103759766,28479900
2016-10-28,53.286916351368816,53.73978157270612,52.905093527499666,53.162601470947266,33574700
2016-10-31,53.42011055184768,53.650980550431896,53.20699691772461,53.20699691772461,26434700
2016-11-01,53.25140099875808,53.29579868707135,52.61206344760223,53.10044479370117,24533000
2016-11-02,53.11819922400782,53.2158761609056,52.656455859698575,52.77189254760742,22147000
2016-11-03,52.860698830226326,52.958375787292844,52.4877541439653,52.5765495300293,21600400
2016-11-04,52.07928104768071,52.638697981464496,51.96384435566486,52.1325569152832,28697000
2016-11-07,53.0826871551452,53.739784485263236,53.0826871551452,53.65098571777344,31664800
2016-11-08,53.7664206035109,53.970652680840544,53.411235707543625,53.69538497924805,22935400
2016-11-09,53.27803659928572,53.80193742800509,52.56766345542718,53.42898941040039,49632500
2016-11-10,53.70425686190002,53.713138430970034,51.17355164912411,52.12367630004883,57822400
2016-11-11,51.70633432034114,52.49662465775876,51.51098043474978,52.40782928466797,38767800
2016-11-14,52.407829751150004,52.461109007874526,50.86276517940265,51.60865783691406,41328400
2016-11-15,52.145034275015455,53.182034616238035,52.13609270600828,52.62777328491211,35904100
2016-11-16,52.690347252105525,53.33400377101824,52.57413414413119,53.32506561279297,27332500
2016-11-17,54.00449029388493,54.487232791401,53.6111464497292,54.21010208129883,32132700
2016-11-18,54.33526481052143,54.657093189729366,53.906161441647654,53.95085906982422,27686300
2016-11-21,54.084940508022896,54.50510559993078,54.013421594417515,54.406768798828125,19652600
2016-11-22,54.51404742091295,54.7643568149269,54.36207483460727,54.63920211791992,23206700
2016-11-23,54.540864648605044,54.62132172573494,53.861451983004635,53.995548248291016,21848900
2016-11-25,53.90614742148695,54.111759185791016,53.75417484317029,54.111759185791016,8409600
2016-11-28,53.941902115116555,54.54979919511794,53.82568559417855,54.18327331542969,20732600
2016-11-29,54.21903718420969,54.89844981765477,54.10282065380912,54.61238098144531,22366700
2016-11-30,54.406773513596626,54.692842372389244,53.83463579601139,53.870391845703125,34655400
2016-12-01,53.73629174492726,53.77205120000987,52.690349850121585,52.92278289794922,34542100
2016-12-02,52.8155147468402,53.16416095328647,52.565201939224856,52.96748733520508,25515700
2016-12-05,53.36976636892302,54.165395496008514,53.24461168514004,53.83462905883789,23552700
2016-12-06,54.02236882945435,54.049186719764215,53.45916926147824,53.593265533447266,19907000
2016-12-07,53.64689199138066,54.8716277259159,53.45915997141574,54.86268615722656,30809000
2016-12-08,54.80011399022455,55.050426784015926,54.38889045713746,54.540863037109375,21220800
2016-12-09,54.692833058209274,55.416946651954675,54.64813544604926,55.39906692504883,27349400
2016-12-12,55.26497885894166,55.694082137572266,55.175583621388924,55.57786560058594,20198100
2016-12-13,55.872879573737556,56.69532672416221,55.64044989520318,56.30198287963867,35718900
2016-12-14,56.31985177454629,56.72213711212061,55.89968670972318,56.033782958984375,30352700
2016-12-15,56.0516757656691,56.453961197115134,55.694087957670384,55.944400787353516,27669900
2016-12-16,56.27514804539097,56.27514804539097,55.53315479115027,55.694068908691406,42453100
2016-12-19,55.926520731290076,57.008218899402536,55.801362612069994,56.874122619628906,34338200
2016-12-20,56.936693715419246,57.035030521748986,56.34667628765049,56.8026008605957,26028400
2016-12-21,56.70426405426596,56.94563528519996,56.42713336462849,56.8026008605957,17096300
2016-12-22,57.070785822991766,57.30321546721314,56.68638019545648,56.8115348815918,22176600
2016-12-23,56.72213677431891,56.80259384135463,56.141057577926624,56.53440475463867,12403800
2016-12-27,56.507582573196714,57.27639377721994,56.507582573196714,56.570159912109375,11763200
2016-12-28,56.67743512603693,56.67743512603693,56.167874874495396,56.310909271240234,14653300
2016-12-29,56.19469785092898,56.4986463978337,56.07848132735118,56.2304573059082,10250600
2016-12-30,56.284096281864095,56.310917579729846,55.452707662425794,55.55104446411133,25579900
2017-01-03,56.13213285195831,56.17683047540563,55.54211535590748,55.944400787353516,20694100
2017-01-04,55.85498302623255,56.09635420254426,55.53315479115027,55.694068908691406,21340000
2017-01-05,55.595732124615274,56.01589714377369,55.4526977323797,55.694068908691406,24876000
2017-01-06,55.69408399367447,56.45395717903566,55.46165432216541,56.17682647705078,19922900
2017-01-09,56.105302763028845,56.39137501075187,55.90863256861928,55.99802780151367,20382700
2017-01-10,56.07848893956359,56.382437527726935,55.67620354196361,55.98015213012695,18593000
2017-01-11,55.97121324148241,56.52547122084228,55.810299084537654,56.48971176147461,21517300
2017-01-12,56.37349969436343,56.67744828428711,55.38119684460643,55.971214294433594,20968200
2017-01-13,55.98015877570063,56.20365031087533,55.73878750848672,56.05167770385742,19422300
2017-01-17,56.03378115094017,56.05166087761202,55.45270196983704,55.89968490600586,20664000
2017-01-18,56.02485162237659,56.051672923252916,55.53317096896935,55.87287902832031,19670100
2017-01-19,55.64043314298363,56.301965928244854,55.60467369237251,55.694068908691406,18451700
2017-01-20,56.02484447800915,56.15894073466094,55.75665537491505,56.087425231933594,30213500
2017-01-23,56.05166231717769,56.427126356302075,55.935445795930455,56.28409194946289,23097600
2017-01-24,56.49864493311835,56.981387332194856,56.266211891988526,56.78471374511719,24672900
2017-01-25,57.16912850135662,57.303221360201775,56.72214548478652,56.927757263183594,23672700
2017-01-26,57.32110312051029,57.69656720849059,56.81153935649321,57.45519256591797,43554600
2017-01-27,58.4564190628388,58.921285066037676,58.00943619383381,58.8050651550293,44818000
2017-01-30,58.72462458605931,58.814019815678584,57.92899544773579,58.2239990234375,31651400
2017-01-31,57.982631014472474,58.241881953736225,57.446252818252454,57.794898986816406,25270500
2017-02-01,57.53564449747253,57.768077535646455,56.74001541108088,56.83835220336914,39671500
2017-02-02,56.54335119443447,56.68638562231239,56.09636818103973,56.471832275390625,45827000
2017-02-03,56.76684310440157,56.94563699307157,56.38243743733452,56.927757263183594,30301800
2017-02-06,56.76685500985324,56.900951307031576,56.44502662479361,56.89200973510742,19796400
2017-02-07,56.981392458306566,57.017148505366144,56.525467903649066,56.704261779785156,20277200
2017-02-08,56.82942925408423,57.04398263575431,56.516542458117776,56.623817443847656,18096400
2017-02-09,56.784717037828194,57.607167477672284,56.605923167409095,57.2674560546875,22644400
2017-02-10,57.437305241823196,57.48200626200742,57.1959340557064,57.21381378173828,18170700
2017-02-13,57.428376212121776,57.98263760949556,57.33003940258095,57.85748291015625,22920100
2017-02-14,57.92942798743573,58.20823531899627,57.578661301522075,58.073326110839844,23108400
2017-02-15,58.01037685757376,58.07333358124303,57.70458901739965,58.037357330322266,17005200
2017-02-16,58.22622822581195,58.67592107526443,57.956416633201464,58.02836227416992,20546300
2017-02-17,57.98339598172591,58.18126192953043,57.830502062701775,58.11830520629883,21248800
2017-02-21,58.10930202928531,58.41508982839844,57.96539704492573,58.001373291015625,20655900
2017-02-22,57.85748379076959,57.91144473706243,57.60565689237856,57.884464263916016,19292700
2017-02-23,57.93842395294554,58.21723818020108,57.73156908879952,58.11830520629883,20273100
2017-02-24,58.0373569268478,58.28019490343268,57.686597060019146,58.11830520629883,21796800
2017-02-27,58.046347317638386,58.046347317638386,57.60565029591857,57.767539978027344,15871500
2017-02-28,57.6326385369506,57.74056043172986,57.344831950374164,57.54269790649414,23239800
2017-03-01,57.6776168503637,58.45108929413949,57.578683849757255,58.406124114990234,26937500
2017-03-02,58.181257941500526,58.23521888292366,57.45275435433341,57.56967544555664,24539600
2017-03-03,57.55169512177315,57.81251437939769,57.2189199271028,57.7855339050293,18135900
2017-03-06,57.53370479281541,58.06433906646391,57.389803216885404,57.80351638793945,18750300
2017-03-07,57.73157049951813,58.26220477089834,57.73157049951813,57.920440673828125,18521000
2017-03-08,57.79452122540117,58.532017151200726,57.785525448005366,58.45106887817383,21510900
2017-03-09,58.630948294856246,58.63993721020499,57.992385354955644,58.21723175048828,19846800
2017-03-10,58.5590035005877,58.693912727998146,58.235224099509956,58.39711380004883,19538200
2017-03-13,58.469063896597326,58.630953590473595,58.073332008951326,58.19924545288086,20100000
2017-03-14,58.03734615610398,58.05533770898448,57.69558213081063,57.92942428588867,14280200
2017-03-15,58.055343671418676,58.388111954447936,57.7855252446355,58.2352180480957,24833800
2017-03-16,58.235209195781074,58.244204971777776,57.83048847889541,58.13627624511719,20674300
2017-03-17,58.379115891721995,58.67590789072723,58.17225420827783,58.3431396484375,49219700
2017-03-20,58.37912910521933,58.62196022514346,58.20824362638154,58.39711380004883,14598100
2017-03-21,58.63094304710412,58.909750356844405,57.67758974937359,57.749542236328125,26640500
2017-03-22,57.66861923270797,58.58598971786086,57.66861923270797,58.487056732177734,20680000
2017-03-23,58.406096358743675,58.67590789072723,58.25319560934285,58.3431396484375,19269200
2017-03-24,58.78383784770845,58.86477925046315,58.244207910709626,58.442073822021484,22617100
2017-03-27,58.12728313410397,58.65792415397211,57.875456288783596,58.54999542236328,18614700
2017-03-28,58.424094928584445,58.88278356221824,58.14528755410528,58.72089385986328,20080400
2017-03-29,58.567986981644864,58.90975100579354,58.41508622974042,58.88277053833008,13618400
2017-03-30,58.83783292639621,59.34149377340019,58.78387195991293,59.098655700683594,15122800
2017-03-31,59.044661812749965,59.530330825618435,58.864780588483626,59.2335319519043,21040300
2017-04-03,59.18857397131018,59.305498510262304,58.63095919822299,58.95473861694336,20400900
2017-04-04,58.81083581976401,59.18857620191722,58.71190283466165,59.11663055419922,12997400
2017-04-05,59.62927642189883,59.67424159117043,58.8558041480345,58.96372604370117,21448600
2017-04-06,58.99970601084062,59.41342264773733,58.89178410837911,59.11663055419922,18103500
2017-04-07,59.22455685050829,59.32348984295046,58.85581222012617,59.07166290283203,14108500
2017-04-10,59.008701013178474,59.197571201768795,58.783854570318255,58.93674850463867,17952700
2017-04-11,58.99970274976785,59.008698528398746,58.32516344959116,58.891780853271484,18791500
2017-04-12,58.83780594039359,58.91875421476244,58.55899859241061,58.666927337646484,17108500
2017-04-13,58.72089097762814,59.23354053296141,58.415096282958984,58.415096282958984,17896500
2017-04-17,58.4960489347352,58.90076977013378,58.46906846061111,58.891780853271484,16689300
2017-04-18,58.75686059508078,59.09862463946781,58.60396669588927,58.810821533203125,15155600
2017-04-19,59.04469306341106,59.13463029226188,58.361157772957554,58.49606704711914,26992800
2017-04-20,58.87377183530738,59.13459444410019,58.585968760392305,58.90974807739258,22299500
2017-04-21,59.06264945568649,59.98901550620611,58.864783529989595,59.71920394897461,32522600
2017-04-24,60.69054661439541,60.85243630568799,60.348775676239995,60.735511779785156,29770000
2017-04-25,61.06829231267212,61.19420576566944,60.79847384952441,61.08627700805664,30242700
2017-04-26,61.230175540325895,61.43703039332207,60.81645897256573,61.00532913208008,26190800
2017-04-27,61.29314772944916,61.50000263465178,60.78049806373587,61.40106964111328,34971000
2017-04-28,61.976676718782535,62.183531603340136,60.87942498124398,61.57194900512695,39548800
2017-05-01,61.769810316736326,62.55227834807909,61.60792061582983,62.42636489868164,31954400
2017-05-02,62.69618296241861,62.69618296241861,62.17453755435775,62.32743835449219,23906100
2017-05-03,62.3993816185222,62.3993816185222,61.79679480556769,62.12957000732422,28928000
2017-05-04,62.08459615356129,62.12956818499295,61.73383626605395,61.8867301940918,21749400
2017-05-05,61.96769141172611,62.0846091113745,61.598939889975725,62.0576286315918,19128800
2017-05-08,62.03064258673715,62.10259510088251,61.53597762919961,62.003662109375,18566100
2017-05-09,61.93170388639269,62.309444258181735,61.76981417537327,62.09359359741211,22858400
2017-05-10,62.04860362270283,62.56125308239766,61.98564691227598,62.33640670776367,17977800
2017-05-11,61.48201180045979,61.81478700567408,61.2661611369048,61.57194900512695,28789400
2017-05-12,61.70685027552504,61.70685027552504,61.19420072716888,61.4999885559082,18714100
2017-05-15,61.28412596566294,61.58992059651957,60.77147651730818,61.54494857788086,31530300
2017-05-16,61.71683252639501,62.8113262561231,61.65351493545536,62.7841911315918,34956000
2017-05-17,62.313824577743446,62.50377734632021,60.99319563828136,61.03842544555664,30548800
2017-05-18,60.966054506541994,61.62636546065379,60.73087195386567,61.2464599609375,25201300
2017-05-19,61.05651330934246,61.59923649187223,60.99319571973231,61.22837829589844,26961100
2017-05-22,61.409257685150884,61.96102797541384,61.05648742102824,61.91579818725586,16237600
2017-05-23,62.160053314650796,62.187188438156966,61.8525058123485,62.123870849609375,15425800
2017-05-24,62.295713181334676,62.304753618483076,61.91580088709312,62.20525360107422,14593900
2017-05-25,62.38618342083559,63.20931200434125,62.331913178281084,62.97413635253906,21854100
2017-05-26,63.136958104162225,63.516863629049695,62.88368085313779,63.281681060791016,19827900
2017-05-30,63.127906706807074,63.688724517822266,63.1098120252039,63.688724517822266,17072800
2017-05-31,63.79726543404519,63.98721818556773,63.14599491391132,63.17313003540039,30436400
2017-06-01,63.534952743536984,63.86963537072985,62.82036458348707,63.40831756591797,21603600
2017-06-02,63.71586495878041,65.00031141588404,63.53495263313932,64.90985870361328,34770300
2017-06-05,65.09982061748235,65.9319967290693,64.95509073663216,65.3802261352539,33316800
2017-06-06,65.39829687739935,65.68774963202523,65.37115485885171,65.5972900390625,31511100
2017-06-07,65.70583334738124,65.82342114942513,65.08169808023824,65.47969818115234,22301800
2017-06-08,65.58822762454581,65.59726805993456,64.67463987029498,65.08168029785156,24588300
2017-06-09,65.16312649734493,65.1993089610511,62.042456288406825,63.60731506347656,49187400
2017-06-12,62.639441442045246,63.26357671314033,61.626353406529645,63.11884689331055,47761700
2017-06-13,63.335931044901955,64.05956629984396,63.28166081616534,63.90579605102539,25258600
2017-06-14,64.14100055597869,64.31285863965537,62.80227694524148,63.56208801269531,25510700
2017-06-15,62.65755552839503,63.507826324173024,62.232427031606576,63.227420806884766,26068700
2017-06-16,63.073632856080906,63.344990954714426,62.61231511697572,63.31785583496094,48345100
2017-06-19,63.77012243309962,64.1681225686931,63.634439941320196,64.10480499267578,23798300
2017-06-20,64.05956713589013,64.10479692782577,63.200256297891656,63.2364387512207,21512200
2017-06-21,63.50781776533422,63.87868285856736,63.26359475110966,63.56208801269531,19891100
2017-06-22,63.806321364330955,63.851544272534156,63.05555069693788,63.55305099487305,22965700
2017-06-23,63.39926527269812,64.44853597799015,63.24549498347055,64.412353515625,27617300
2017-06-26,64.58424800535181,64.86465359046957,63.71588921499492,63.79729461669922,19607000
2017-06-27,63.41735576638392,63.4806733460667,62.57613254997062,62.603267669677734,25215100
2017-06-28,62.60328390861997,63.17314227358308,62.2233783319779,63.136966705322266,25806200
2017-06-29,62.75705590993757,62.85655597807313,61.59019712088462,61.9520149230957,28918700
2017-06-30,62.214319778438714,62.75704291885815,62.17813731559753,62.35000228881836,24161100
2017-07-03,62.711818763320835,62.95604175624597,61.52686555751646,61.66254806518555,16165500
2017-07-05,61.74396776061742,62.81132636771042,61.7077852941448,62.48569107055664,21176300
2017-07-06,61.75300325985304,62.21432104408894,61.61732764781244,62.02436828613281,21117600
2017-07-07,62.141980169310465,63.17315662653696,62.141980169310465,62.82943344116211,16878300
2017-07-10,62.8294355495561,63.54402397829841,62.59425288793279,63.299800872802734,15014500
2017-07-11,63.31786997414029,63.932958129933084,63.091734724232644,63.30882263183594,17460000
2017-07-12,63.942012811655644,64.47568875016621,63.81537760925988,64.35810089111328,17750900
2017-07-13,64.67464611864501,65.16309881956074,64.50278121431455,64.91886901855469,20269800
2017-07-14,65.34402092862116,66.27569678384131,65.09075062635917,65.83247375488281,25868100
2017-07-17,65.8505824956234,66.43852857952213,65.77821756492523,66.34807586669922,21803900
2017-07-18,66.11290437450783,66.38426945956316,65.72395833428308,66.30286407470703,26435300
2017-07-19,66.48376713592366,66.97222013076863,66.43853732301002,66.80940246582031,22416200
2017-07-20,67.09885018646904,67.20739758848772,66.28476192407888,67.1350326538086,42361000
2017-07-21,66.43851578672297,67.19833361055096,66.18524547914642,66.74606323242188,46717100
2017-07-24,66.51090115363756,66.70990128537679,66.14908335966628,66.57421875,21394800
2017-07-25,66.75511689181778,67.2164277523897,66.48375187881162,67.1078872680664,22018700
2017-07-26,67.2435806770565,67.27976314844368,66.76417500810268,66.98126983642578,16252200
2017-07-27,66.71895467386372,67.3159482220784,65.41641325797559,66.17623138427734,36844200
2017-07-28,65.7329976797153,66.3119034104816,65.61540982540674,66.06768035888672,18306700
2017-07-31,66.30285429661383,66.4294894773371,65.49781340440175,65.76012420654297,23600100
2017-08-01,66.12193136253806,66.41138414364436,65.57016092025754,65.65157318115234,22132300
2017-08-02,65.62443924794916,65.63347968735755,64.62039838571465,65.36212158203125,26499200
2017-08-03,65.29883201258431,65.52496731457985,64.99128441329746,65.26264953613281,18214400
2017-08-04,65.4887645564876,66.06767019822298,65.34403469550394,65.74203491210938,22579000
2017-08-07,65.85060265318658,65.94105539369804,65.3621495731027,65.48878479003906,18705700
2017-08-08,65.20835466130028,66.14907809024764,64.90081404663856,65.84153747558594,22044600
2017-08-09,65.35309336306905,65.58827597737587,65.17218790658738,65.55209350585938,22213400
2017-08-10,65.03650782284345,65.29882557543122,64.53900744705611,64.5932846069336,24734500
2017-08-11,64.77416760951988,65.76011377461576,64.47566748755374,65.57920837402344,21443700
2017-08-14,66.08573435431363,66.68273446579124,65.98623433573403,66.56513977050781,20096600
2017-08-15,66.91982528561611,66.91982528561611,66.41968125240479,66.58336639404297,19181400
2017-08-16,66.69245131998967,67.38356678228283,66.53786180304127,66.97435760498047,18150400
2017-08-17,66.91075328372715,67.17446868503222,65.83770751953125,65.83770751953125,22977500
2017-08-18,65.71946477363609,66.23779985880283,65.41028560677485,65.91952514648438,18761500
2017-08-21,65.9013466010764,65.91044214730755,65.20113523652543,65.6103515625,17734800
2017-08-22,65.79222951464256,66.60155978895605,65.79222951464256,66.52881622314453,14343700
2017-08-23,66.34692953643223,66.51971022105278,65.95590431293803,66.1286849975586,13766500
2017-08-24,66.14685850025248,66.2559842210515,65.53758883599355,66.10139465332031,17098300
2017-08-25,66.25598736357365,66.70157193670197,65.91043297145528,66.21961212158203,12794300
2017-08-28,66.43783236438956,66.46511205145038,65.9740638086248,66.22868347167969,14569700
2017-08-29,65.70126587368313,66.52878687783917,65.51939663257053,66.42875671386719,11478400
2017-08-30,66.39238998528758,67.48361944752196,66.22870487216565,67.30175018310547,16897800
2017-08-31,67.31991162178632,68.16561659794495,67.11076273205747,67.99283599853516,27652800
2017-09-01,67.93829476552037,67.96557445947637,66.96527969984233,67.23809051513672,21736200
2017-09-05,66.6924496015084,67.19260030564857,66.36508643082101,66.93798065185547,21556000
2017-09-06,67.05622659621707,67.3290374614329,66.7015766341576,66.7470474243164,16535800
2017-09-07,67.00167056696378,67.83828042014741,66.92892007419941,67.60184478759766,17471200
2017-09-08,67.59273447015264,67.69276463110901,67.14714304848638,67.27445983886719,14703800
2017-09-11,67.5745635978483,68.14746504340413,67.5745635978483,67.98377990722656,17910400
2017-09-12,67.98377648847897,68.42026553775663,67.62912653424021,67.91102600097656,14394900
2017-09-13,68.13833232305157,68.41114304713201,67.79277808536592,68.39295196533203,13380800
2017-09-14,68.20199182612939,68.64757623012446,67.7654960257814,67.99283599853516,15733900
2017-09-15,68.04742820772339,68.55666772038492,67.35631248491985,68.48391723632812,38578400
2017-09-18,68.41117386013931,69.08409849466683,68.23839319454207,68.34751892089844,23307000
2017-09-19,68.39297880898762,68.84765890233646,68.21110954679514,68.60213470458984,16093300
2017-09-20,68.52027969869603,68.70215587491644,67.57454439595003,68.14744567871094,21587900
2017-09-21,68.30204525849106,68.42025958699966,67.3926850574065,67.4836196899414,19186100
2017-09-22,67.28353750467723,67.75640854101835,67.15622767286203,67.66547393798828,14111400
2017-09-25,67.37449947356833,67.52000044780775,66.31054961644885,66.61973571777344,24149200
2017-09-26,66.99256982299237,67.1198797065177,66.37420455821152,66.61973571777344,18019600
2017-09-27,66.8834385018097,67.4472373267078,66.53787722165461,67.15624237060547,19565100
2017-09-28,66.8743327637639,67.26535782684319,66.66517691882412,67.17442321777344,10883800
2017-09-29,67.23809155501438,67.78370625617418,67.18352522839126,67.73823547363281,17079100
2017-10-02,67.93830096711763,68.21111180731495,67.56546688590701,67.84736633300781,15304800
2017-10-03,67.90193262986088,68.0928974622683,67.46544356660638,67.52909851074219,12190400
2017-10-04,67.37449096325325,67.9473923046203,67.02893659988536,67.92011260986328,13317700
2017-10-05,68.40206352507279,69.22048895111344,68.16562797135738,69.0840835571289,21195300
2017-10-06,68.81129097218447,69.13866122920176,68.69307663298815,69.11138153076172,13959800
2017-10-09,69.08411935397244,69.61155011714564,68.98408914240957,69.37511444091797,11386500
2017-10-10,69.41148969401993,69.68429368547942,69.23870897625316,69.37511444091797,13944500
2017-10-11,69.4387496258147,69.52968426373974,69.06590859109343,69.4933090209961,15388900
2017-10-12,69.55698126906869,70.28447242922563,69.44786245155407,70.1298828125,16876500
2017-10-13,70.55723557227456,70.81186218746024,70.28443174851728,70.46630096435547,15335700
2017-10-16,70.40265291415511,70.75730277614858,70.3389979886144,70.61180877685547,12380100
2017-10-17,70.44813219838277,70.58453760897481,70.24807185456342,70.5572509765625,16824000
2017-10-18,70.63001411078093,70.7936992452502,70.35721017857794,70.57545471191406,13300700
2017-10-19,70.53905769354242,70.86642786143213,70.33899737562464,70.8482437133789,15092800
2017-10-20,71.22108721860332,71.81217270822579,71.13015259047695,71.66667175292969,22866400
2017-10-23,71.83033895186111,72.14861353989326,71.6211900530967,71.68484497070312,20627200
2017-10-24,71.74851055010267,72.02131440701203,71.34838990119555,71.7121353149414,17517200
2017-10-25,71.45753449947897,71.93039880586342,70.93919940265415,71.50299835205078,20410800
2017-10-26,72.0213219438291,72.22138228921837,71.61211264670916,71.62120819091797,32120700
2017-10-27,76.72273221150809,78.38685631381853,76.03161643006945,76.21348571777344,71066700
2017-10-30,76.11345893645968,76.68636040033154,75.5769396572001,76.28623962402344,31756700
2017-10-31,76.71364771470358,76.71364771470358,75.57694715816504,75.6406021118164,27086600
2017-11-01,76.09528233443183,76.168032835139,75.36779120309932,75.6406021118164,22307400
2017-11-02,75.7951758367647,76.8045662744458,75.5860268634034,76.43173217773438,23992900
2017-11-03,76.45902092065042,76.87732585472791,75.84065559682521,76.51358032226562,17633500
2017-11-06,76.5681209158795,77.02280098530365,76.45900213945276,76.81365203857422,19860900
2017-11-07,77.08646264081862,77.20468390941495,76.32260338774023,76.63178253173828,17939700
2017-11-08,76.51358572786724,76.94098623836564,76.23168621578084,76.89551544189453,18034200
2017-11-09,76.48629259200621,76.63178662699593,75.38596750177378,76.46810150146484,21178400
2017-11-10,76.19529303597997,76.4771924817301,75.68605353711064,76.2680435180664,19397800
2017-11-13,76.07708472362623,76.33170449320112,75.8952085040239,76.3226089477539,14196900
2017-11-14,75.9315812625345,76.47719602774555,75.45871698278309,76.43173217773438,18801300
2017-11-15,76.28547632400972,76.48654134938124,75.57261448693512,75.83765411376953,19383100
2017-11-16,75.94735835801578,76.23981481943002,75.80113361366467,76.03874969482422,20962800
2017-11-17,75.96560753364997,75.96560753364997,75.16134738751832,75.30757904052734,22079000
2017-11-20,75.30760645795327,75.48124789323332,75.17051597652369,75.4264144897461,16315000
2017-11-21,75.61834051522673,76.62365911964915,75.61834051522673,76.51399230957031,21237500
2017-11-22,76.61450286655875,76.67847747830427,75.8924996924537,75.95647430419922,20553100
2017-11-24,75.86506992278463,76.24891752710327,75.65486367887193,76.09355163574219,7425600
2017-11-27,76.13926571529758,76.75160218157473,76.13013146449966,76.65106964111328,18265200
2017-11-28,76.83384850177714,77.73863434878642,76.78814935918963,77.57412719726562,21926000
2017-11-29,77.41876199016056,77.61068583993806,76.02045467556005,76.16667938232422,27381100
2017-11-30,76.32202861581014,77.24508965856757,76.16665576137552,76.92521667480469,33054600
2017-12-01,76.40428175069923,77.51013238055009,76.05699206475951,77.00747680664062,29532100
2017-12-04,77.15370885257342,77.1628500741248,73.75389959720049,74.1011962890625,39094900
2017-12-05,74.33881714435056,75.56348292233895,74.00980984671747,74.56729888916016,26152300
2017-12-06,74.53075790837296,75.98389865270026,74.42108414602903,75.6548843383789,26162100
2017-12-07,75.43555358124034,75.6731766108175,74.94203204567759,75.38985443115234,23184500
2017-12-08,76.43170480066276,77.29993954682904,76.15753091190679,76.91609191894531,24489100
2017-12-11,77.03491871667569,78.02196169170824,76.87955277784019,77.89401245117188,22857900
2017-12-12,77.96714104194726,78.64345231036232,77.75694165334961,78.21390533447266,23924100
2017-12-13,78.3601007186445,78.59772369613108,77.8391625963111,78.00366973876953,22062700
2017-12-14,78.0767631374421,78.47889314182991,77.25422766151601,77.40045928955078,19306000
2017-12-15,77.92143191087042,79.59391332078297,77.57413512621213,79.37457275390625,53936700
2017-12-18,79.62131828665615,79.96860801701183,78.80792386007128,78.94500732421875,22283800
2017-12-19,78.9176142708275,78.9176142708275,77.93057119704557,78.44237518310547,23524800
2017-12-20,78.78050537393145,78.87190365298439,77.41875608310116,78.1590347290039,23674900
2017-12-21,78.64343267128999,78.68912484436446,78.04937863963647,78.1407699584961,17990700
2017-12-22,78.04936981256105,78.25956912489438,77.61068176985384,78.14990234375,14145800
2017-12-26,77.96711275344413,78.1681778158206,77.71121430049584,78.04936981201172,9891200
2017-12-27,78.2778616097194,78.57945924196751,77.8848726572263,78.33269500732422,14678000
2017-12-28,78.506349830374,78.53376653142325,78.18647669694724,78.34184265136719,10594300
2017-12-29,78.2595877519195,78.64344249541804,78.14077971983158,78.17733764648438,18717400
2018-01-02,78.71653962973676,78.88104678877039,78.14076805947431,78.55203247070312,22483800
2018-01-03,78.65258565851924,79.06385715042464,78.57033554376557,78.9176254272461,26061400
2018-01-04,79.13695941751936,80.11486829584662,79.11868394000743,79.6122055053711,21912000
2018-01-05,80.11487802378392,80.80032356345608,79.90467165695758,80.59925842285156,23407100
2018-01-08,80.60837981382149,80.95567662770723,80.06002486412633,80.6814956665039,22113000
2018-01-09,81.01961387198297,81.09272969092868,80.29761084848778,80.62662506103516,19484300
2018-01-10,80.29762816882331,80.59922575749823,79.88636380078277,80.26107025146484,18652200
2018-01-11,80.54438754191877,80.54438754191877,79.73099303396495,80.49869537353516,17808900
2018-01-12,81.03789561429157,82.05235501940041,80.83683058297864,81.88784790039062,24271500
2018-01-16,82.34481742611693,82.97542925767532,80.43471343300435,80.74544525146484,36599700
2018-01-17,81.41264041645425,82.5093503181151,81.1110427530485,82.38140106201172,25621200
2018-01-18,82.07064420948228,82.86575620614367,81.9426949922561,82.34481811523438,24159700
2018-01-19,82.38137481348046,82.81092159612648,81.94269378167422,82.25342559814453,36875000
2018-01-22,82.25341548861188,83.73397947758193,82.0157925581753,83.72483825683594,23601600
2018-01-23,83.9898910522461,84.35546323963982,83.6608767808627,83.9898910522461,23412800
2018-01-24,84.58395604603881,85.38820938530789,83.69744564181252,83.91678619384766,33277500
2018-01-25,84.51083038609883,85.21455110461312,84.01730897182365,84.38288116455078,26383200
2018-01-26,85.10490244067924,85.9639892578125,84.61138092136723,85.9639892578125,29172200
2018-01-29,86.95101346931925,87.23432860559907,85.65323881400633,85.83602142333984,31569900
2018-01-30,85.26939512844444,85.59840941876038,84.17267850315469,84.7575912475586,38635100
2018-01-31,85.68066427525049,87.18864536103698,85.46132372706475,86.83221435546875,48756300
2018-02-01,86.63116223354396,87.80098796238664,85.52531113135012,86.14678192138672,47227900
2018-02-02,85.58010770676788,85.8817052337774,83.62430485059254,83.88020324707031,47867800
2018-02-05,82.76524967746809,85.21457499077819,80.42559814453125,80.42559814453125,51031500
2018-02-06,79.41111055533638,83.60603879858526,77.91227094483028,83.46894836425781,67998600
2018-02-07,82.70126416868521,83.87108978125282,81.52229733244455,81.89701080322266,41107600
2018-02-08,81.9884101671211,82.14377612125543,77.46447321181772,77.69295501708984,55628700
2018-02-09,78.87192247296564,81.27554856961001,76.61452110681981,80.59010314941406,63499100
2018-02-12,81.10187441138612,82.05235926229078,80.36159582391704,81.45830535888672,35720300
2018-02-13,81.27554005410161,82.25344180554804,80.24280490605223,82.09807586669922,26407700
2018-02-14,81.27169545780129,83.54887829183829,81.17987481223734,83.38359832763672,34960900
2018-02-15,83.7508595905031,85.13737398763269,83.20911306107021,85.08228302001953,27823900
2018-02-16,84.8894382733472,85.85357209910516,84.29260086312475,84.47624206542969,30596900
2018-02-20,83.99879136144276,85.4495740289915,83.56722672404953,85.13738250732422,30911700
2018-02-21,85.37609498437926,85.72501604729936,84.00794219970703,84.00794219970703,26922500
2018-02-22,84.5221779821603,85.14656804100335,83.8886037591603,84.22834777832031,24392800
2018-02-23,85.94541736069667,86.37698201595182,84.80682616769029,86.3677978515625,26329200
2018-02-26,86.679995548319,87.64412263587263,86.54226110567855,87.6165771484375,30199800
2018-02-27,87.91039005005656,88.00221065858535,86.49633026123047,86.49633026123047,25869100
2018-02-28,87.08401219037442,87.8828663944497,85.97296643867335,86.10151672363281,31167300
2018-03-01,86.30351485497877,86.83608425363856,84.32934001888759,85.25674438476562,37135600
2018-03-02,84.0906067394235,85.53221215849776,83.42948708129394,85.44039154052734,32830400
2018-03-05,84.78842794618424,86.56059275343324,84.71497567336029,85.98211669921875,23901600
2018-03-06,86.6248979494578,86.7626323927048,85.33939516039193,85.68831634521484,22175800
2018-03-07,85.54139934185234,86.25760999495613,84.87109549662237,86.18415069580078,26716100
2018-03-08,86.56060857721432,87.32273296646538,86.10149851219036,86.70752716064453,25887800
2018-03-09,87.49722869456829,88.64500427246094,87.23094391984125,88.64500427246094,36937300
2018-03-12,88.60825426879894,89.2601898067012,88.18587379376923,88.85617065429688,26073700
2018-03-13,89.06734990999239,89.2877207729822,86.28514412130697,86.68916320800781,35387800
2018-03-14,87.34111622173435,87.60740094562114,85.85359683482145,86.17497253417969,32132000
2018-03-15,85.88113701661212,86.84527106058512,85.23838565760639,86.47798156738281,27611000
2018-03-16,86.93706859418923,87.57981978249617,86.23921944298272,86.86360931396484,49081300
2018-03-19,86.07394264655247,86.22086121226073,84.57724653707919,85.29345703125,33344100
2018-03-20,85.44037981127082,86.10149237317873,85.3944660058566,85.51383209228516,23075200
2018-03-21,85.33021906844344,86.35862840245031,84.66909928268656,84.91702270507812,24457100
2018-03-22,83.80593740254174,84.24668609065121,82.32760962842906,82.44697570800781,38604700
2018-03-23,82.1806771975881,83.06216741961074,79.95858682506464,80.05040740966797,44068900
2018-03-26,83.19993097007492,86.31269681609042,83.00710557316275,86.11068725585938,56396800
2018-03-27,87.17584175994841,87.35948302668625,81.27168466382477,82.1531753540039,56569000
2018-03-28,82.47455458869047,83.76924869240905,81.60224802630908,82.07971954345703,52501100
2018-03-29,82.80508979290609,84.74253478527676,81.17065911812064,83.80594635009766,45867500
2018-04-02,83.07138695838356,83.4478536172263,80.35345586492824,81.28085327148438,48515400
2018-04-03,82.25416904952918,82.68573367412152,80.702374634837,82.37353515625,37213800
2018-04-04,80.66563708906557,85.17410129388138,80.55545515686715,84.77926635742188,35560000
2018-04-05,84.88028566410132,85.45876192357147,83.92533572392968,84.82518768310547,29771900
2018-04-06,84.0079733479135,84.89864816044994,82.1623555874764,82.85102081298828,38026000
2018-04-09,83.5947785724385,85.55058532736801,83.20912772027748,83.34685516357422,31533900
2018-04-10,84.83438334663263,85.65159895328372,84.14571803728853,85.28430938720703,26812000
2018-04-11,84.48547465675344,85.66079583834461,83.99881888676335,84.34774017333984,24872100
2018-04-12,84.87108556605342,86.45960944846273,84.87108556605342,85.92704010009766,26758900
2018-04-13,86.35860832544739,86.47797442355511,84.88027331639304,85.46793365478516,23346100
2018-04-16,86.37695229228181,86.9187057173884,85.78010791072664,86.4687728881836,20288100
2018-04-17,87.23089905589121,88.64495868124222,87.12071013511724,88.21339416503906,26771000
2018-04-18,88.35116727269154,88.81027746886602,87.70840879476789,88.55317687988281,21043300
2018-04-19,88.55315165356816,89.13162781398871,87.54310390534614,88.25013732910156,23552500
2018-04-20,88.06652573522082,88.25016702097645,86.35863515692273,87.23094177246094,31154400
2018-04-23,87.91041249743286,88.41543648149097,86.89118736994479,87.55230712890625,22331800
2018-04-24,88.36950390000305,88.58069761362229,84.85272610435422,85.5046615600586,34524800
2018-04-25,85.6699454251039,85.6699454251039,82.89691656398176,84.76090240478516,33729300
2018-04-26,85.89951702522751,87.36866819235321,85.48631366213677,86.55145263671875,42529000
2018-04-27,89.61830252127729,89.89377142158538,86.23007427809249,87.98387145996094,48272800
2018-04-30,88.45214385580131,88.51641898254026,85.53220365951428,85.87194061279297,41523600
2018-05-01,85.5873263447239,87.4972265406328,85.20167544135751,87.23094177246094,31408900
2018-05-02,87.22176301004417,87.38704297964996,85.56897031945275,85.86280059814453,27471000
2018-05-03,85.35774346684035,87.16663826548742,84.88944923339976,86.37696838378906,31142500
2018-05-04,85.6883093134801,87.57066353730191,85.3210198301168,87.37783813476562,22531300
2018-05-07,87.3870164814365,88.80107645806608,87.32274134638354,88.35115051269531,24242000
2018-05-08,88.01141532200512,88.29606838185238,87.28602043637021,87.97468566894531,23484600
2018-05-09,88.15834567227773,89.03983644668605,87.2768548978694,89.01229095458984,27327400
2018-05-10,89.48975075792475,89.9396767492296,89.11328407288417,89.9029541015625,22388100
2018-05-11,89.8019182410033,89.86619336038314,89.1040690838347,89.71009063720703,16778300
2018-05-14,89.91211777899167,90.61915123620625,89.3520029122761,90.01312255859375,19454100
2018-05-15,89.28775436695899,89.84786940045653,88.46135456299001,89.36121368408203,24594000
2018-05-16,89.7854046510123,89.82229350027809,89.10297852916644,89.59174346923828,17384700
2018-05-17,89.23207465314258,89.95138953291682,88.37442836514381,88.69719696044922,17246700
2018-05-18,88.54042111483959,89.38884339888159,88.54042111483959,88.86318969726562,17865800
2018-05-21,89.45341046838934,90.38483454742206,89.26897326113641,90.00672912597656,19422500
2018-05-22,90.0805165825149,90.53239271432066,89.63785738699043,89.91452026367188,15441200
2018-05-23,89.1859587565657,91.04880664651787,88.82630132910683,90.9842529296875,21251200
2018-05-24,91.04882845301388,91.2424896498875,89.27819872934377,90.6614990234375,26649300
2018-05-25,90.65228132415173,91.27937773362841,90.24651098983473,90.70761108398438,18363900
2018-05-29,90.22806254058256,91.18715157534086,89.66552690183384,90.38484191894531,28671000
2018-05-30,90.66148624615256,91.52835655974513,90.29261184837782,91.25169372558594,22158500
2018-05-31,91.5652398927523,92.21077708581288,90.93814360413874,91.1502456665039,34140900
2018-06-01,91.55600823543399,93.01308581837822,91.4545656799235,92.94853210449219,28655600
2018-06-04,93.38200286001583,93.93532162403287,93.00389736584248,93.76010131835938,27281600
2018-06-05,94.06440376495941,94.36873146573886,93.6309686218786,94.2396240234375,23514400
2018-06-06,94.50705656457791,94.61771605868442,93.97217889030493,94.51627349853516,21122900
2018-06-07,94.6638767865089,94.70076564849175,92.57047784292567,93.03157806396484,28232200
2018-06-08,93.22520142697147,94.01829404772263,92.71799561144894,93.72319030761719,22165100
2018-06-11,93.15145037864107,93.68632118304893,92.8378986311182,93.18833923339844,23490900
2018-06-12,93.23443177346424,93.55720041192879,92.9116631349997,93.42809295654297,18325200
2018-06-13,93.8061923269109,94.07363119174059,92.73643686759219,93.00387573242188,29492900
2018-06-14,93.74165015380716,94.09208369098961,93.14221862676612,93.529541015625,25691800
2018-06-15,93.61252237826261,93.63096328218488,92.28455214937831,92.33988189697266,65738600
2018-06-18,92.2292310176768,93.2436496880275,91.68512931746919,93.01309967041016,23586000
2018-06-19,91.89723842944156,93.14220711740961,91.7589070117055,93.01309967041016,28653100
2018-06-20,93.48344939844003,94.54397414262168,93.2528993173866,93.94454956054688,26180800
2018-06-21,94.13819456458198,94.48862809450561,93.03155014469925,93.27132415771484,23198200
2018-06-22,92.5981216430664,92.93010722842186,91.87879960661444,92.5981216430664,38923100
2018-06-25,92.22001812320461,92.32146070600645,89.73008044820969,90.73527526855469,35433300
2018-06-26,91.13183087794368,92.29380519427043,91.0672771401383,91.3716049194336,26897200
2018-06-27,91.83265869444188,92.2384218261533,89.82226282882789,89.95137023925781,31298400
2018-06-28,89.80383867822557,91.3992478665679,89.69317917473393,90.95658874511719,26650700
2018-06-29,91.23326754466933,92.1370268510677,90.6799488228759,90.93816375732422,28053200
2018-07-02,90.46781975879297,92.27533093778904,90.37560116476998,92.2292251586914,19564500
2018-07-03,92.66266420076559,92.80098857972409,91.24247527822476,91.34391784667969,14670300
2018-07-05,91.75891373820976,92.1462361076013,91.3254785475831,91.99868774414062,18977400
2018-07-06,92.1185588172915,93.53874768286866,91.91567368851936,93.28975677490234,19234600
2018-07-09,93.74165681950791,94.29497556234107,93.37277531234263,93.92609405517578,18212000
2018-07-10,94.06440517731954,94.53472917323798,93.93529773307965,94.1750717163086,19293100
2018-07-11,93.28054691558992,94.37796031367839,93.23443409359234,94.04597473144531,19644600
2018-07-12,94.77449314379889,96.28690765249935,94.73761133445569,96.08402252197266,24335900
2018-07-13,96.25003959729743,97.38434192904685,95.99181762532447,97.22756958007812,24635200
2018-07-16,97.19989243867491,97.58721479403467,96.38835184364103,96.74801635742188,21786900
2018-07-17,96.47136266366248,98.21432046395937,96.20392376363952,97.70710754394531,25901700
2018-07-18,97.69788473890611,97.79932731681505,96.57279944633683,96.94168090820312,29493900
2018-07-19,96.76645197578351,97.11688546350729,95.80736307504533,96.2776870727539,40171600
2018-07-20,99.67136863965699,99.78202812668077,97.82696880710594,98.00218200683594,56004000
2018-07-23,98.02988882777288,99.72673390085441,97.87310943894052,99.56996154785156,29707000
2018-07-24,100.12326367137263,100.35381369429057,98.91518380274765,99.28406524658203,26316600
2018-07-25,99.56073373359185,102.5025546521883,99.22874109543798,102.20745086669922,30702100
2018-07-26,102.12441979780944,102.36419375320892,100.98089383762502,101.09156036376953,31372100
2018-07-27,101.60799790050653,101.60799790050653,97.8823089968402,99.30249786376953,37005300
2018-07-30,98.85063759458198,99.16418227239541,96.60969091997994,97.17223358154297,34668300
2018-07-31,98.20510192005268,98.41721107173576,97.18145908732066,97.8270034790039,27655200
2018-08-01,97.78087880017299,98.16820116673662,97.21833615718973,98.01142883300781,23628700
2018-08-02,97.19990747419068,99.68062135510456,96.68347055133007,99.20108032226562,26104300
2018-08-03,99.41318015700723,99.6437301972268,98.50942090358186,99.63450622558594,18659600
2018-08-06,99.7082894723668,99.98494531451928,99.19185256918954,99.7175064086914,20265900
2018-08-07,100.11405301217583,100.61204197219354,99.75439549146793,100.4091567993164,16080200
2018-08-08,100.82413134078567,101.21145366621715,100.29847760317784,100.9716796875,15487500
2018-08-09,101.17459179736598,101.58958614454745,101.07314920377694,101.13770294189453,13677200
2018-08-10,100.90713590116202,101.15613387475953,99.94804692769652,100.51981353759766,18183700
2018-08-13,100.74114003069124,101.05469173289815,99.68983244744965,99.79127502441406,18472500
2018-08-14,100.11404709364356,101.21146753524033,99.63450610632557,101.03624725341797,16788300
2018-08-15,100.43451935053326,100.89739390730415,98.88852002601575,99.66615295410156,29982800
2018-08-16,100.25862655722872,100.77704377346073,99.33287749229736,99.64762878417969,21384300
2018-08-17,99.38840563864342,99.8883109081344,98.76815555095979,99.59207153320312,18061500
2018-08-20,99.52728567050582,99.88832724704376,98.57376524719251,98.93480682373047,17914200
2018-08-21,98.98106951419095,99.37914181896666,97.99051848550303,98.11087036132812,22881900
2018-08-22,97.99053933876257,99.36990349926445,97.92573718525995,99.1106948852539,18000600
2018-08-23,99.19400159515854,100.14752188542106,98.93479301872648,99.57355499267578,18167700
2018-08-24,99.67541154535068,100.49932774249895,99.57357857150937,100.35121154785156,17234000
2018-08-27,101.15659827824035,101.49912797850294,100.45303406680546,101.46209716796875,19662300
2018-08-28,101.77685019376133,102.29526738826925,101.63798642725969,102.07308959960938,19151500
2018-08-29,102.2489745553378,103.71165967516268,102.08233945228301,103.70240020751953,20818000
2018-08-30,103.37839515473632,104.24860152553876,103.1654768275643,103.63760375976562,22798700
2018-08-31,103.39691629947859,104.40597939959572,103.2395335891452,103.98939514160156,23222700
2018-09-04,102.61929096397293,103.64687307648371,102.03607154723929,103.41543579101562,22634600
2018-09-05,102.767385151496,103.14693851960499,100.0734525203691,100.43449401855469,32872400
2018-09-06,100.2123471060255,100.89739951047622,99.52729470157479,100.66596221923828,23477600
2018-09-07,100.1938042721596,100.64741924521277,99.26805539324911,100.17528533935547,22498600
2018-09-10,100.75850995339992,101.49911192110899,100.31415442309752,101.25841522216797,20727900
2018-09-11,100.81407437425726,103.30433455097608,100.8048149060138,102.9803237915039,24301800
2018-09-12,103.15622716135623,103.54504010584532,102.30453964593093,103.41543579101562,18891100
2018-09-13,103.7949864405763,105.28544298202384,103.7949864405763,104.52632904052734,26055600
2018-09-14,104.94291948638129,105.2854491991127,104.09123200180632,104.95217895507812,19122300
2018-09-17,105.24839012020702,105.25764252351372,103.5542680118466,103.8134765625,20736500
2018-09-18,103.85978572981045,105.25766167704629,103.4246825565088,104.80404663085938,22170900
2018-09-19,104.65590977987709,104.9058588604153,102.79515262332586,103.40614318847656,21728400
2018-09-20,103.94309678300668,105.35023922084686,103.61908604498572,105.13731384277344,23714500
2018-09-21,105.53536534122243,106.72958216500041,105.08175039763177,105.77606201171875,71229700
2018-09-24,104.63743436405858,106.36858796725518,103.88757974769345,106.1556625366211,27334500
2018-09-25,106.27598311739176,106.55370356682415,105.3039438871183,105.95196533203125,22668000
2018-09-26,105.97049126208778,106.51667979272784,105.29469137100475,105.51687622070312,19352000
2018-09-27,106.25745481470133,106.37780668879137,105.72051877173935,105.91493225097656,19091300
2018-09-28,105.71128694553958,106.06306904410987,105.23915294945213,105.87792205810547,21647800
2018-10-01,106.22969606685939,107.09064290573443,106.21118419483062,107.02584075927734,18883100
2018-10-02,106.7388622363262,107.23876047961764,105.94271753344823,106.5999984741211,20787200
2018-10-03,106.84995227415557,107.55352352067055,106.39633722313489,106.61851501464844,16648000
2018-10-04,106.10010818758823,106.23897196945107,103.34137267684544,104.41524505615234,34821700
2018-10-05,104.2671042225449,104.7670095152075,102.4248657450153,103.80422973632812,29068900
2018-10-08,103.36913178158373,103.71165437492729,101.22138742401492,102.61927032470703,29640600
2018-10-09,102.887749578486,104.68370500829724,102.57299828945773,103.92459106445312,26198600
2018-10-10,102.98031087929608,103.22100758311196,97.93498194366879,98.27751159667969,61376300
2018-10-11,97.52766488098419,100.84184830679771,96.46305201859208,98.04608917236328,63904300
2018-10-12,100.91590135803565,102.98031769102441,99.16623629763,101.43431854248047,47742100
2018-10-15,100.82330858647063,101.35098513768767,99.00883466213877,99.6105728149414,32068100
2018-10-16,101.40655537998632,103.13770870751122,100.86035974841012,102.75814819335938,31610200
2018-10-17,103.38766284233901,103.50800768626881,101.41581974339805,102.48968505859375,26548200
2018-10-18,101.92496842142594,102.32304079321209,99.82352119737652,100.44377136230469,32506200
2018-10-19,100.84184519517206,102.62854116006616,100.17530474318393,100.5918960571289,32785500
2018-10-22,101.20287299639004,102.3322878238592,100.2030624544104,101.48985290527344,26545600
2018-10-23,99.76796458109479,100.8788675961086,97.30547596418695,100.0734634399414,43770400
2018-10-24,100.36044012083705,100.43449466390994,94.04682593796849,94.72262573242188,63897800
2018-10-25,98.63856794461381,101.15659952585064,98.2682668976097,100.25862884521484,61646800
2018-10-26,97.84241406041187,100.67520374000112,96.98146720798121,99.01811218261719,55523100
2018-10-29,100.08273104346118,100.6289195964939,94.08387405084903,96.1390380859375,55162000
2018-10-30,95.96315957344983,96.6296930237073,92.67674728995699,96.02796173095703,65350900
2018-10-31,97.61100054296256,100.11052062527024,97.56471025655068,98.8792724609375,51062400
2018-11-01,99.10144463813442,99.35139378911569,97.69430204156501,98.05534362792969,33384200
2018-11-02,98.57375097718233,99.35137670241276,97.18512755678172,98.27751159667969,37680200
2018-11-05,98.4719218104394,99.74019339619628,98.03681865860294,99.52727508544922,27922100
2018-11-06,99.40692136653952,100.75851400853666,98.3885989171339,99.7216796875,24340200
2018-11-07,101.31398873533105,103.90608210477494,101.27695792196543,103.6468734741211,37901700
2018-11-08,103.4987286241075,103.87828199591975,102.67481267786016,103.45243835449219,25644100
2018-11-09,102.61927614287114,103.17472413519121,100.6844641059936,101.43431854248047,32039200
2018-11-12,101.29546274240899,101.79536809367036,98.22197607617248,98.93480682373047,33621800
2018-11-13,99.56431074335167,100.66594728341845,98.72187573804308,98.99960327148438,35374600
2018-11-14,100.50580557747917,100.65456873365532,97.1308212726815,97.59569549560547,39495100
2018-11-15,97.61428349486621,100.22688134821838,96.61016060393656,99.743408203125,38505200
2018-11-16,99.55744714809275,101.23098978971016,99.29711876562448,100.68244171142578,33502100
2018-11-19,100.66383908184476,100.93346692334615,96.27543333626045,97.270263671875,44773900
2018-11-20,94.64835539145784,95.73615891976803,92.3704683872997,94.5646743774414,64052500
2018-11-21,96.32191528410425,97.09360801802328,95.0574571228492,95.86634063720703,28130600
2018-11-23,94.99240278562077,96.51718976204855,94.83434724263672,95.82917785644531,13823100
2018-11-26,97.42834062346478,99.13907436129962,97.23309430078261,98.99031829833984,32336200
2018-11-27,98.80436700807172,99.78990521201301,97.95829958704567,99.61325073242188,29124500
2018-11-28,100.31053915106988,103.50887543367779,100.28264783823118,103.31362915039062,46788500
2018-11-29,102.57913881300179,103.31364087256279,101.37046310113341,102.448974609375,28123200
2018-11-30,102.9231380266173,103.1741740498185,101.67727866038477,103.09979248046875,33665600
2018-12-03,105.06153591172254,105.45202841357658,102.95101083353661,104.21546173095703,34732800
2018-12-04,104.07603857152688,104.72685961669649,100.60807390490695,100.89629364013672,45197000
2018-12-06,98.38596414186266,101.5657016034528,97.62357082487175,101.51921844482422,49107400
2018-12-07,100.76610075093477,101.76093097592563,96.97273373482008,97.4561996459961,45044900
2018-12-10,97.43762469565718,100.39422457394883,96.59155033765839,100.0316162109375,40801500
2018-12-11,102.08638186294603,103.15558689749618,99.89217497033266,100.96138000488281,42381900
2018-12-12,103.09977305465799,103.45307480237577,101.37974037467627,101.41693115234375,36183000
2018-12-13,101.88183527635775,103.08121160950233,100.99857000647945,101.7609634399414,31333400
2018-12-14,100.64524176683051,101.58428942674672,98.08843423926668,98.5811996459961,47043100
2018-12-17,98.00476612466221,98.36736737353206,94.5646933545878,95.66179656982422,56957300
2018-12-18,96.46141639410618,97.16802730999378,95.31782250514888,96.66596221923828,49319200
2018-12-19,96.36842597192725,99.37150942177432,94.23000175035897,96.4056167602539,68198200
2018-12-20,95.81058241204063,96.98206037381507,91.8405524835514,94.37876892089844,70334200
2018-12-21,94.4903242684013,95.76408208864746,90.61327526878587,91.32918548583984,111242100
2018-12-24,90.81784523138425,91.08747318164059,87.37777818437128,87.5172348022461,43935200
2018-12-26,88.45626393338392,93.61637049137062,87.3591605162542,93.49549865722656,51634800
2018-12-27,92.32400574344346,94.0812294004665,89.6277343506653,94.07192993164062,49498500
2018-12-28,94.9179944023268,95.21552064876104,92.52854170962678,93.3374252319336,38196300
2018-12-31,94.17420378303974,95.20622493748444,93.38391916665485,94.43453216552734,33173800
2019-01-02,92.55646189075033,94.60190566229775,91.9893147635324,94.01616668701172,35329300
2019-01-03,93.06779726525407,93.15147829530453,90.37152595462861,90.55747985839844,42579100
2019-01-04,92.71450597391993,95.30850470419871,91.98000393114563,94.76924896240234,44060600
2019-01-07,94.49961363004833,96.01510075707526,93.88598346019937,94.89010620117188,35656100
2019-01-08,95.80128554027748,96.66595192223656,94.56471834254988,95.5781478881836,31514400
2019-01-09,96.56366921101207,97.51200945613614,95.9872226504591,96.94486236572266,32280800
2019-01-10,95.96862050245953,96.4613859656991,95.18762824317267,96.3219223022461,30067600
2019-01-11,95.94074923286792,96.17318635604597,94.49963623179674,95.5781478881836,28314200
2019-01-14,94.74136517609254,95.64322227614912,94.146326756277,94.88082885742188,28437100
2019-01-15,95.30848782854767,97.67004905474218,94.72274193591113,97.63285827636719,31587600
2019-01-16,97.86531766738658,98.79506605881,97.58639031259263,97.97688293457031,29853900
2019-01-17,97.62356588487422,99.13905297307626,97.40042829186534,98.66488647460938,28393000
2019-01-18,99.91074379002755,100.31983528048782,98.46963829180659,100.14318084716797,37427600
2019-01-22,99.25065183386661,99.57606238840879,97.49342774592078,98.25582122802734,32371300
2019-01-23,98.6649070253307,99.52027388787432,97.93969728352094,99.21345520019531,25874300
2019-01-24,99.35290271739653,99.48306691036669,97.93968134598275,98.73926544189453,23164800
2019-01-25,99.70621827490125,100.301256694439,98.739279069798,99.6411361694336,31225600
2019-01-28,98.79505553930674,98.99960129858704,97.30745969010901,97.69795227050781,29476700
2019-01-29,97.5120202571765,97.59570131086619,94.99240267000675,95.70831298828125,31490500
2019-01-30,97.27027190253312,98.90662384033203,97.0006440382168,98.90662384033203,49471900
2019-01-31,96.50788139447243,97.82812234668714,95.93143486487503,97.09362030029297,55636400
2019-02-01,96.48929590222323,96.7868151314167,95.15975529507976,95.5595474243164,35535700
2019-02-04,95.64320393609864,98.367366561146,95.55022343743022,98.31157684326172,31315100
2019-02-05,98.60911809550892,99.7341128660425,98.51614466942026,99.68762969970703,27325400
2019-02-06,99.48305652702877,99.48305652702877,98.1163255500754,98.5811996459961,20609800
2019-02-07,97.80023641991107,98.17213010500232,96.96346144162102,97.8746109008789,29760700
2019-02-08,97.05641391883174,98.3487633478712,96.93554920660053,98.24649047851562,21461100
2019-02-11,98.73927619970999,99.0925851277653,97.59568965210272,97.85601806640625,18914100
2019-02-12,98.68348709294986,99.61323542214171,98.06985688425999,99.38079833984375,25056600
2019-02-13,99.9479480064001,100.20827641044679,99.21344595588721,99.3064193725586,18394900
2019-02-14,98.84154336476908,99.75269985547057,98.23721262089163,99.39009857177734,21784700
2019-02-15,100.32915087817263,100.69175217813137,99.81778643288865,100.61737060546875,26606900
2019-02-19,100.21755244889691,101.02643588099372,100.20825298137892,100.57085418701172,18038500
2019-02-20,100.71093618428742,100.78563541714837,99.24499757701822,100.0479965209961,21607700
2019-02-21,99.81456635053183,102.22356317255677,99.78655591925192,102.158203125,29063200
2019-02-22,102.75578728763738,103.82955852736787,102.54102876546455,103.61480712890625,27763200
2019-02-25,104.35243270518517,104.74459295772115,103.88557322634414,104.19369506835938,23750600
2019-02-26,103.88558441090827,105.73434415688274,103.80154599133975,104.91267395019531,21536700
2019-02-27,104.28707127592295,104.91266125955818,103.53075408613762,104.7352523803711,21487100
2019-02-28,104.6139000386916,105.39822074742857,104.32444936623564,104.60456085205078,29083900
2019-03-01,105.40754293114438,105.52892384304685,104.26840455092834,105.07140350341797,23501200
2019-03-04,105.52891142620486,105.74366991675967,103.45606136407102,104.81929016113281,26608000
2019-03-05,104.80994257326576,104.94066264444032,103.85755246560683,104.29639434814453,19538300
2019-03-06,104.45515034949226,105.1927892373233,104.04431169710259,104.34310150146484,17687000
2019-03-07,104.01629269441734,104.15635196198211,102.58770383741921,103.07323455810547,25339000
2019-03-08,101.92476826509794,103.37202842391358,101.58862885913973,103.18528747558594,22818400
2019-03-11,103.6334625503489,105.46355080720902,103.62413049007475,105.35150909423828,26491600
2019-03-12,105.34217146694036,106.43462092680946,105.18344095541275,106.08914947509766,26132700
2019-03-13,106.56532622105696,107.3776641579174,106.23852605923123,106.91080474853516,35513800
2019-03-14,106.94819136400879,107.5644422933093,106.75211119906265,106.994873046875,30763400
2019-03-15,107.69513696252727,109.47854352157728,106.9948477715577,108.22736358642578,54681100
2019-03-18,108.4701432494547,109.81470099724551,108.35810151961293,109.77735137939453,31207600
2019-03-19,110.26288998873729,110.58969738719723,109.23580035793783,109.85205841064453,37588700
2019-03-20,109.60927095209536,110.87912934011904,108.97434175808351,109.73065185546875,28113300
2019-03-21,109.37583020528574,112.81191600545243,109.32914141130158,112.2516860961914,29854400
2019-03-22,111.57941772566744,111.66344901419697,109.28246989762448,109.29180908203125,33624500
2019-03-25,108.83428492645136,110.18818175771925,108.61019435992486,109.86138153076172,27067100
2019-03-26,110.7577501196485,110.84178141009679,109.10506350372624,110.09481048583984,26097700
2019-03-27,110.06677054907775,110.37489946548233,107.863193591769,109.03034210205078,22733400
2019-03-28,109.65597780758549,109.7866979169624,108.43280089311348,109.17977905273438,18334800
2019-03-29,110.24418361955236,110.47761333053843,109.20775513287747,110.122802734375,25399800
2019-04-01,111.06589604443239,111.21529453588676,110.27223614878953,111.13125610351562,22789100
2019-04-02,111.16857474714706,111.5607421160738,110.66436566456426,111.28996276855469,18142300
2019-04-03,111.91556273741057,112.44778229590851,111.25262308550687,112.01827239990234,22860700
2019-04-04,112.13965001368894,112.2610380423641,110.53365220050554,111.44869995117188,20112800
2019-04-05,111.47672108453817,112.26104882094548,111.458049837255,111.9435806274414,15826200
2019-04-08,111.86886241905232,112.06494253897311,110.77641298361789,111.98091125488281,15116200
2019-04-09,110.76708177801224,111.6167694825802,110.72040010250305,111.3740005493164,17612000
2019-04-10,111.82218677287042,112.37307755037614,111.61676745796643,112.22368621826172,16477200
2019-04-11,112.55048075535684,112.83993134427101,111.97157245381841,112.35440063476562,14209100
2019-04-12,112.64386845859573,112.96133664791964,112.3917674431804,112.93331909179688,19745100
2019-04-15,112.92398558479621,113.52156521429849,112.57850696748258,113.02669525146484,15792600
2019-04-16,113.57757396231553,113.58691314657396,112.1396459060595,112.7652359008789,14071800
2019-04-17,113.20407422863484,113.77364331136728,112.55047386666793,113.69894409179688,19300900
2019-04-18,114.09115082223256,115.3329919387107,113.2601413078104,115.19293975830078,27991000
2019-04-22,114.49259852207814,115.78112786442117,114.44590973393957,115.55703735351562,15648700
2019-04-23,115.87451486532875,117.25642198130265,115.62241389502043,117.12570190429688,24025500
2019-04-24,117.4525046400953,117.508525496108,116.26667761395251,116.72420501708984,31257000
2019-04-25,121.43946259707744,122.6626319228145,120.29099248364574,120.58977508544922,38033900
2019-04-26,121.10335282714593,121.86900925461165,120.46843073869071,121.28076171875,23654900
2019-04-29,121.29009784726212,121.55153803920774,120.77656377214015,121.1687240600586,16324200
2019-04-30,121.20607190230884,122.03708131640306,120.81391159708238,121.94371795654297,24166500
2019-05-01,121.87834086351423,121.9903825851974,119.23591436358876,119.40398406982422,26821700
2019-05-02,119.49735976229465,119.51603100770696,117.20040477249998,117.84467315673828,27350200
2019-05-03,118.91846315626768,120.85125425227024,118.81575348708921,120.35638427734375,24911100
2019-05-06,118.01274939444173,120.03891801011397,117.7513092019306,119.65608978271484,24239800
2019-05-07,118.07810709902361,118.75038593711551,115.98657847673503,117.20040893554688,36017700
2019-05-08,117.1257105133336,117.99406944510429,116.48144214094266,117.19107055664062,28419000
2019-05-09,116.05194062080588,117.4525191842377,115.37966177056487,117.1817398071289,27235800
2019-05-10,116.63083195856203,119.45065992002532,115.61307464677384,118.70368194580078,30915100
2019-05-13,115.88386088832989,117.22841847255457,114.88478188441582,115.17423248291016,33944900
2019-05-14,115.65976210557545,117.53653195573655,115.50102447938211,116.46276092529297,25266300
2019-05-15,116.45339054241944,118.74946688666888,115.92856757652989,118.10281372070312,24722700
2019-05-16,118.78696658735679,121.25174214664068,118.51518489849643,120.83000183105469,30112200
2019-05-17,120.24896077205302,122.26389625246225,119.88346297609567,120.0240478515625,25770500
2019-05-20,118.57142389284797,119.57420124620299,117.85917576435249,118.29027557373047,23706900
2019-05-21,119.4242530523501,119.5179691556985,118.62765544876815,118.92755126953125,15293300
2019-05-22,118.6651628379286,120.18338970217685,118.57143956908443,119.6491928100586,15396500
2019-05-23,118.27153272037876,118.35588222449242,116.90325749322682,118.25279235839844,23603800
2019-05-24,118.93693395082015,119.41488825879041,118.05598678305543,118.30902099609375,14123400
2019-05-28,119.00253044579348,119.95844616765655,118.13095707435339,118.23404693603516,23128400
2019-05-29,117.50302759255034,117.512401346859,116.24721621821418,117.0906753540039,22763100
2019-05-30,117.39058114847812,117.85916880274307,116.9407338543485,117.8310546875,16829600
2019-05-31,116.42528506567169,116.79078284308702,115.57245215164943,115.90983581542969,26646800
2019-06-03,116.06915576760241,116.55649091208123,111.53323089252349,112.31108093261719,37983600
2019-06-04,113.66062920402771,115.53497996834237,113.07021128729767,115.42252349853516,29382600
2019-06-05,117.1000477226772,117.9622544095278,116.40654002136861,117.92476654052734,24926100
2019-06-06,118.49644977762242,119.93032687355803,117.70921879058938,119.78974914550781,21459000
2019-06-07,121.07367938985425,123.94143352207473,120.20209892408829,123.14482879638672,33885600
2019-06-10,124.08199321343226,125.6564550166469,123.70712884608348,124.26943969726562,26477100
2019-06-11,125.46906702342352,125.80645079292823,123.03240487698231,123.80089569091797,23913700
2019-06-12,123.14485323797153,123.67905012949335,122.49821416425581,123.22920989990234,17092500
2019-06-13,123.6883990724366,124.6443219364454,123.29478714023557,124.00704956054688,17200800
2019-06-14,123.95080250444688,125.38467959805942,123.36975838289842,124.12886810302734,17821700
2019-06-17,124.29754346959365,125.32842754412385,124.20382023547373,124.50372314453125,14517800
2019-06-18,125.75955606159542,126.7435929887133,125.17851195041506,126.66861724853516,25934500
2019-06-19,126.51866809182488,127.39023427460262,125.40342717395274,127.16532135009766,23744400
2019-06-20,128.8147485620881,129.01156167699372,127.19343921611303,128.34616088867188,33042600
2019-06-21,127.99938568071065,129.0771313997995,127.88692923702365,128.36488342285156,36727900
2019-06-24,128.3929670913833,129.7050062905034,128.3929670913833,129.12396240234375,20628800
2019-06-25,128.62728761772584,128.94592373242773,124.39125199231833,125.04727172851562,33327400
2019-06-26,125.90951827333306,127.21219148211591,125.20663673693596,125.5158920288086,23657700
2019-06-27,125.7126792946035,126.24687601646973,125.12225434941632,125.7220458984375,16557500
2019-06-28,126.11570683080618,126.14382095021743,124.79428601782725,125.54402923583984,30043000
2019-07-01,128.04625748262103,128.11185231326922,126.4905431538185,127.15592956542969,22613500
2019-07-02,127.56829037104205,128.00876388226854,126.83729482052988,127.99939727783203,15237800
2019-07-03,128.2055880472187,129.08653514574118,127.72761947665488,128.82412719726562,13629300
2019-07-05,127.39963260138227,128.70230590119837,127.1934528589513,128.4492645263672,18141100
2019-07-08,127.83066923510313,128.48670320065781,126.86538009169759,128.35549926757812,16779700
2019-07-09,127.45584830577242,128.36490954431912,127.26841609476674,127.88695526123047,19953100
2019-07-10,128.51486878999233,129.87377027700444,128.4117789226928,129.18963623046875,24204400
2019-07-11,129.51767636624913,130.47359956574286,129.20840667523157,129.70510864257812,22327900
2019-07-12,130.1267671874992,130.38917506913216,129.33952924244326,130.17361450195312,18936800
2019-07-15,130.6796970595003,130.7734059885652,129.76126947378492,130.17361450195312,16651500
2019-07-16,130.22988113504934,130.31422347687305,127.94317120009755,128.46798706054688,22726100
2019-07-17,129.04905445879447,129.2646008046643,127.662038819907,127.70890045166016,20211000
2019-07-18,127.03408850320196,128.0368584307365,126.20936983371017,127.84942626953125,30381800
2019-07-19,131.41071717684363,131.83244318726366,127.87756241367916,128.03688049316406,48992400
2019-07-22,128.77727619478478,130.4454472763572,128.7023004461548,129.73318481445312,25074900
2019-07-23,130.97961232068786,131.19517293175588,129.3583030861742,130.5391387939453,18034600
2019-07-24,130.17366727385195,131.89808100956972,130.1268199404063,131.87933349609375,20738300
2019-07-25,131.60749649701572,131.77619545631205,130.56724583201162,131.38258361816406,18356900
2019-07-26,131.5512812981361,132.77897855057645,131.4856864686977,132.46034240722656,19037600
2019-07-29,132.6103344729188,132.6197010799464,130.61414606345792,132.16986083984375,16605900
2019-07-30,131.335718674115,132.347869503776,131.0170825703765,131.53253173828125,16846500
2019-07-31,131.5138304273556,131.6637819289008,126.59365939668136,127.70890045166016,38598800
2019-08-01,128.3930100907393,132.08548288794373,128.32740095873314,129.38641357421875,40557500
2019-08-02,129.41451133176076,129.63007190954335,126.7623039760753,128.2992706298828,30791600
2019-08-05,124.92547120419214,125.51588192312003,122.56378542799958,123.9039535522461,42749600
2019-08-06,125.39406392962694,127.1559438528332,124.8411339085186,126.2281494140625,32696700
2019-08-07,125.38465553084156,127.1278018610556,123.54780026684001,126.78105163574219,33414500
2019-08-08,128.0181509900207,130.25799937259114,127.39023095836242,130.16427612304688,27496500
2019-08-09,129.90187801239043,130.62350704802847,127.88695669618893,129.0584259033203,23466700
2019-08-12,128.45863079519498,129.19899302216984,126.74359820594343,127.259033203125,20484300
2019-08-13,127.50273192075849,130.07996459196022,126.51869476808513,129.8925323486328,25154600
2019-08-14,128.2187514578287,128.7453148742333,125.68935315252068,125.98084259033203,32527300
2019-08-15,126.36643114129167,126.5450897508436,124.35419744278296,125.69881439208984,28074400
2019-08-16,126.82711729178372,128.31278655553047,126.67666650229056,128.0024871826172,24449100
2019-08-19,129.61984447396847,130.27804898282625,128.71715375626195,130.1464080810547,24355700
2019-08-20,129.95832570063476,130.42847373401733,129.0462373680502,129.06503295898438,21170800
2019-08-21,130.27798504275015,131.16186538417406,129.76081948683455,130.50364685058594,14970300
2019-08-22,130.38143533542126,130.889188817738,128.1529242549466,129.55397033691406,18697000
2019-08-23,128.99922204348522,130.08996894425601,124.8713228091522,125.42609405517578,38508600
2019-08-26,126.93056238926536,127.46652364919785,125.90562884346755,127.36309051513672,20312600
2019-08-27,128.2470053064665,128.55730479152996,126.62029680699638,127.63581848144531,23102100
2019-08-28,126.82712782998844,127.65457854540064,125.57653244049504,127.46652221679688,17393300
2019-08-29,129.05566508525567,130.17461995978218,128.7359677919003,129.87371826171875,20168700
2019-08-30,130.84217159134928,130.8703793211406,128.13412909694497,129.6291961669922,23940100
2019-09-03,128.45382988577265,129.00860105100233,127.59815713058806,127.91785430908203,18869300
2019-09-04,129.10267963779316,129.4693946060495,128.33162981604372,129.41297912597656,17995900
2019-09-05,130.80456558730077,131.99874541926397,130.47545627724116,131.68844604492188,26101800
2019-09-06,131.66966504122553,131.81070372065489,129.9489214132864,130.79519653320312,20824500
2019-09-09,131.2559455035018,131.40639634170765,128.31282810042592,129.30953979492188,25773900
2019-09-10,128.63247374716764,128.71709692927882,126.47918823938879,127.95545959472656,28903400
2019-09-11,127.79563364201492,128.1341407781472,127.02458403002198,127.99308776855469,24726100
2019-09-12,129.61983926830337,130.155800651212,128.69833864512867,129.30953979492188,27010000
2019-09-13,129.55400341736876,129.81728519361548,128.41625310168408,129.12147521972656,23363100
2019-09-16,127.72038856835047,128.53844137643304,127.56053999365481,128.19053649902344,16731400
2019-09-17,128.78293550075657,129.30949892024898,128.2845654632615,129.187255859375,17814200
2019-09-18,129.15908513031417,130.39087084259643,128.37863757149674,130.2498321533203,23982100
2019-09-19,131.92356614004032,133.86997190777456,131.7073020209103,132.64759826660156,35772100
2019-09-20,132.59115619014355,133.19294515787774,129.99594395699876,131.11489868164062,39167300
2019-09-23,130.91738685469969,131.2935138024361,130.17455944805624,130.832763671875,17139300
2019-09-24,131.9799342340566,132.29023360546103,128.70770849126524,129.1778564453125,29773200
2019-09-25,129.2906913175235,131.60382563520815,127.90845514252489,131.03964233398438,21382000
2019-09-26,131.1148565864489,131.81066633800296,130.17456072951543,131.20887756347656,17456600
2019-09-27,131.78244144590232,131.97990986316026,128.49140637528126,129.50692749023438,22477700
2019-09-30,129.8078990762058,130.9080439575997,129.5540150734897,130.72938537597656,17280900
2019-10-01,131.3217152241367,131.87648630416052,128.8205249459536,128.8863525390625,21466600
2019-10-02,128.11533449442922,128.2281654270984,125.60474580808835,126.61085510253906,30521700
2019-10-03,126.89295912029398,128.58549501379764,125.2662508424339,128.1435546875,24132900
2019-10-04,128.5855169428686,129.99596137002985,128.27521744715918,129.87371826171875,22897700
2019-10-07,128.9521900639223,129.9300915696498,128.83935913766322,128.93338012695312,15303700
2019-10-08,128.89576698538687,129.53516132678243,127.52292862330644,127.5699462890625,25550500
2019-10-09,129.25308157149902,130.41903931253967,128.79233141228906,129.98651123046875,19749900
2019-10-10,130.22161532389006,131.33115786281488,129.9959390890229,130.79519653320312,17654600
2019-10-11,131.75429351967023,132.60996646985308,131.17131449100006,131.34056091308594,25446000
2019-10-14,131.3499636331216,131.91413268071037,131.1901150189158,131.21832275390625,13304300
2019-10-15,131.6978804049396,133.32458877562325,131.46280636042192,133.11773681640625,19695700
2019-10-16,132.3842802970394,132.57235099340375,131.19951238795443,132.0269775390625,20751600
2019-10-17,132.53472821026696,132.97666851103372,130.71996368191864,131.34996032714844,21460600
2019-10-18,131.4157723400958,131.64144855997057,128.40682781399516,129.20608520507812,32273500
2019-10-21,130.18395580814718,130.23097346956862,128.82992750675447,130.16514587402344,20078200
2019-10-22,130.672940083348,131.65084163887934,128.12473153592026,128.22816467285156,27431000
2019-10-23,128.70771176264134,129.2436729830338,127.5135319116312,129.0462188720703,29844600
2019-10-24,131.06784111435604,132.03634471536037,130.3908269382281,131.5850067138672,37029300
2019-10-25,131.0208394927047,132.7133751402502,130.88919862832773,132.32785034179688,25959700
2019-10-28,135.7787376960855,136.97291764256804,134.94187482361625,135.58128356933594,35280100
2019-10-29,135.47784493684978,135.8727675221011,134.13321424031946,134.30247497558594,20589500
2019-10-30,134.95129230297334,136.34292643123823,134.2648658601945,135.97621154785156,18496600
2019-10-31,136.24886268174058,136.27707040936795,134.4529085157686,134.81021118164062,24605100
2019-11-01,135.6471274246712,135.79757826321975,134.43415161485487,135.13937377929688,33128400
2019-11-04,136.18305097980556,136.34289955410134,135.55305447601285,135.91976928710938,16912000
2019-11-05,136.31470507124052,136.36172273831394,135.31799365950533,135.8351593017578,18250200
2019-11-06,135.75051959568236,135.8915725946518,134.65037507305217,135.4590301513672,16575800
2019-11-07,135.25217213140596,136.23008799846062,135.18635887276898,135.6470947265625,17786700
2019-11-08,135.38383922982865,137.27384372374954,135.17697292355092,137.24563598632812,16732700
2019-11-11,136.66261055386926,137.67813190624193,136.0890294478378,137.3866424560547,14362600
2019-11-12,137.5464801197768,138.75946983921307,137.33961387844312,138.28932189941406,18641600
2019-11-13,137.97905333826856,138.65606767053015,137.54651082407602,138.5150146484375,16919200
2019-11-14,138.24231337732473,139.54932416248266,138.22350344111155,139.22021484375,19729800
2019-11-15,140.03830402505773,141.03503003386288,139.41771944691715,141.01622009277344,23485700
2019-11-18,141.110220389206,141.56155842874233,140.0852868973194,141.3640899658203,21534000
2019-11-19,141.87186776766802,142.29499810615428,141.23245901467087,141.41111755371094,23935700
2019-11-20,141.81684690437555,142.31689851081478,140.07138836760183,141.16583251953125,25696800
2019-11-21,140.95822529565103,141.33563214259124,140.10908508408411,141.03370666503906,18576100
2019-11-22,141.59038518125598,141.80738512836697,140.4110157347403,141.1374969482422,15901800
2019-11-25,141.52433420250148,142.7980589689639,141.4488528300015,142.68482971191406,22420900
2019-11-26,142.8075110918125,143.80761423990813,142.76977759795693,143.4396514892578,24620100
2019-11-27,143.72271712875067,143.88310968736712,142.95848783321202,143.71328735351562,15184400
2019-11-29,143.5056269056374,143.69432306793195,142.73195392465712,142.82630920410156,11977300
2019-12-02,143.23208769554265,143.2509616416166,139.93929673746592,141.09979248046875,27418400
2019-12-03,139.15615200582823,140.98652112386415,138.36360486988258,140.87330627441406,24066000
2019-12-04,141.6563892955998,141.6941227745706,140.7695013755254,141.38278198242188,17574700
2019-12-05,141.57155754065573,141.82630545546746,141.03375798678707,141.4583282470703,17869100
2019-12-06,142.45839414222985,143.28866041244254,141.77907621422,143.17544555664062,16403500
2019-12-09,142.53390295623964,143.60948748325697,142.38294018837007,142.80751037597656,16687400
2019-12-10,142.74144823806375,143.30755137751936,142.241396703405,142.5904998779297,16476100
2019-12-11,142.9773483728008,143.28870371695263,141.8357265075143,143.12831115722656,18856600
2019-12-12,143.0811446936701,144.77001038392325,142.48675207792138,144.58131408691406,24612100
2019-12-13,144.35483838796566,146.13804463924706,144.1944458506823,145.7983856201172,23845400
2019-12-16,146.34558543005633,147.09094052959853,146.07197807358094,146.74185180664062,24144200
2019-12-17,146.66633097891645,146.9116489531304,145.72283574663447,145.94927978515625,25425600
2019-12-18,145.58137795355316,146.69469588173047,145.46814868875833,145.6474151611328,24129200
2019-12-19,145.29828349164902,146.96827428750265,145.06240965481192,146.9116668701172,24958900
2019-12-20,148.45900232243048,149.53458646904974,147.45888513645394,148.51560974121094,53477500
2019-12-23,149.1854833922422,149.1854833922422,148.3835209651909,148.51560974121094,17718200
2019-12-24,148.58170665968245,148.7987210477082,148.24204761386238,148.48736572265625,8989200
2019-12-26,148.65720207517253,149.76109047910452,148.506239285762,149.70448303222656,14520600
2019-12-27,150.44036146361006,150.5347167765571,149.27986597667856,149.97805786132812,18412800
2019-12-30,150.00635768627643,150.03466140010673,147.8740486003987,148.68545532226562,16348400
2019-12-31,147.9118016528635,148.85529720444745,147.60987616598882,148.78924560546875,18369400
2020-01-02,149.80822213313544,151.64803557454536,149.38365201536385,151.54425048828125,22622100
2020-01-03,149.37423516693,150.91212325532504,149.12891708911667,149.6572723388672,21116200
2020-01-06,148.20426936424013,150.11013423451627,147.66647003884313,150.04408264160156,20813700
2020-01-07,150.31772820129783,150.64794302838786,148.43073697243855,148.67604064941406,21634100
2020-01-08,149.94974637838766,151.71409291161044,149.02512473635332,151.04420471191406,27746500
2020-01-09,152.69536992623378,153.05390296792817,151.93114056607862,152.93124389648438,21385000
2020-01-10,153.61997098497042,153.9973634920825,152.07262427464744,152.2235870361328,20725900
2020-01-13,152.61983778477074,154.08225879341623,152.14809000111734,154.053955078125,21626500
2020-01-14,154.15774765402992,154.3558880672922,152.5821117076889,152.9689483642578,23477400
2020-01-15,153.43126994245833,154.6766912077971,153.384106673567,153.95962524414062,21417900
2020-01-16,155.06351557217135,156.8467217717717,154.7615900543168,156.78067016601562,23865400
2020-01-17,157.96008381293834,158.00726148784545,156.08252176583332,157.65817260742188,34371700
2020-01-21,157.26184806350182,158.68653570911525,157.02597415095403,157.09202575683594,29517200
2020-01-22,157.94112806057515,158.0260535900642,156.31831478119472,156.33718872070312,24138800
2020-01-23,156.799539537116,157.37507244171542,155.93152529350064,157.29959106445312,19680800
2020-01-24,158.04494334885658,158.06381729197344,155.15784910579725,155.71450805664062,24918100
2020-01-27,152.04428863143318,154.1482938867752,151.14797081779244,153.11044311523438,32078100
2020-01-28,154.52574412241393,156.39386181344818,153.85587015285586,156.11082458496094,24899900
2020-01-29,158.35628668301973,159.21487107258014,156.32777704725325,158.54498291015625,34754500
2020-01-30,164.21545567536722,164.21545567536722,161.13964998860112,163.0172119140625,51597500
2020-01-31,162.47939891941252,162.6586510071575,159.99800065070156,160.61126708984375,36142700
2020-02-03,160.79995976933012,164.63999404803988,160.77165605102132,164.5267791748047,30107000
2020-02-04,167.13084564989816,170.43308095412178,166.34774240730417,169.9424591064453,36433300
2020-02-05,173.63152056859474,173.79191311743807,168.3290790956933,169.73487854003906,39186300
2020-02-06,170.74444793318173,173.4334169085287,169.88586324038204,173.254150390625,27751400
2020-02-07,172.51819099249076,175.14110783338012,172.16908780090657,173.49942016601562,33529100
2020-02-10,173.20696469078302,178.16974753059193,172.8956093420017,178.03765869140625,35844300
2020-02-11,179.877456797595,179.9246344638434,173.1314680255405,174.0183563232422,53159900
2020-02-12,175.09396914230143,175.34871706386684,171.57473350066587,174.27313232421875,47062900
2020-02-13,172.73519819186575,175.70720395202792,172.53705775610726,173.32960510253906,35295800
2020-02-14,172.89557600506723,174.93353004235755,172.32947286250848,174.87692260742188,23149500
2020-02-18,175.12223737437887,177.09413993131065,175.0184522715613,176.65069580078125,27792200
2020-02-19,177.91843177575387,178.0319558816132,176.41417962942194,177.1804962158203,29997500
2020-02-20,176.86829430160537,177.15211900829618,171.33377748279395,174.4747314453125,36862400
2020-02-21,173.29213644538692,173.6043421717942,167.69138773814998,168.95912170410156,48572600
2020-02-24,158.72260501512415,165.13697612345229,154.42742730343585,161.67434692382812,68311100
2020-02-25,164.805838994472,165.41132486252457,158.6090607667317,159.0064239501953,68073300
2020-02-26,160.55802442634837,163.9165713842641,159.13891519818378,160.9932098388672,56206100
2020-02-27,154.51257654493847,158.0224976383526,149.4605381321256,149.64974975585938,93174900
2020-02-28,144.19096386419696,154.88158975850237,143.80307053825447,153.27325439453125,97012700
2020-03-02,156.39527365057177,163.5948873794093,153.5570555882588,163.47189331054688,71030800
2020-03-03,164.42741969774957,165.56270392318126,153.50973388064168,155.63839721679688,71677000
2020-03-04,159.403769247118,161.4945814998226,156.68853121047633,161.35267639160156,49814400
2020-03-05,157.09537542343918,161.65543835111438,156.75478867248188,157.3035125732422,47817300
2020-03-06,153.84087330986785,154.31390963214946,147.5873325518678,152.85696411132812,72821100
2020-03-09,142.85696399322785,149.24295410550792,141.9108913840012,142.49745178222656,70419300
2020-03-10,149.63089414950713,152.34611876790643,144.35180560623448,152.24205017089844,65354400
2020-03-11,148.65637705232737,149.19563087249077,142.9988530891375,145.34512329101562,56371600
2020-03-12,137.4643820960806,145.19379521674048,131.10677166189632,131.56088256835938,93226400
2020-03-13,139.54571958932405,153.17863030331625,133.14080353628432,150.2647247314453,92727400
2020-03-16,132.45018724186286,141.29597337845718,127.71982341179633,128.11717224121094,87905900
2020-03-17,132.45015934434994,139.54570359494014,127.71979651062317,138.66586303710938,81059800
2020-03-18,130.55804437090856,138.12662665328008,127.7387515127842,132.82861328125,81593200
2020-03-19,135.07078487160544,142.05279062232898,131.50408724036618,135.01402282714844,85922700
2020-03-20,138.1266398337142,139.1673257712155,128.53346145283714,129.943115234375,84866200
2020-03-23,129.62139571659822,132.98942614254727,125.37353917862465,128.64694213867188,78975200
2020-03-24,135.9979828444054,141.532515224966,133.65172603461022,140.3404541015625,82516700
2020-03-25,140.8797147471842,146.00742797794797,136.65076785708044,138.9970245361328,75638200
2020-03-26,140.39720856562647,148.21177973486448,140.36882753431325,147.69143676757812,64568100
2020-03-27,143.56652704755473,146.53719464098646,141.1540388623716,141.6270751953125,57042300
2020-03-30,144.21933299332323,151.9392901340011,141.92036869340518,151.5892333984375,63420300
2020-03-31,150.80397455281383,155.89385002651397,148.11713169291087,149.2051239013672,77927200
2020-04-01,144.74909318494593,149.2429375812106,142.68666205442855,143.90708923339844,57969900
2020-04-02,143.67062609444574,147.0954052519253,142.25151679459384,146.88726806640625,49630700
2020-04-03,146.73587914437556,148.8929237102213,143.9828041677828,145.53436279296875,41243300
2020-04-06,151.67435061344497,157.521071752868,149.08210675823807,156.35740661621094,67111700
2020-04-07,160.4444503945996,160.83234362915013,154.45580904362706,154.6734161376953,62769000
2020-04-08,156.7358484464,157.68192106171185,154.68287260348404,156.2249755859375,48318200
2020-04-09,157.38864581705784,158.34417399168134,154.52204685726437,156.23443603515625,51385100
2020-04-13,155.4870697024385,156.6412796677308,153.5476175846326,156.58450317382812,41905300
2020-04-14,159.88628591492517,164.38013122910206,158.94021321720373,164.33282470703125,52874300
2020-04-15,161.9676402425253,164.2098423148961,160.11334587025092,162.61097717285156,40940800
2020-04-16,164.900506356569,167.71979950520816,163.5759956591144,167.49273681640625,50479600
2020-04-17,169.82001109807743,170.29304734069046,166.38576335721228,168.9685516357422,52765600
2020-04-20,167.1048327083939,169.11050229797053,165.5532739920201,165.61949157714844,36669600
2020-04-21,164.1436613290912,164.30449200269308,157.15218261418258,158.7699737548828,56203700
2020-04-22,162.1473971791377,164.6166474686037,161.60814325445529,164.16253662109375,34620200
2020-04-23,164.72073463272773,165.61950089925315,161.69330458109863,162.17579650878906,32790800
2020-04-24,162.78128221888915,165.14646419797546,161.50409261173763,165.1370086669922,34277600
2020-04-27,167.06695850395437,167.36023870290072,163.95438597316996,164.6639404296875,33194400
2020-04-28,166.12090220980403,166.19658975824308,160.25525434705176,160.65260314941406,34392700
2020-04-29,163.8787209318409,168.09819726179364,162.61098692676447,167.86167907714844,51286600
2020-04-30,170.2930911771575,170.6715144942926,166.72639294766603,169.5457000732422,53875900
2020-05-01,166.3195642920733,169.00640698439105,164.62608627101295,165.15589904785156,39370500
2020-05-04,165.08019570399185,169.34697748159672,164.42740336931547,169.1956024169922,30372900
2020-05-05,170.87969635685116,173.7462963201163,170.1985226590527,171.01214599609375,36839200
2020-05-06,172.26093581532623,174.26660551621677,171.83520594582544,172.6961212158203,32139300
2020-05-07,174.23819799492594,174.5977102209606,172.73394594797495,173.69894409179688,28316000
2020-05-08,175.00454311196347,175.0234686100885,173.47190979011717,174.72071838378906,30877800
2020-05-11,173.27318985590108,177.3980669441104,172.98937962637464,176.6696014404297,30892700
2020-05-12,176.72638460773848,176.95343281849526,172.46905742496284,172.667724609375,32038200
2020-05-13,172.70553973085677,174.1246484970332,167.0196347020538,170.05653381347656,44711500
2020-05-14,167.96576221598298,170.94590026240112,166.20606619224603,170.79452514648438,41873900
2020-05-15,169.403750532531,176.9723310236414,167.45484336581754,173.28265380859375,46610400
2020-05-18,175.73297567340927,176.1587054325401,174.03951216542788,174.9382781982422,35264500
2020-05-19,175.05183675097177,176.53717787203394,173.59489109296922,173.7273406982422,26799100
2020-05-20,175.33069276906858,176.3173570246595,174.50532158451549,176.13710021972656,31261300
2020-05-21,175.89037841860198,177.0952410908258,173.88860485853687,174.02142333984375,29119500
2020-05-22,173.79372643034782,174.99858898917685,173.17705787964485,174.09730529785156,20826900
2020-05-26,176.78216050547536,176.93395718698432,171.81094223314764,172.2568359375,36073600
2020-05-27,170.95710776267882,172.65530248461448,167.54176906562353,172.48452758789062,39517100
2020-05-28,171.46939932810795,174.70448091194282,171.12786404793408,172.0955352783203,33810200
2020-05-29,173.3573454571367,174.81836335004485,171.15635122877697,173.85067749023438,42130400
2020-06-01,173.17709140100695,173.61350329791978,172.15249985824332,173.4522247314453,22622400
2020-06-02,174.79935617005145,175.51088679218194,172.048110221598,175.42550659179688,30794600
2020-06-03,175.340121328542,176.40266906121542,174.1637188558485,175.8524169921875,27311000
2020-06-04,174.84678806804004,176.3077911894076,172.94937314484073,173.53756713867188,28761800
2020-06-05,173.25303014276045,178.1009280370006,172.67431775113803,177.59811401367188,39893600
2020-06-08,176.40267692363886,178.87880410656408,174.9796156570411,178.69854736328125,33211600
2020-06-09,178.3570358813876,180.91854360786243,177.65498701810736,180.06471252441406,29783900
2020-06-10,181.32647928613525,188.3374275256502,181.21262453597723,186.74359130859375,43872300
2020-06-11,183.22390946591682,185.71900069247567,176.52603590509813,176.7157745361328,52854700
2020-06-12,180.76673647244982,181.88621894783518,175.6816632491681,178.11036682128906,43373600
2020-06-15,175.11242934147475,181.03236926005948,174.57165912641244,179.24879455566406,32770200
2020-06-16,182.99621344964388,185.54823928045562,181.63956849263874,183.64134216308594,42556700
2020-06-17,185.02645020652403,186.25029117097526,183.75518544089064,184.2769775390625,25687800
2020-06-18,184.04926617601018,186.4115532058611,184.04926617601018,186.25027465820312,23061600
2020-06-19,188.4038148339312,189.06790717419463,184.4002681133222,185.1402587890625,44441100
2020-06-22,185.74739243499897,190.46246878619547,185.21611867308232,190.2822265625,32818900
2020-06-23,191.72430349967055,193.48890010509766,191.0981530482965,191.5535430908203,30917400
2020-06-24,191.2594563290366,192.82481806531447,186.47796195893972,187.6923065185547,36740600
2020-06-25,187.6543607899241,190.32022675323847,185.44387040822522,190.06407165527344,27803900
2020-06-26,189.48531911894298,189.63711577254304,184.8840970561807,186.2597198486328,54675800
2020-06-29,185.73795493775134,188.3469005872741,183.6223412461814,188.2615203857422,26701600
2020-06-30,187.73025839792913,193.91582132538687,187.5974399173059,193.07147216796875,34310300
2020-07-01,192.72047308150405,195.76583103340928,191.42074822230836,194.20045471191406,32061200
2020-07-02,195.13013735746952,197.35012374670447,194.4850232532677,195.68038940429688,29315800
2020-07-06,198.1185912644786,200.30062143506157,197.4165424949141,199.89266967773438,31897600
2020-07-07,199.65551321746923,203.65906048150194,197.3217006083153,197.568359375,33600700
2020-07-08,199.29499410765712,202.3213589127099,197.9857731079921,201.91342163085938,33600000
2020-07-09,205.23390809166048,205.28134636486303,200.62318877326808,203.32701110839844,33121700
2020-07-10,202.66290413404784,203.09931598071202,200.25319330353184,202.71034240722656,26177600
2020-07-13,203.47879513374653,204.73109607206322,195.90811279433242,196.44888305664062,38135600
2020-07-14,195.55706116113717,198.137546449428,191.6673550273695,197.66319274902344,37591800
2020-07-15,198.81116499075517,200.4903815184619,194.513520663541,197.36912536621094,32179400
2020-07-16,194.86450165378372,195.14911677994027,191.93299914946266,193.46041870117188,29940700
2020-07-17,193.98227301107062,194.52302889599372,191.060251430891,192.4738311767578,31635300
2020-07-20,194.485030666848,201.41059806874654,192.5970975967738,200.7465057373047,36884800
2020-07-21,202.70086709030062,202.96650405732726,197.35963872790919,198.04270935058594,37990400
2020-07-22,198.46958715605868,201.4105859157204,197.7011364706063,200.8887939453125,49605700
2020-07-23,196.56276007758535,200.10143591446615,191.78126493433092,192.15126037597656,67457000
2020-07-24,190.13992537997643,192.45477363052308,187.37918351676916,190.97479248046875,39827000
2020-07-27,191.13615957298498,193.50792904753322,190.55744724214992,193.3940887451172,30160900
2020-07-28,193.16637019506712,194.20045808606014,191.39229147601208,191.65792846679688,23251400
2020-07-29,192.11329538850467,194.15301100588138,191.6484234376394,193.59327697753906,19632600
2020-07-30,190.69022112897082,193.97275568307558,189.33357625555024,193.44146728515625,25079600
2020-07-31,193.91580993255508,194.5799167727827,188.80227701479487,194.49452209472656,51044000
