Date,Open,High,Low,Close,Volume
2016-04-01,10.02441193166658,10.794770418954862,9.985406473954393,10.755764961242676,28458300
2016-04-04,10.785016656526654,10.941038442594646,10.511977600944471,10.53148078918457,22475200
2016-04-05,10.365707141917841,10.453469626810632,10.121922874977054,10.141425132751465,20760300
2016-04-06,10.160930184645277,10.219437898665696,9.995156778315177,10.209687232971191,18413000
2016-04-07,10.160930958508496,10.385212095940416,10.131677099270293,10.248693466186523,19470200
2016-04-08,10.375459334576368,10.619243615586461,10.307199103518544,10.453470230102539,18950000
2016-04-11,10.482724987974121,10.648498387762404,10.180432044253337,10.190183639526367,18258000
2016-04-12,10.248693522471099,10.27794738186996,9.80013031518039,9.917146682739258,25679600
2016-04-13,10.043913732261254,10.628995516784334,9.946399636525738,10.609493255615234,26108900
2016-04-14,10.521728923965837,10.521728923965837,10.131674468845848,10.141425132751465,17778100
2016-04-15,10.463221721291765,10.511978767338825,10.199935160578924,10.424216270446777,25325200
2016-04-18,10.365708677140738,10.824023427258238,10.297449369875926,10.619244575500488,26372800
2016-04-19,10.804519259970311,10.804519259970311,10.336453886813281,10.453470230102539,21005700
2016-04-20,10.36570878831083,10.502228334267912,10.238940837771395,10.482725143432617,19268600
2016-04-21,10.531483098566085,10.619245604965007,10.336455823214814,10.385211944580078,15629500
2016-04-22,10.394960403442383,10.541231513280996,10.238938630251695,10.394960403442383,18715200
2016-04-25,10.404712217075405,10.609491031215116,10.219435660015924,10.28769588470459,22500000
2016-04-26,10.550983191666573,11.360346915428618,10.443718444769592,11.223828315734863,47098100
2016-04-27,11.058057306387749,11.321343897987575,10.921537747433097,11.272587776184082,24353400
2016-04-28,11.243331294174121,12.101452114183953,11.233580629259682,11.331093788146973,41186400
2016-04-29,11.340846010955724,11.399353723534956,10.385211049182798,10.482725143432617,40162100
2016-05-02,10.531483965851256,10.589991688293143,10.170683244248016,10.355958938598633,23794800
2016-05-03,10.229187785697889,10.35595571818533,9.995155108781011,10.10241985321045,27847600
2016-05-04,9.995156645774841,10.229189358679832,9.55634507658715,9.751372337341309,40867200
2016-05-05,9.809879302978516,10.141425124581835,9.761122263637,9.809879302978516,26456300
2016-05-06,9.731867516212256,9.95614952598517,9.60510051542782,9.741619110107422,20963300
2016-05-09,9.751372175029676,9.81963148266662,9.51733946602016,9.624604225158691,20476700
2016-05-10,9.692864961493875,9.858638387300934,9.595351783348429,9.839136123657227,19608200
2016-05-11,9.770874638993217,10.07316663315485,9.761123044352324,9.848885536193848,17808400
2016-05-12,9.897641462804845,10.004907141905148,9.117532505511184,9.390570640563965,41066600
2016-05-13,9.419825520346533,9.546593472210072,9.176041212138959,9.322312355041504,21517300
2016-05-16,9.371068905513095,9.449079813345369,9.273555735704441,9.439329147338867,16247600
2016-05-17,9.410075586644663,9.673363132387776,9.254053750632522,9.42957878112793,22112100
2016-05-18,9.439327369820464,10.024409068385864,9.439327369820464,9.800127983093262,26916900
2016-05-19,9.75137416233867,10.004910113750718,9.663611646083462,9.819633483886719,18852900
2016-05-20,10.053663836860549,10.541232383304619,10.0244090545004,10.53148078918457,31189700
2016-05-23,10.570486258151446,10.892281425090914,10.550983069869925,10.863027572631836,28369200
2016-05-24,11.028802559358445,11.214078225199613,10.88253141583436,11.204326629638672,25437300
2016-05-25,11.301838600974165,11.487114231990045,11.136065227451088,11.311590194702148,29175600
2016-05-26,11.41885561443366,11.730899192568337,11.399352425818634,11.652888298034668,23644100
2016-05-27,11.672390041866556,12.1209530948946,11.535870528349115,12.003936767578125,29838400
2016-05-31,12.345237958261345,12.589022281070498,11.955183413752057,12.403746604919434,49604300
2016-06-01,12.296480043856144,12.764546394348145,12.003939621007385,12.764546394348145,35762100
2016-06-02,12.628025338580985,12.881561209369773,12.43299810334469,12.78404712677002,31941900
2016-06-03,12.696284932629572,12.715787190195035,12.315981145489804,12.540262222290039,28326000
2016-06-06,12.569518600823223,12.715788806022196,12.442750655667913,12.452502250671387,24861200
2016-06-07,12.511007340200685,12.823050875244707,12.491505084241977,12.676780700683594,21409500
2016-06-08,12.754792848642035,12.764544442569466,12.198965014262953,12.267224311828613,25869800
2016-06-09,12.159958676073657,12.384239740165086,11.935676682019116,12.19896411895752,21881700
2016-06-10,12.013687401419633,12.062444436840044,11.750400898090371,11.838163375854492,21439300
2016-06-13,11.701646358416445,12.052695414382152,11.643137717440512,11.75040340423584,15538900
2016-06-14,11.76990453179608,12.013688807466838,11.448109362307733,11.623634338378906,21913200
2016-06-15,11.857668055705375,11.945430551407803,11.652889209054138,11.721149444580078,17491700
2016-06-16,11.574877403500999,11.691893745301503,11.292087678325643,11.652888298034668,22453100
2016-06-17,11.672391165713519,12.042943369541604,11.652887977634737,11.896672248840332,20604200
2016-06-20,12.198966583412568,12.345236791286018,11.984436139229983,12.013689994812012,21481700
2016-06-21,12.228221694548361,12.511011474112713,12.111205330242086,12.433000564575195,25060500
2016-06-22,12.462254321614132,12.715790240526864,12.354989554364925,12.403746604919434,26968200
2016-06-23,13.076587907280311,13.807940706837048,13.076587907280311,13.700675964355469,71203000
2016-06-24,13.164350029805028,13.505648365525975,12.803549436880026,12.881560325622559,77486100
2016-06-27,12.803550150725084,12.910814896235685,11.799159204694112,11.925926208496094,45700500
2016-06-28,12.325732917455774,12.725538967941278,12.306229729645173,12.667030334472656,34838100
2016-06-29,12.969325283165864,13.086341638612428,12.618275286862842,12.862059593200684,36879800
2016-06-30,13.008330926289583,13.43739090257033,12.891314569122105,13.417888641357422,48486100
2016-07-01,12.26722560614493,12.579269205041054,12.003939052067144,12.189214706420898,68847100
2016-07-05,12.072197727970279,12.140457029182226,11.506618269451561,11.613883018493652,37298900
2016-07-06,11.467613090916792,11.555375583086365,11.214077209085419,11.438358306884766,35747800
2016-07-07,11.604130937400981,12.23797060051344,11.594380273324784,11.896672248840332,33457100
2016-07-08,12.081951322727676,12.403746553094162,12.07219972666484,12.306232452392578,27955700
2016-07-11,12.47200434170562,12.657279994444517,12.296479353874782,12.32573413848877,22797100
2016-07-12,12.676785634478174,13.12534885566594,12.657282440965751,12.901066780090332,35226800
2016-07-13,12.910817648335435,13.057088801534698,12.745044232687643,12.959574699401855,23067400
2016-07-14,13.164353569910105,13.213110620976526,12.940072436953328,12.959574699401855,18698900
2016-07-15,12.979075702460467,13.16435134930388,12.715788229092032,12.803550720214844,18046200
2016-07-18,12.920567848708078,13.02783260549547,12.76454604612158,13.008330345153809,17180500
2016-07-19,12.891310691833496,12.930316132491082,12.72553733654799,12.891310691833496,30569900
2016-07-20,12.998580279294691,13.281370062243989,12.910817772523632,13.252116203308105,35666000
2016-07-21,13.1448525835811,13.164355779266224,12.75479796951419,12.852312088012695,16734700
2016-07-22,12.881561616776622,12.901063875935446,12.696285969933209,12.803550720214844,18755900
2016-07-25,13.651920660326287,13.973715858636913,13.534904309119083,13.573909759521484,51357000
2016-07-26,13.65191966772869,14.32476387074007,13.583660366978277,14.305261611938477,38959800
2016-07-27,14.480786680178834,14.519792127985541,13.71042838852397,13.83719539642334,35035800
2016-07-28,13.778689825275789,13.837197541072436,13.359380498891863,13.466646194458008,25504200
2016-07-29,13.564158448080235,13.59341230400296,13.281368694258381,13.398385047912598,21792900
2016-08-01,13.466645598252256,13.573910359106117,13.213109694455857,13.222861289978027,16363900
2016-08-02,13.213108439844818,13.24236229367028,12.696286015766509,13.066837310791016,23707600
2016-08-03,12.940071033104553,13.24236304298704,12.940071033104553,13.174103736877441,17316600
2016-08-04,13.271616591158539,13.846947672084017,13.261865926199588,13.681174278259277,23400100
2016-08-05,13.866453285625877,14.412529677232584,13.84695009237249,14.158994674682617,29098400
2016-08-08,14.16874433385755,14.354020936736624,14.022474114711647,14.061479568481445,16163500
2016-08-09,14.19799740853444,14.334516015274785,14.041974682317491,14.119985580444336,12573700
2016-08-10,14.119986790500024,14.13948998168475,13.681175218440407,13.846948623657227,15003200
2016-08-11,13.895704943086198,14.129737645252249,13.85669949272519,14.071229934692383,14451300
2016-08-12,14.10048496620633,14.617307459092807,14.0712311084861,14.558799743652344,24909900
2016-08-15,14.714820874292823,15.309654246766078,14.70506927885146,15.143880844116211,29105200
2016-08-16,15.19263902383705,15.202390620005307,14.85134059765516,15.104876518249512,21872700
2016-08-17,15.143880189287371,15.368162224924026,15.075620884076047,15.134129524230957,22552100
2016-08-18,15.163385860341402,15.407170195941864,15.124380403843865,15.37791633605957,16590700
2016-08-19,15.758217192702263,16.04100787686766,15.631450173545566,15.845979690551758,35059400
2016-08-22,15.748468244472967,16.021507379223653,15.514435497512498,15.787474632263184,22145800
2016-08-23,15.865483908561982,16.128771419160042,15.738715021269547,15.777721405029297,23741400
2016-08-24,15.797223393532414,15.836227914394188,14.997610256673378,15.124378204345703,26686900
2016-08-25,15.504679884578989,16.13851864257903,15.485177625698782,15.797222137451172,34837800
2016-08-26,15.933740623459363,16.392054398383557,15.884984511632311,16.09951400756836,24243700
2016-08-29,16.4993145793831,16.821109646040757,16.19702269492913,16.48956298828125,34467800
2016-08-30,16.577331195370952,16.587082789853525,16.09951422528379,16.323795318603516,23620900
2016-08-31,16.284791136300306,16.323795655108174,15.738712993578094,16.08001136779785,21963700
2016-09-01,16.197033002452446,16.38230777151586,15.894739065697804,16.226285934448242,15719500
2016-09-02,16.53832791813465,16.548079514445504,16.158024961645502,16.284793853759766,16099500
2016-09-06,16.38230403957221,16.65534312220483,16.333547924068014,16.58708381652832,22998600
2016-09-07,16.782112598481202,16.918633089772687,16.59683784446545,16.733356475830078,23023500
2016-09-08,16.75285632523594,17.415949876537823,16.46031406793579,17.016143798828125,39212100
2016-09-09,16.89912335988356,17.29892936273719,16.27503630370738,16.392051696777344,31389600
2016-09-12,16.197027336649725,16.772358357055467,15.96299466291412,16.723600387573242,28239200
2016-09-13,16.499319058699175,16.723600135153116,16.050755045864967,16.333545684814453,24345800
2016-09-14,16.460313379290927,16.655341542665028,16.236032293359195,16.509071350097656,18591300
2016-09-15,16.47981725707443,17.02589353347096,16.431061144154317,17.016143798828125,24303700
2016-09-16,17.630481435123198,17.630481435123198,16.908880092106163,17.045398712158203,37447400
2016-09-19,17.191669599230146,17.32819008453984,16.431063703609013,16.52857780456543,23999900
2016-09-20,16.626084153559727,16.84061547162251,16.304289036391673,16.499317169189453,17775800
2016-09-21,16.821116374620555,17.259928850103023,16.80161318461543,17.220922470092773,31384900
2016-09-22,17.44520073257245,17.60122250733563,16.977135408282898,17.152660369873047,25278000
2016-09-23,17.016145784962312,17.298934620773924,16.996642593547246,17.045398712158203,17947600
2016-09-26,16.918631278063796,17.16241558506781,16.752857874904002,16.928382873535156,19567200
2016-09-27,17.094153590614347,17.630478237777425,16.918628619564213,17.552467346191406,28621000
2016-09-28,17.70848956688955,17.70848956688955,16.72360087382831,17.006391525268555,42715600
2016-09-29,17.016144138520335,17.32818773126194,16.91863005080695,17.103906631469727,31870200
2016-09-30,17.308685430270696,17.552469732105493,17.14291203062597,17.337940216064453,21363100
2016-10-03,17.54271469563196,17.57196947568705,17.16241185454705,17.2891788482666,26856100
2016-10-04,17.532965937346614,17.591475506917746,17.22092233934013,17.357440948486328,54502800
2016-10-05,17.113653802663528,17.87426134097627,16.850368223182336,17.259925842285156,67739500
2016-10-06,17.201416368027584,17.445200622041245,17.10390415436312,17.2891788482666,21606800
2016-10-07,17.279436410235462,17.357447338456023,16.869878572095715,17.17217254638672,23849000
2016-10-10,17.27942893945271,17.396446211154604,17.055147850277717,17.064899444580078,18857600
2016-10-11,16.967388130707565,17.035647442038165,16.119019747131894,16.440814971923828,38070200
2016-10-12,16.460312816571577,16.616336457892814,16.255534925963165,16.36280059814453,17901800
2016-10-13,16.148270134362573,16.577330986558795,15.767967253965042,16.431060791015625,28593700
2016-10-14,16.60658173306335,16.97713292903098,16.567575365105707,16.70409393310547,23539800
2016-10-17,16.59683787370477,16.743108101842687,16.50907536483665,16.567583084106445,12657800
2016-10-18,16.782115991444513,17.22092862373001,16.7723662528846,16.977144241333008,20185700
2016-10-19,16.577331083060606,16.82111536369385,16.43106088666595,16.791860580444336,18629500
2016-10-20,16.626089677214004,17.064902191831802,16.626089677214004,16.772361755371094,17129700
2016-10-21,16.577335159313712,16.645594477087283,16.38230694288043,16.518827438354492,18710300
2016-10-24,16.64558914862439,16.733351631932795,16.54807507162323,16.63583755493164,13838700
2016-10-25,16.674845761486754,17.17216593489114,16.674845761486754,17.103906631469727,27444000
2016-10-26,16.86987115875032,17.484208575957336,16.772358936271107,17.201417922973633,23610500
2016-10-27,17.37694315513047,17.45495405021812,16.967385490938693,17.094154357910156,21198300
2016-10-28,17.162416290627615,17.230675601806666,16.674847656575277,16.772361755371094,20832400
2016-10-31,17.103909703715296,17.318439247277837,16.733356475830078,16.733356475830078,23267600
2016-11-01,16.77235834151997,16.977136233376562,16.167772539984895,16.55782699584961,27146100
2016-11-02,16.528580681773896,16.596840006347577,16.08976808104722,16.26529312133789,24949700
2016-11-03,16.24578782084022,16.392058048821546,16.148273715543716,16.206783294677734,17255100
2016-11-04,16.05076168990392,16.596840006347577,16.041011952045192,16.26529312133789,18026600
2016-11-07,16.596835481020296,16.996641581591714,16.596835481020296,16.94788360595703,21673200
2016-11-08,16.86987851790161,17.113662900298614,16.635845733991758,16.977144241333008,18062700
2016-11-09,16.528577438344925,16.918631973601446,16.333549240753296,16.772361755371094,33873300
2016-11-10,16.91863311957893,17.318439277788432,16.33355034710041,16.567583084106445,30282200
2016-11-11,16.65534547899255,17.240428247467015,16.479820462457525,17.230676651000977,31043300
2016-11-14,17.32818768427,17.5329655939789,17.09415499034846,17.269678115844727,26313300
2016-11-15,17.220927176693184,17.718247498185598,17.220927176693184,17.649988174438477,25153900
2016-11-16,17.493964289311467,17.87426725432035,17.484212692782155,17.7865047454834,21629000
2016-11-17,17.893770616432285,18.859156362832476,17.796256510144747,18.703134536743164,45958100
2016-11-18,18.430093609371294,18.849402923466624,18.38133749095743,18.732385635375977,29121600
2016-11-21,18.907908506399675,19.18094757455193,18.868903988050203,19.005422592163086,22744000
2016-11-22,19.151694356581757,19.3077161625881,18.966419624403375,19.249208450317383,22219100
2016-11-23,19.14194087117731,19.434483123499128,18.985919080576256,19.414979934692383,20041300
2016-11-25,19.453989637383458,19.931806685258522,19.29796782011514,19.629512786865234,16308000
2016-11-28,19.678265138912344,19.775779211796124,19.453984073228014,19.49298858642578,22205900
2016-11-29,19.424734858160015,19.697773968469278,18.898159829690748,18.937166213989258,37924400
2016-11-30,19.093185894041348,19.268710883882864,18.878656384194255,19.044429779052734,26031700
2016-12-01,19.21020305710567,19.33697007126121,17.727994107374805,18.02053451538086,40713100
2016-12-02,18.001029367791954,18.72263243425693,17.845007585833674,18.322826385498047,25887600
2016-12-05,18.527605513989958,18.527605513989958,17.942522862615505,18.147302627563477,26635500
2016-12-06,18.157052119342474,18.615365848880632,18.118045745802412,18.586111068725586,22267800
2016-12-07,19.015176998495864,20.029320664513822,18.82014879813033,19.931806564331055,44735700
2016-12-08,20.234096188164653,20.46812888474019,19.785533984709836,20.146333694458008,36257400
2016-12-09,20.21459175689748,20.33160902796137,19.629509121430868,19.990310668945312,23978000
2016-12-12,19.795282607810623,20.000062368266658,19.00542206874063,19.522245407104492,28676100
2016-12-13,19.63926438293535,19.9610596135421,19.307717556258485,19.629512786865234,26252400
2016-12-14,19.43448291832711,19.824537390711896,19.28821272367362,19.522245407104492,19489100
2016-12-15,19.600257323514025,19.990311816235756,19.483240045734238,19.785533905029297,19453100
2016-12-16,20.019567157562356,20.47788096676885,19.688020364544354,19.76603126525879,36643400
2016-12-19,19.922050808865432,20.185338266410014,19.688018133245702,19.844039916992188,23555900
2016-12-20,20.214594231865433,20.28285354004067,19.961058330124093,20.13658332824707,23018500
2016-12-21,20.23409653074784,20.312107430927156,19.834290434838035,20.068323135375977,32034500
2016-12-22,22.340389079448574,22.90596847918425,22.20387049121363,22.613428115844727,85870000
2016-12-23,22.496413637733617,22.905971313033806,22.486662043092362,22.681690216064453,27780100
2016-12-27,22.769451559002867,23.052240349624224,22.632931100840384,22.720693588256836,24214100
2016-12-28,22.81821286439415,22.82796446076331,22.19412557618258,22.2136287689209,24026900
2016-12-29,22.018600642601555,22.233130183733817,21.599291296815323,21.71630859375,19890500
2016-12-30,21.79431887031725,21.84307499099605,21.20923612253775,21.375009536743164,20268900
2017-01-03,21.52127448885217,22.174616389570705,21.501771301385627,21.98933982849121,24962900
2017-01-04,22.106359612163587,22.272133004664763,21.696801928332828,21.804067611694336,20426800
2017-01-05,21.843072476135564,22.008845871254973,21.414011595839465,21.560283660888672,19759400
2017-01-06,21.716308418441685,21.726060014768088,21.433517704756415,21.492027282714844,17782200
2017-01-09,21.39450859473808,21.989340963767273,21.39450859473808,21.784563064575195,21537200
2017-01-10,21.804066132627092,22.125861300956274,21.74555656752985,21.92108154296875,20644300
2017-01-11,22.04785223777269,22.31113786286189,21.999094262810566,22.223377227783203,20907700
2017-01-12,21.901580264237566,21.92108345430383,21.16047764098534,21.75531005859375,27592300
2017-01-13,21.71630635242114,21.75531087408917,21.443267261038347,21.628543853759766,14025700
2017-01-17,21.33600057345288,21.521277157506805,21.043460164884827,21.199481964111328,20053800
2017-01-18,21.14097881530495,21.784569340943126,20.994708579464813,21.765066146850586,19493400
2017-01-19,20.965449138011923,21.74555812940919,20.955697543128636,21.17022705078125,31259000
2017-01-20,21.355501391009454,21.774810627323138,21.34574979715026,21.41400909423828,19978700
2017-01-23,21.414008195590682,21.75530652663442,21.199478719470232,21.345748901367188,16070300
2017-01-24,21.71630565170783,22.515917849331384,21.706554056623816,22.281885147094727,29461400
2017-01-25,22.818208023668127,23.38378747360778,22.613430123138492,22.97422981262207,31611800
2017-01-26,23.20826751487788,23.393544126799462,22.71094911749531,22.935230255126953,19379100
2017-01-27,22.94497403790904,23.500801824466677,22.866963153127728,23.374032974243164,18626100
2017-01-30,23.22776926567149,23.63732698979858,22.84746632895588,23.578819274902344,30508100
2017-01-31,23.354537274877778,23.549563603856292,23.0912497778338,23.51055908203125,22712500
2017-02-01,23.822599976013105,24.23215763800486,23.705582704046986,24.1346435546875,28728200
2017-02-02,23.920124297152267,24.680730380729173,23.851863107665793,24.173660278320312,45499700
2017-02-03,24.280915116576995,24.612461902564338,23.89086062127616,23.988374710083008,25054400
2017-02-06,23.920113143586455,24.115139442828458,23.60806771693179,23.73483657836914,18900000
2017-02-07,23.97862311520967,24.07613720401651,23.608069949728968,23.988374710083008,19879300
2017-02-08,23.647076753728747,23.77384376950475,23.315529961789558,23.608070373535156,21559200
2017-02-09,24.134650150146168,24.271168788142088,23.812854889207966,23.84210968017578,27887400
2017-02-10,24.095639667889458,24.14439764455093,23.30577904523994,23.452049255371094,28578400
2017-02-13,23.471549979444188,23.598318845515422,23.227765701535667,23.305776596069336,16876400
2017-02-14,22.779208284893212,22.788959881239276,22.116114612775498,22.545175552368164,60685200
2017-02-15,22.496412742809948,22.681689313770345,22.22337554342244,22.447656631469727,28215800
2017-02-16,22.467162832642984,22.75970325976448,22.281886236838478,22.408653259277344,23819800
2017-02-17,22.437906265647047,22.798705973141157,22.437906265647047,22.769453048706055,22108700
2017-02-21,23.032745877356046,23.38379407159114,22.993739489148282,23.17901611328125,20256300
2017-02-22,23.26677343517444,23.461799752915056,23.061993662631263,23.159507751464844,16013300
2017-02-23,23.32528010941169,23.374036221701587,22.65243497223763,22.89621925354004,20172900
2017-02-24,22.38914849949768,22.681690766049368,22.07710490311711,22.662187576293945,22019600
2017-02-27,22.779201767714156,23.17900780388326,22.574422022888402,23.16925621032715,17999800
2017-02-28,23.198514264262954,23.354536063322538,22.74019860208969,22.857215881347656,21447500
2017-03-01,23.559310495765448,23.96886812275832,23.47154801427224,23.939613342285156,27989300
2017-03-02,24.261411030390573,24.622212587666603,23.773842464298166,24.085887908935547,45941900
2017-03-03,24.57345591090871,25.041521277229947,24.358924556399984,24.934255599975586,37862400
2017-03-06,24.86599807084031,25.2755557605218,24.544202876085322,25.070775985717773,25527800
2017-03-07,24.924506797071718,25.109783389462745,24.651469566102456,25.002517700195312,20313000
2017-03-08,25.002513518865744,25.187790080271792,24.417432773248876,24.748977661132812,24921100
2017-03-09,24.60270915284464,24.85624502787089,24.232157864684087,24.52469825744629,21786600
2017-03-10,24.6514634256755,25.109777134874545,24.19314785655028,24.5539493560791,28919000
2017-03-13,24.758731762405805,25.178041036510802,24.661219534878008,25.061025619506836,23768200
2017-03-14,24.953759468089874,25.061025148265276,24.622212692935435,24.944007873535156,14587500
2017-03-15,24.524698744142654,25.499835885937006,24.31992083713056,25.470582962036133,29779900
2017-03-16,25.548592279854926,25.577845201947714,25.18779074132407,25.39257049560547,19147300
2017-03-17,25.217042653693536,25.26579875825075,24.768478680077255,25.158533096313477,19126500
2017-03-20,25.343820057259613,25.948406045842145,25.168295032834784,25.558349609375,26918800
2017-03-21,25.64610965504035,25.782630138644592,24.797741265149153,24.8855037689209,28397500
2017-03-22,25.090276073064988,25.49983371210129,24.992761995213232,25.412071228027344,25092500
2017-03-23,25.704618187618276,25.83138521018443,25.392574569061576,25.81188201904297,47118300
2017-03-24,28.97132664333795,29.12735031360132,27.45986465822888,27.72315216064453,107481800
2017-03-27,27.401356254123122,28.45450437733135,27.37210146794938,28.044946670532227,48190000
2017-03-28,28.015687178049905,28.337482332196625,27.908423366618553,27.976682662963867,24776400
2017-03-29,27.88892645305717,27.966937360705057,27.645142134166683,27.791412353515625,23060600
2017-03-30,27.693897409268434,28.278980128745047,27.62563809964939,28.249725341796875,25092700
2017-03-31,28.37649525649605,28.630031172813474,28.181467056274414,28.181467056274414,32337800
2017-04-03,28.230217012935427,28.317979492099365,27.59637647232338,27.92792320251465,21629100
2017-04-04,27.762155993997997,27.96693577743488,27.4598639764667,27.879173278808594,13957900
2017-04-05,27.927924304692844,28.19121175257532,27.528118266023736,27.557373046875,22389900
2017-04-06,27.54762471790468,28.064448081300863,27.323343617911185,27.90842628479004,19423700
2017-04-07,27.742651877605766,28.142457949015178,27.64513779337571,27.810911178588867,20325500
2017-04-10,27.74265171020416,27.78165622770495,26.894281600426215,26.952789306640625,27422100
2017-04-11,26.81627604850139,26.855282433700445,26.01666375118891,26.50423240661621,38619300
2017-04-12,26.738258770180813,26.748010364158187,25.9971543672378,26.026409149169922,24621900
2017-04-13,25.88989012629896,26.552983674048523,25.704615410253886,26.075166702270508,26077500
2017-04-17,26.240941527463768,26.54323353435582,26.162930626977865,26.45547103881836,14108600
2017-04-18,26.328700902989745,26.660247655747426,26.231186823956364,26.465219497680664,14407100
2017-04-19,26.767511890520016,26.865024104387935,26.377455595343317,26.58223533630371,21231900
2017-04-20,26.816273136153317,27.38185264062785,26.816273136153317,27.264835357666016,23633000
2017-04-21,27.303840640601056,27.333095425146684,26.484725272588904,26.6407470703125,28361700
2017-04-24,27.050303829863694,27.06980701889425,25.860637197896963,25.909393310546875,44041000
2017-04-25,26.04591158982518,26.348205436257995,25.71436668006345,26.318950653076172,22881400
2017-04-26,25.919144493653636,26.396961457759108,25.733867920657165,26.123924255371094,24670700
2017-04-27,26.494476739128306,26.962542130032322,26.426217435445622,26.943038940429688,24626900
2017-04-28,27.323338721451183,27.498863676052665,26.826018636722385,26.982040405273438,28105100
2017-05-01,27.157570893990684,27.674392410160582,27.030802018756376,27.586631774902344,23938000
2017-05-02,27.576881442359543,27.576881442359543,26.767517618545423,27.079561233520508,25335300
2017-05-03,26.865028168709873,27.40135472575379,26.865028168709873,27.30384063720703,15061300
2017-05-04,27.2453283294136,27.46960939326702,27.03079699883535,27.099058151245117,15544600
2017-05-05,27.10881258625865,27.518370272119608,26.933289457969565,27.498868942260742,15639600
2017-05-08,26.874779969966557,27.37210015144078,26.601742751850434,27.362348556518555,32326800
2017-05-09,27.411105528681773,28.18146290009948,27.362347555853763,28.093700408935547,31073400
2017-05-10,28.200960456970073,28.688528928314696,28.083943205479873,28.591014862060547,29267500
2017-05-11,28.44474995582016,28.581268557880556,27.9766845831047,28.308231353759766,22494600
2017-05-12,28.37649346399456,28.395996654770087,27.96693575734169,28.21072006225586,15902700
2017-05-15,28.356991176079358,28.464256868833356,28.015692766347566,28.11320686340332,21899900
2017-05-16,28.200964998243105,28.35698678540388,27.859666641356505,28.298479080200195,14940800
2017-05-17,27.63538685030734,27.801160239427663,26.289696548053783,26.328702926635742,38027900
2017-05-18,26.474974890785273,27.196576203301266,26.41646717893982,26.796770095825195,26863000
2017-05-19,27.089312358041983,27.459863679401337,27.040554381595605,27.12831687927246,19173200
2017-05-22,27.49886902550317,27.547625140187748,26.962542464340043,27.362348556518555,18032700
2017-05-23,27.381851999495606,27.606133105000524,26.874780218411512,27.586631774902344,21800800
2017-05-24,27.762154304116024,28.395994946707695,27.732901379638985,28.26922607421875,22216800
2017-05-25,28.474003070378487,28.92256522796136,28.464251476527593,28.698284149169922,20714000
2017-05-26,28.542267358415113,29.02983597665961,28.16196257143427,29.020084381103516,17784800
2017-05-30,29.19560592253971,30.102483742627513,29.137096356134627,29.936710357666016,34690000
2017-05-31,30.23900132110987,30.32676380782119,29.56615620963187,30.004968643188477,26402900
2017-06-01,29.985470495964588,30.063481401719624,29.527156657144598,29.995222091674805,20534800
2017-06-02,30.034220672750138,30.599800092564056,29.770935080368353,30.43402671813965,20206300
2017-06-05,30.521789202242356,30.970353216536893,30.297508125058254,30.43402671813965,24360800
2017-06-06,30.268265951031832,30.980115810465552,30.102492517746047,30.78508758544922,33125800
2017-06-07,30.911850355693158,31.740715497719176,30.911850355693158,31.691959381103516,32635800
2017-06-08,32.02350665840734,32.04300984931447,31.08737395405825,31.643203735351562,29156500
2017-06-09,31.85772890158416,32.1112666436749,28.81530203546641,29.839197158813477,53064200
2017-06-12,29.312622538355836,30.90209715231624,28.48375557953537,30.424280166625977,46550900
2017-06-13,30.960610621258628,31.438429555771187,30.004976472087268,30.75583267211914,33767900
2017-06-14,30.989861680597343,30.99961327603871,30.082983763743755,30.287761688232422,28935000
2017-06-15,29.712429383750433,30.19999797668322,29.332126476439363,29.80019187927246,33670600
2017-06-16,29.868453771916382,30.22925538030717,29.078593103726554,29.117599487304688,42881700
2017-06-19,29.751435004768595,30.47303628070449,29.57591001820349,30.424280166625977,24915000
2017-06-20,30.61930829425087,30.794833291199723,29.965966283344944,30.063480377197266,25793300
2017-06-21,30.40477800178391,31.350662270169956,30.287760720154388,31.214139938354492,30579000
2017-06-22,31.24339616478892,31.594446145044344,30.970357084598415,31.097124099731445,23050800
2017-06-23,31.0971286190691,31.28240709104879,30.85334428844629,30.94110679626465,45323800
2017-06-26,31.643203264487852,32.140521605732815,31.15563465862472,31.691959381103516,34750700
2017-06-27,31.701707898887285,31.85772969797688,30.82408667395325,30.87284278869629,33221500
2017-06-28,31.272644113365892,31.477421995977032,30.658308605606198,31.438419342041016,28415900
2017-06-29,31.487178859790422,31.584691084971034,29.878201105339723,30.687564849853516,53948400
2017-06-30,31.321408081520584,31.350664729130923,28.971327408813423,29.117599487304688,73308000
2017-07-03,29.34187592148633,29.527152494004234,27.849915466860665,28.415494918823242,36830400
2017-07-05,28.815301705818968,29.80019043913832,28.815301705818968,29.751434326171875,40444600
2017-07-06,29.195607458433656,29.722180564295673,29.176104268605958,29.35162925720215,27143800
2017-07-07,29.46864569397792,29.741684781215117,29.23461298774316,29.44914436340332,22023100
2017-07-10,29.41013905638805,29.82944836784331,29.01033293614622,29.74168586730957,24907900
2017-07-11,29.790437666515537,30.609552979460492,29.75143314967009,30.590051651000977,28530500
2017-07-12,30.980105781148392,30.989857375234983,30.385271561351004,30.668062210083008,22258600
2017-07-13,30.76557380269716,31.05811603954046,30.073227376028083,30.356016159057617,23773000
2017-07-14,30.570553795865038,31.155636530029902,30.482791292743972,30.999614715576172,28887600
2017-07-17,30.882594592934332,31.06787117808138,30.65831348771382,30.931350708007812,22320500
2017-07-18,30.85333858576496,31.11662606055611,30.619305894814993,31.106874465942383,14045000
2017-07-19,31.253146926774214,31.54568734664829,30.86309241363324,31.028865814208984,19984100
2017-07-20,31.136132170719065,31.22389467054927,30.63881195832346,31.204391479492188,23179300
2017-07-21,31.106876111781244,31.301902434594982,30.833838887856686,31.214139938354492,21146600
2017-07-24,31.204388335217093,31.214138069836544,30.716819767479326,30.882593154907227,17415500
2017-07-25,30.034225996151676,30.06348078267994,28.91281855154153,29.15660285949707,51216400
2017-07-26,29.107848318354367,29.302874659325404,28.942074905569267,29.0688419342041,26387400
2017-07-27,29.517402520207735,30.52179261284253,28.932319847452845,29.488147735595703,38967000
2017-07-28,29.215106978285778,29.23461016690514,28.23996986643496,28.55201530456543,31854900
2017-07-31,28.698283578735122,28.8152989827672,27.17707030683392,27.420854568481445,41112700
2017-08-01,27.518373940964473,28.220473987433408,27.138070989078333,27.635391235351562,28221600
2017-08-02,28.239973775406146,28.698289471768913,27.51837243594381,27.91817855834961,27226000
2017-08-03,27.684141591736175,27.693893185898432,26.923535846344386,27.138065338134766,30288400
2017-08-04,27.16732046498762,27.59637945400702,26.59198942160669,27.225828170776367,23947500
2017-08-07,27.235582862166922,27.898676469598133,27.108813981961557,27.879173278808594,16589300
2017-08-08,27.89867801027739,28.610527774067066,27.89867801027739,28.12295913696289,21903300
2017-08-09,27.801161699073276,28.17171301542445,27.654891491564303,27.869421005249023,14181800
2017-08-10,27.59637908192854,27.674389975237204,26.748010849687603,26.8065185546875,26147600
2017-08-11,26.757761273074166,27.342843877252466,26.182430262623576,27.313589096069336,23375900
2017-08-14,28.103454227834497,28.630029216495473,28.00594013438691,28.513011932373047,25254600
2017-08-15,28.766545028207936,29.068837014504613,28.415495069975375,28.94207000732422,23973600
2017-08-16,29.27361988490595,30.09273530113379,29.215110312370644,29.92696189880371,37879500
2017-08-17,29.56615695074527,29.77093671151355,28.873810493697402,28.883562088012695,26152500
2017-08-18,29.215108530849935,29.839197580350092,29.020082214071447,29.624666213989258,31178100
2017-08-21,29.770942352000993,29.839201665214212,28.552020730545568,28.825057983398438,26247700
2017-08-22,29.10784188603795,29.7806869845291,29.029830994903204,29.69292449951172,18821200
2017-08-23,29.22485729277689,29.975713282402786,29.127345073803227,29.69292449951172,21200400
2017-08-24,29.790438364680316,29.868449260125878,29.36137936969295,29.468643188476562,18056800
2017-08-25,29.546655023501373,29.63441751615927,29.30287073499088,29.53690528869629,13929800
2017-08-28,29.67342364779457,30.43402943125564,29.66367205314424,30.307262420654297,22531000
2017-08-29,29.98546744825953,30.74607509700844,29.93671133459069,30.697317123413086,23151900
2017-08-30,30.86309166334691,30.89234644859378,30.599804175904826,30.824087142944336,17467900
2017-08-31,30.824086542324263,31.22389263327486,30.697317668651216,31.175134658813477,25694000
2017-09-01,31.331151206772475,32.06250391837877,31.331151206772475,31.78946304321289,26034000
2017-09-05,31.643201013318915,31.925991677365946,30.86309018348078,31.272647857666016,28866600
2017-09-06,31.272640949118767,31.88697825464449,31.262891216584404,31.448165893554688,29290200
2017-09-07,31.662703126739263,32.082012381292266,31.64319993817251,31.974746704101562,25353300
2017-09-08,31.98450027659308,32.19903165671821,31.506685118854953,31.643203735351562,19649300
2017-09-11,32.08201411728189,32.608585357666016,31.99425162390902,32.608585357666016,31012100
2017-09-12,32.85237344166618,33.68124235697666,32.725608274264474,33.43745803833008,38685800
2017-09-13,33.70074661342778,33.934777483603376,33.17417157575228,33.72999954223633,41588100
2017-09-14,33.57397709500779,33.9835329700914,33.44720820611611,33.72024917602539,23007000
2017-09-15,33.778752099056526,34.12980208712922,33.52521806314469,33.78850555419922,37417300
2017-09-18,34.25657378642476,34.909913980373005,34.149308090139876,34.54911422729492,41330100
2017-09-19,34.617359079302936,35.20243971664614,34.617359079302936,35.05617141723633,26392200
2017-09-20,35.13419708269301,35.69002506752592,34.46135365890941,35.07569122314453,42243000
2017-09-21,35.03668077265883,35.34872438689975,34.5198592340448,35.01717758178711,22464900
2017-09-22,34.71488678806707,35.31947459925846,34.71488678806707,35.17320251464844,21559800
2017-09-25,35.14394512794966,35.2512108137441,33.68123934679601,34.00303268432617,35607200
2017-09-26,34.35407810334524,34.49059669627446,33.24242245251856,33.33018493652344,55112600
2017-09-27,35.358469655996636,36.22634480082005,35.02692289276433,36.1678352355957,84593900
2017-09-28,36.226346133587356,37.503773402566424,35.90454909279378,37.016204833984375,52569900
2017-09-29,37.03570507180543,38.381395255415235,36.86993355722698,38.352142333984375,48711400
2017-10-02,38.61542981647079,39.36628587155005,38.381398982592046,39.015235900878906,54244800
2017-10-03,38.9372282079439,39.53206248770135,38.85921544738738,39.36628723144531,27322300
2017-10-04,39.142008949859104,39.424799647508344,37.94259056862832,38.57643127441406,37908400
2017-10-05,38.810460731703884,38.86897030423149,38.27413600302075,38.391151428222656,22501000
2017-10-06,38.03035275998697,38.683692932128906,37.845078021585536,38.683692932128906,25150300
2017-10-09,38.73244809704877,39.97087270182749,38.634932151877436,39.94161605834961,27279300
2017-10-10,40.419446218016006,40.95577104728344,39.45405854945142,40.9362678527832,48214100
2017-10-11,39.82460245400437,41.024020735227495,39.78559607416302,40.57545852661133,53023600
2017-10-12,40.185401543677976,40.71197650379721,39.288277140381254,39.571067810058594,66789800
2017-10-13,39.766091581570265,40.14639447293253,39.31752938764826,39.39554214477539,35371200
2017-10-16,39.86360466244095,40.536447904957576,39.5028012664433,40.458438873291016,33696800
2017-10-17,40.117136923575956,40.37067463515415,39.24926555979054,39.38578414916992,41233700
2017-10-18,40.01961827268944,40.906992680808905,39.79533723765397,40.61445236206055,43528000
2017-10-19,40.15615195428511,40.46819557437879,38.81046151772272,40.282920837402344,47676000
2017-10-20,40.9557577845562,41.121529304345295,40.40967967494844,40.46818923950195,36293700
2017-10-23,40.80948983834981,41.14103663113292,40.370681079541036,40.526702880859375,26844200
2017-10-24,40.702222845168976,40.965506579994646,40.399929015015424,40.56570053100586,26299400
2017-10-25,40.282923118438724,40.5559603715182,39.30778582046508,40.03913879394531,31061100
2017-10-26,40.14639257657337,40.15614603068005,39.3077777961876,39.5905647277832,27453500
2017-10-27,39.58082035729606,39.922116900223806,39.04449562418676,39.834354400634766,31094700
2017-10-30,39.71732450206669,40.8192302131992,39.66856840225063,40.61445236206055,29119500
2017-10-31,41.19954075127064,43.4618584310303,41.15078464228109,43.20832443237305,61972200
2017-11-01,43.676398378881096,44.20297338735261,42.69150767194141,43.27659225463867,38842900
2017-11-02,42.98404533536584,43.63738540960032,42.63299538270433,43.237579345703125,25813000
2017-11-03,43.656895896271465,43.88117702133141,42.27219904260787,42.62324905395508,27694600
2017-11-06,42.75976343145002,42.91578522991023,41.39457362488644,42.1746826171875,28841000
2017-11-07,42.49648100836245,43.14007141227759,42.252696708093794,42.85728073120117,32422900
2017-11-08,42.759758954435746,43.04254959699035,42.369706359050895,42.99379348754883,19519600
2017-11-09,42.60374703675632,42.60374703675632,41.5213477650668,42.41847229003906,32501100
2017-11-10,42.67200460444333,43.734904360250376,42.623248485706995,43.66664505004883,33840800
2017-11-13,43.227837916001064,44.72954651776248,43.09131557051951,44.46625900268555,30522300
2017-11-14,44.44675393806407,44.85630976341797,43.686144416923405,44.66128158569336,29899200
2017-11-15,44.066436853002934,44.602765144345696,43.510609096386084,44.23221206665039,22434500
2017-11-16,44.59302118950983,45.139099329796196,44.16396218490461,45.03183364868164,24192600
2017-11-17,45.382886093102904,45.39263582834866,44.59302362348145,45.012332916259766,22613300
2017-11-20,45.35362608035574,46.670063431985255,45.24636412120334,46.45553207397461,26975000
2017-11-21,47.157632307634174,48.39605691189124,46.95285440264007,48.171775817871094,35756600
2017-11-22,48.61058995626859,48.64959633865764,47.41117159670559,47.918243408203125,28711800
2017-11-24,48.093770387814835,48.63984860416863,47.810979683639474,48.444820404052734,14203300
2017-11-27,46.76758036604404,47.186889669914365,45.91921202279972,46.855342864990234,44469700
2017-11-28,47.24540268078315,47.64520882288876,46.63106514345136,46.73833084106445,30633200
2017-11-29,46.31901830592388,46.41653054073187,42.19418828001032,42.652503967285156,81370100
2017-11-30,43.06205262091552,43.43260574699624,40.81923811646369,41.3360595703125,63895700
2017-12-01,40.692472847331054,41.49208501321861,39.01523575798008,40.94601058959961,73138600
2017-12-04,40.90700067016237,41.23854742145719,38.098604878009276,38.9079704284668,73640500
2017-12-05,38.78120941107855,41.00452118123606,38.439909136982834,40.18540573120117,56540700
2017-12-06,39.805097312051736,40.702225405142265,39.29802555854022,40.54620361328125,39735300
2017-12-07,41.13128287561004,42.15517607917203,40.867995414147906,42.12592315673828,43189000
2017-12-08,42.94504299568797,43.4716179741834,41.8041305422812,42.135677337646484,44717800
2017-12-11,42.34045705844412,42.66225413228583,41.277561040836105,41.940650939941406,32824000
2017-12-12,41.62860633829092,41.784628143780935,40.67297231468294,40.819244384765625,28492300
2017-12-13,41.17028419190721,42.02840204988466,40.926499948648356,41.00450897216797,28565600
2017-12-14,41.23854874395862,41.66760772768995,40.83874268279791,41.18979263305664,24582800
2017-12-15,41.24829781114094,41.50183553549557,40.84849175644579,41.3458137512207,58721700
2017-12-18,42.2917022343331,42.642752245680306,41.921152751114136,42.62324905395508,35075500
2017-12-19,42.9937860398438,43.23757026467397,42.22342699661595,42.88652038574219,51048300
2017-12-20,45.490139219774406,45.63640752719376,43.744643224330744,44.61251449584961,84338200
2017-12-21,44.41749200106238,44.44674864213958,43.24732679399548,43.31558609008789,50486100
2017-12-22,43.08156942648418,43.822672193052256,42.84753482028413,43.0230598449707,30372500
2017-12-26,42.116182244490254,42.12593570144119,40.48770459995126,41.199554443359375,41966200
2017-12-27,41.17030167050403,41.999166961532815,40.98502318626297,41.42383575439453,24175100
2017-12-28,41.76511743216496,41.97964503206677,40.7119677386656,40.770477294921875,28999700
2017-12-29,40.78024166109553,40.79974485351273,39.75634823824134,40.0976448059082,44642100
2018-01-02,40.507196762583845,42.63299597678753,40.16589653947238,42.58423614501953,37097000
2018-01-03,43.39360225733738,43.92992693452489,42.954789805146525,43.86166763305664,43376700
2018-01-04,44.846560272935555,45.81194399216263,43.89092256886086,45.71443176269531,52229500
2018-01-05,44.98307863691693,45.49990014601202,44.25172576033946,44.66128158569336,47381100
2018-01-08,44.18346110380483,44.94406681295393,43.793404795606364,44.4174919128418,32217400
2018-01-09,44.14446042215723,44.41749764119714,41.70661748114912,41.90164566040039,62982900
2018-01-10,40.907012678749744,42.291705933682046,40.36093442223703,42.23320007324219,53348000
2018-01-11,42.43797945147164,42.90604494999825,41.56035431682557,41.7553825378418,39402200
2018-01-12,41.75537809301229,42.27219966181419,41.61885946878942,41.745628356933594,28458500
2018-01-16,42.06742140528206,42.769521432916825,41.3653213776473,41.85289001464844,38174800
2018-01-17,42.13567924339214,43.276591748400996,41.91139812459713,43.15957260131836,38077100
2018-01-18,43.11080982619604,43.53987252620386,42.818269443369765,42.89628219604492,25152100
2018-01-19,42.85727616136537,43.10106043563951,41.589598679110374,41.687110900878906,41469200
2018-01-22,41.41407484834772,41.813880920410156,40.64371562759112,41.813880920410156,37879400
2018-01-23,42.17468394647828,43.5496272511994,41.66761215553708,42.85728073120117,41334100
2018-01-24,42.672000987152856,42.85727943043971,41.67736434571577,42.0089111328125,31305700
2018-01-25,43.13031955981194,43.60813844282901,41.79438258625701,41.940650939941406,40519200
2018-01-26,42.14542741793077,42.72075846617586,41.96014898485935,42.58423614501953,27177500
2018-01-29,42.174677706994245,42.34044922112252,41.32630950912906,42.21368408203125,29455000
2018-01-30,40.946008014704276,41.73586667629797,40.43893628190746,40.63396072387695,38861900
2018-01-31,41.91139625804036,42.867030264201816,41.706618339545734,42.632999420166016,45114600
2018-02-01,41.969895443188264,42.993788502144035,41.05326432462504,41.433570861816406,35713500
2018-02-02,40.95575773513516,41.16053563104616,39.600317776696414,39.80509567260742,40657400
2018-02-05,39.14199799822667,40.49743781273714,38.04009216318157,38.4203987121582,45796800
2018-02-06,39.541818990897355,42.83778429149105,39.541818990897355,42.78902816772461,66972800
2018-02-07,42.18443279782358,42.47697692789859,40.70222755671899,40.965511322021484,51354800
2018-02-08,41.462835624757645,41.96015397722658,39.005489349365234,39.005489349365234,53794100
2018-02-09,40.0293835737059,40.165902194229105,36.58715025391531,39.405296325683594,65189300
2018-02-12,39.99037108967029,41.61885199139434,39.86360594415472,41.14103317260742,47941100
2018-02-13,41.00452881742669,41.85289735299989,40.93626949386644,41.57011032104492,30296800
2018-02-14,40.88751117562099,42.5452454872678,40.88751117562099,42.369720458984375,36765900
2018-02-15,42.64275342128213,42.828028167999385,41.20930040871387,42.41847229003906,35072300
2018-02-16,42.21368126461517,43.98843029196964,42.05765949473299,43.11080551147461,49404600
2018-02-20,42.925542868278406,44.14446444999967,42.80852743799213,43.78366470336914,36215900
2018-02-21,44.241979229930244,44.41750424536884,43.413113994689745,43.4326171875,31618700
2018-02-22,43.66663605357536,43.7153958821193,42.945036717297874,43.14981460571289,24359600
2018-02-23,44.05670823425762,45.63642978803724,43.90068639832697,45.37314224243164,48476700
2018-02-26,45.802188262536085,47.03085930433938,45.53890081360982,46.78707504272461,41966100
2018-02-27,46.475033803423706,47.77196792542913,46.24099926386572,47.372161865234375,44731100
2018-02-28,47.58668972215479,48.230280059173026,47.14787728331217,47.59644317626953,45031400
2018-03-01,47.55744058339105,47.59644696324787,45.607166228787456,46.436031341552734,61278800
2018-03-02,45.20736479552872,48.02551093329042,44.8075586604112,47.88899230957031,52492900
2018-03-05,47.586692758770575,51.058182394429124,47.508683720138855,50.736385345458984,70984100
2018-03-06,52.0723190740427,53.28148691240028,51.88704065698201,52.403865814208984,73096300
2018-03-07,52.01382860065335,53.63255652141461,51.80905064124562,52.62816619873047,61670000
2018-03-08,53.23273140703902,54.09085304774147,52.949940771374756,53.847068786621094,51685900
2018-03-09,54.37364720329688,54.44191022776408,52.28685424543054,53.23273849487305,65504600
2018-03-12,55.09524785862604,59.64913647132289,54.94897580114869,57.893890380859375,138651600
2018-03-13,60.62426988266354,61.84319122069219,57.065021807531515,57.952396392822266,142315800
2018-03-14,57.845131377749254,58.56673445480392,56.128891751021996,58.29369354248047,80306900
2018-03-15,58.28394924865885,58.65450241578012,56.782237110193826,57.377071380615234,50963700
2018-03-16,58.50822924251877,59.18107253966065,57.73786999806088,59.07381057739258,69323100
2018-03-19,58.85928005505493,59.47361751244752,57.289308619414484,58.64474868774414,71373300
2018-03-20,58.60574542976466,59.72715472062381,58.31320500775675,59.629642486572266,53890500
2018-03-21,59.82466916882245,60.185472631843936,59.09331622680822,59.551631927490234,51220200
2018-03-22,58.576475649100324,58.80075669876831,56.66520814074101,57.4550666809082,74274700
2018-03-23,56.25565936347502,57.338062166658254,52.34536113164531,52.8621826171875,118369500
2018-03-26,54.86122397685492,55.3000365147488,51.40924069174836,54.17863082885742,70260700
2018-03-27,53.691063681345206,54.09086984494301,50.39509840592075,51.097198486328125,67785100
2018-03-28,50.63887500712415,52.02356804323029,49.4394566995545,50.209815979003906,62987500
2018-03-29,50.863146375090416,51.370218067493035,49.868506176899025,50.84364318847656,61458800
2018-04-02,50.258567307320455,50.43409228388851,48.32779628492475,48.815364837646484,59875500
2018-04-03,49.536972849073834,50.482857196616976,49.06890740323851,50.26832580566406,52436400
2018-04-04,48.38630493246147,52.16983816223474,48.03525495899705,52.06257247924805,60272800
2018-04-05,50.76564346007901,50.90216207152814,47.96699704595925,48.60083770751953,89203500
2018-04-06,46.533557878440284,49.22493546339607,46.084991847736006,47.255157470703125,79392200
2018-04-09,47.908494464387616,48.591091288064796,46.7285755566635,46.767581939697266,50532900
2018-04-10,48.02551139274311,49.48821732348656,47.43067705239755,49.22492980957031,50346500
2018-04-11,49.029901608167144,50.512110731036266,48.864130054879254,49.22492980957031,38942200
2018-04-12,49.849010267107175,51.604256400202274,49.8295070776463,51.28246307373047,46656300
2018-04-13,52.07232411711556,52.16008660741953,50.29757484194917,50.93141174316406,43598900
2018-04-16,50.95092177928406,51.17520290245639,50.044043830887475,50.365840911865234,30879500
2018-04-17,50.56085678247391,51.389725543408794,50.453594826923734,50.960662841796875,33325300
2018-04-18,50.170807477953275,52.92069396345213,49.41995142058614,52.66715621948242,55393600
2018-04-19,51.584758270194286,52.75491990941015,49.71249295171327,50.14155197143555,52635000
2018-04-20,50.2195681991697,50.77539613213535,48.903134404220204,49.361446380615234,38510800
2018-04-23,49.5467241080104,49.61498341667721,47.59644964357965,47.80122756958008,43693000
2018-04-24,48.42530811372183,49.01038888428875,45.285365469375755,45.9387092590332,61915400
2018-04-25,46.377527947062184,47.13813379527459,44.93432529462805,46.41653060913086,43781200
2018-04-26,48.05475311544679,48.932377957186965,47.61594441442938,48.89337158203125,39041400
2018-04-27,49.839254530467684,50.11229171033363,46.0167154130815,46.3385124206543,50049800
2018-04-30,45.88995329038792,46.50428698543178,44.19321309871941,44.8368034362793,54743800
2018-05-01,44.45651287801229,45.70468752212712,44.28098785370191,45.626678466796875,34154900
2018-05-02,44.768541883700564,45.57790742194102,44.54426080824725,44.74903869628906,31640800
2018-05-03,44.602766246588104,45.70466833456323,44.20296024124928,45.46088409423828,30489600
2018-05-04,45.16835863221841,46.51404912375868,44.992833623763,46.39703369140625,28632200
2018-05-07,47.060119201355484,47.88898804562498,46.91385085461605,47.27465057373047,33996900
2018-05-08,47.32339749680072,47.64519449285454,46.68956067767882,47.362403869628906,25205500
2018-05-09,47.8402268362972,49.761244368545896,47.77196753778267,49.74174118041992,36489100
2018-05-10,50.512108456918334,51.370230272546436,50.31708026429558,51.35072708129883,37146300
2018-05-11,51.0776790319332,51.48723480188233,50.39508236216539,50.53160095214844,27646400
2018-05-14,51.672516501099004,52.37461268272084,51.545747636698785,51.68226623535156,33376300
2018-05-15,52.46237830925131,52.82317801582799,51.379975469668196,52.66715621948242,43307300
2018-05-16,54.2078820215958,55.495062944948295,54.100616324674164,55.09525680541992,59011900
2018-05-17,54.61743518591604,55.03674449678301,52.589151660659084,53.34000778198242,54832200
2018-05-18,52.26735039048461,53.291247386373534,51.535997519051406,52.06257247924805,46088800
2018-05-21,54.78321716553618,55.0660078926141,53.174239034089595,54.10062026977539,70858100
2018-05-22,57.581858234365036,58.99580809804088,56.85050524141412,57.562355041503906,111262700
2018-05-23,57.58185282992416,58.508233944685685,56.704231552665874,58.478981018066406,64066800
2018-05-24,58.68375817319464,60.44875787982018,58.079174138600756,59.96118927001953,74725000
2018-05-25,59.337096474979255,60.55601796148132,59.10306563268863,59.82466506958008,54715900
2018-05-29,59.834408811773734,62.38926679119749,59.8246553583472,61.063079833984375,75591900
2018-05-30,62.11624561741871,63.05238023537882,59.4053614435198,61.014339447021484,84737600
2018-05-31,57.75737015811304,58.752010449448704,55.74858638700147,56.158145904541016,101882200
2018-06-01,57.34781557547475,57.86463706060648,55.465800629423455,57.27955627441406,74761500
2018-06-04,56.00212654341612,57.68911335813914,55.212264116699465,57.6306037902832,64350500
2018-06-05,58.313198538807264,58.644745305597105,57.36731806990765,57.93289566040039,41711300
2018-06-06,57.786628040249234,58.108425097351564,56.85049723389308,57.942649841308594,36749000
2018-06-07,58.36195041002595,58.77150990152801,57.10402645435072,58.147422790527344,42264700
2018-06-08,57.172300679538694,60.06845591781585,56.77249453715815,59.863677978515625,57144900
2018-06-11,60.1757216155027,60.99483709255717,59.55163434152855,59.863677978515625,42251500
2018-06-12,60.30248741838374,60.31223715410453,58.4497251637506,59.044559478759766,43633300
2018-06-13,58.800772060979156,59.746656329620755,58.527734836980834,58.55698776245117,33281400
2018-06-14,59.04455895178692,59.06406214290781,57.21129990481057,57.708621978759766,43421900
2018-06-15,57.07477841899919,57.63060631852918,55.875360124231676,56.7822380065918,45854100
2018-06-18,56.167896356751655,57.14303347211091,55.45604670892175,56.99676513671875,36975600
2018-06-19,56.20690688994843,57.98165627353518,55.69008537094828,57.776878356933594,43486600
2018-06-20,58.63499900996567,59.60038272409927,57.338064789745,57.484336853027344,57497600
2018-06-21,59.931928053491234,60.29273147552303,57.620854060838774,57.96215057373047,70419900
2018-06-22,58.70325166781541,58.90802955734325,55.60231552408389,55.68032455444336,63497500
2018-06-25,54.15912661667651,54.25663885888255,51.106945821501306,51.83829879760742,72196300
2018-06-26,53.05721350590736,53.40826348383873,52.27710451042272,53.23273849487305,42277100
2018-06-27,53.632540113265705,53.97383660786355,50.86315062044115,50.960662841796875,53007500
2018-06-28,50.70713088532276,51.98456186792699,50.50235298028136,51.81878662109375,36878900
2018-06-29,52.35510988976093,52.51113167794996,51.09718584992246,51.13618850708008,32582200
2018-07-02,50.23906786772612,53.17422913740078,50.044039688113635,53.12547302246094,38934200
2018-07-03,53.1937286139265,53.42776315709431,48.854367729852505,50.20005798339844,52190200
2018-07-05,51.32146341701345,51.98455690128813,50.648616479228856,51.526241302490234,51136400
2018-07-06,51.23370804971163,52.0820763501121,50.6876298927516,51.906551361083984,31841000
2018-07-09,52.46237193585811,53.14496860688959,51.78952871833066,52.959693908691406,32579700
2018-07-10,53.300998909029055,54.510170667090854,52.99870503955031,54.354148864746094,34852800
2018-07-11,53.03772091742054,53.63255530782945,52.433136790055,52.832942962646484,38699200
2018-07-12,53.29125248160292,54.27613947256363,52.99870832917675,54.07136154174805,29647700
2018-07-13,54.12985928894388,55.183009152292264,53.944584577363486,54.948974609375,28799000
2018-07-16,55.19276076450602,55.7583420925517,54.666189534768826,54.75395202636719,25735200
2018-07-17,54.441905745434305,55.70958322370764,54.120108718873816,55.54380798339844,24729100
2018-07-18,55.826601161885726,56.704226074205906,55.50480412075066,56.021629333496094,33729700
2018-07-19,55.82659841715172,56.128892254278064,54.285880029018024,54.822208404541016,39392100
2018-07-20,54.6856929172181,54.74419876525507,53.46677148507454,53.65204620361328,32588100
2018-07-23,52.179591241128605,53.22299149350605,50.92166704873581,52.94020080566406,42781500
2018-07-24,53.63254828673668,54.02260467130884,51.62376422994078,51.848045349121094,39011500
2018-07-25,51.32146987293109,52.87193810916359,50.99967282397101,52.06257247924805,39749200
2018-07-26,52.267348569651816,53.37900802018007,52.12108023237255,52.423370361328125,28862500
2018-07-27,53.10597300667452,53.27174827120216,51.78953922534955,52.618404388427734,30109700
2018-07-30,52.84268258939102,52.90119215949796,51.11668932969414,51.692020416259766,25747800
2018-07-31,52.442869251141815,52.87193193296795,51.457982469395944,51.47748565673828,29301700
2018-08-01,51.350721267422244,52.24784936397364,50.87290243558733,50.98992156982422,28200000
2018-08-02,50.41458533130815,52.21858735374574,50.10254177845249,52.07231903076172,28708000
2018-08-03,51.97481298706105,52.07232894079484,50.9606693873493,51.49699783325195,22958900
2018-08-06,50.92166109432713,51.49699213824466,50.21956118450157,51.360469818115234,28776900
2018-08-07,51.623770805191434,52.11133948808092,51.389739920522636,51.72128677368164,21918600
2018-08-08,51.526247784167644,52.19909108673909,51.15569462108264,52.06257247924805,18074700
2018-08-09,51.34096943273093,51.53599387544238,50.63886953544073,50.960662841796875,34538400
2018-08-10,49.9757809046365,50.65837768047534,49.751499797690755,50.092796325683594,31340800
2018-08-13,50.32683655866218,50.7656490868524,50.00503946470482,50.06354904174805,24609500
2018-08-14,50.443849319502036,50.48285570213028,48.76661206502134,49.361446380615234,32050200
2018-08-15,48.59109023131885,48.62034315803128,45.96796868707322,46.309268951416016,57746200
2018-08-16,47.00161981169109,47.10888551262389,45.79244789188549,45.9289665222168,33663000
2018-08-17,45.061084383330005,46.18249353341156,44.485753347002984,45.9387092590332,34464200
2018-08-20,46.221503477186445,47.40141856347205,45.31462560892313,46.87484359741211,33022900
2018-08-21,47.68420916788798,49.11765828030038,47.6549525232468,48.69834899902344,38572900
2018-08-22,49.127412929761846,49.390700418816216,48.63009087715252,48.99089431762695,26740400
2018-08-23,48.805625362588835,48.99090384639716,48.17178829441599,48.46432876586914,26832000
2018-08-24,48.67883987978244,49.55646471505484,48.67883987978244,49.439449310302734,24785500
2018-08-27,50.073301979103285,51.14595530768061,49.89777695660615,50.7754020690918,29134100
2018-08-28,51.11669389222302,51.25321623465815,50.190316461889374,51.0386848449707,26198800
2018-08-29,50.79490063105194,50.86315994248186,50.02454129365313,50.54136657714844,31450800
2018-08-30,50.27807667826374,52.34536655444971,50.12205487100165,51.448238372802734,32416600
2018-08-31,51.389727863104994,51.90654935535435,50.92166248373433,51.214202880859375,29937300
2018-09-04,50.84365962923309,50.999681452742465,49.44921295418208,50.63888168334961,28975100
2018-09-05,50.11230243392712,50.31708036264726,47.849984322729235,48.30830001831055,39125100
2018-09-06,47.001607034760674,47.245391299754395,42.964540201641015,43.53987121582031,94413400
2018-09-07,44.01768132064179,45.304861796843596,43.53986629833702,43.74464416503906,47114300
2018-09-10,44.12496125830971,44.25173014436769,43.286342614908925,43.78366470336914,33078300
2018-09-11,42.564739601965364,42.662251832498384,41.29705828591718,42.5159797668457,48980700
2018-09-12,40.21466748197217,41.131295286726846,39.66858920603202,40.70223617553711,66916000
2018-09-13,41.24829978736726,43.38385247927006,41.24829978736726,42.53548049926758,59922100
2018-09-14,43.013299350818755,43.45211180279295,42.379458729094594,43.19857406616211,40610300
2018-09-17,42.50623258481874,43.21808232605501,42.1746857732981,42.496482849121094,28205300
2018-09-18,42.837778802455894,44.72954368910982,42.78902268493684,44.202972412109375,36507400
2018-09-19,44.64178211199113,44.91482307147519,43.72515443619288,43.9396858215332,29264700
2018-09-20,45.24636842785105,46.04598064945947,44.76854955403467,44.91482162475586,75144100
2018-09-21,43.29608918948211,44.46625074607389,42.71100469133334,43.62763595581055,97053400
2018-09-24,43.10106253235238,44.51501213589659,42.76951575441686,44.037193298339844,36918900
2018-09-25,43.97869459826786,44.329744652225756,42.92554815624808,43.53013229370117,32547500
2018-09-26,43.18883148459086,43.64714348157854,42.86703439322907,43.247337341308594,30299800
2018-09-27,43.13031174999038,44.388239451105036,42.954786781469615,43.87141799926758,26952400
2018-09-28,43.53987210450768,44.4760028084262,43.38385032052126,44.10544967651367,28080400
2018-10-01,44.310229872899235,44.93432076112566,43.89092060917588,44.027442932128906,26693400
2018-10-02,43.78365770200903,45.5291503008269,43.76415451343779,44.62227249145508,32397000
2018-10-03,45.129345211352664,45.26586381445274,43.59838021398243,44.027442932128906,29505100
2018-10-04,43.393600439312145,43.63738471144311,42.42821308493829,43.06205368041992,34579600
2018-10-05,42.98405147077772,43.52037621062934,41.74562672538749,42.496482849121094,35367100
2018-10-08,42.20393486160981,42.75976274215509,41.55059475354373,41.9991569519043,27426600
2018-10-09,41.7456302240672,41.969911362443725,40.93626445875505,41.21905517578125,31576400
2018-10-10,40.46819284197417,41.68711431311797,40.292667852541214,40.57545852661133,48452000
2018-10-11,40.91674877439238,41.852879427873496,40.39992734025537,40.9265022277832,48197000
2018-10-12,42.49647672331935,42.662248245257274,40.87774556169772,41.4140739440918,32851100
2018-10-15,40.98501009201518,41.49208181764641,40.59495749373536,41.28730392456055,27697300
2018-10-16,41.63835900452515,42.27219594988163,41.24830263826486,42.135677337646484,28827400
2018-10-17,42.252703621754925,42.31120948268645,41.06303485142952,41.29706573486328,27759000
2018-10-18,40.994769839872305,41.1605413826255,40.11714484925742,40.27316665649414,33560800
2018-10-19,40.63395863404029,40.946005908818776,39.26876901120269,39.44429397583008,28641400
2018-10-22,39.55156271034655,39.68808131122453,37.67929751584793,38.77145004272461,34441200
2018-10-23,37.201493490194125,38.137624506266974,36.479890173729224,37.71831512451172,46364200
2018-10-24,37.055216746510084,37.34775718738025,34.51986129916396,34.54911422729492,53096500
2018-10-25,34.705131490339596,36.236096525884996,34.18830998861561,35.865543365478516,39625700
2018-10-26,34.40283256493201,35.01716992354937,33.44719874033418,34.51985168457031,41257400
2018-10-29,35.241462538239524,35.299972117232045,32.97914422848069,33.79825973510742,34176400
2018-10-30,33.778751953207696,35.153695253986946,33.63248360537777,35.114688873291016,35319500
2018-10-31,35.67052114056663,37.09422058291267,34.90991158271952,36.78217697143555,44055400
2018-11-01,37.03571208099057,39.200517953038435,36.587149841512314,39.12250518798828,43981400
2018-11-02,39.19075890580347,39.922111734460174,38.65443424209246,39.317527770996094,33645700
2018-11-05,39.10299230419317,39.2395146091909,37.806062025460626,38.927467346191406,22904000
2018-11-06,38.75194185985252,39.551553816490745,38.576416921092715,38.810447692871094,19316600
2018-11-07,39.31754195999292,40.02939185706365,38.96649188037356,39.912376403808594,22957200
2018-11-08,39.658828536183194,40.399934898733065,39.3370351912798,39.434547424316406,15609300
2018-11-09,38.89822489468675,38.99574085307128,37.4550221892768,38.13761901855469,26102800
2018-11-12,37.28925284851847,37.57203984495,35.924059109099595,36.50914001464844,24822400
2018-11-13,36.72366084806646,37.77681063881635,36.509129508502006,36.908935546875,25870500
2018-11-14,37.65979997427599,38.001100247501945,36.67491297750573,37.084468841552734,23706400
2018-11-15,37.006453006680566,39.17125479926807,36.684655984084195,38.917720794677734,30046100
2018-11-16,37.4940241122807,38.72269528293343,37.37700869599306,38.459407806396484,25445700
2018-11-19,38.225384937722154,38.34240037838886,35.7582849079616,35.914310455322266,31039100
2018-11-20,33.25218037215866,36.0703302879116,33.203424251231866,35.22195816040039,38728600
2018-11-21,36.08007068199718,36.29460202235108,35.465733301799034,35.475486755371094,22728400
2018-11-23,35.03667944865466,36.56764453562455,35.026925993660726,35.4949951171875,11257800
2018-11-26,36.811424841075144,36.850431217115116,34.64661932894248,35.660762786865234,26569700
2018-11-27,35.19270337936846,36.518890629950405,35.12444406969322,36.080078125,21397300
2018-11-28,36.36285826171329,38.030341576535285,35.09518095313258,37.74755096435547,42293700
2018-11-29,37.347744373473624,37.74755037345635,36.791916610567206,36.96744155883789,23631300
2018-11-30,36.811425453190665,37.66954714107549,36.02156306458446,37.601287841796875,28176000
2018-12-03,39.20050804249767,39.23951441516129,38.176614939118565,39.034732818603516,35830000
2018-12-04,38.576422191266275,38.87871228943215,35.80703288119768,35.96305465698242,36616300
2018-12-06,34.77338971267778,36.743167150652205,34.25656822701894,36.73341369628906,37494400
2018-12-07,36.68465904040689,36.68465904040689,34.334578625736434,34.43209457397461,30619800
2018-12-10,33.96403295379937,34.83190453030699,33.67148879645001,33.934776306152344,33979700
2018-12-11,34.705124928725816,35.35846491342862,34.22730617644804,34.334571838378906,26238800
2018-12-12,35.046423310044915,35.69976705057187,34.519852144073205,35.134185791015625,26642500
2018-12-13,35.38772806304913,35.46573710071847,33.89576569418465,34.1493034362793,23825400
2018-12-14,33.583716462494465,34.56860690158328,33.21316708606624,33.34968566894531,28922100
2018-12-17,33.31069214780328,34.344339091001984,32.76461388576086,33.037654876708984,30891000
2018-12-18,33.53497346018537,34.07129826813228,33.12541755152353,33.26193618774414,46135400
2018-12-19,30.87284121165737,32.745106424947,30.49253832829385,30.629056930541992,106669600
2018-12-20,30.814328535578667,32.082007708897386,30.092727403040087,30.50228500366211,60427600
2018-12-21,30.892349408821683,31.253149161806775,29.36138417280402,29.566162109375,54630500
2018-12-24,29.11759439275747,29.595411348428147,28.278975891823492,28.298479080200195,23771800
2018-12-26,28.61052634115565,30.141491487398593,27.684145233083303,30.12198829650879,45711000
2018-12-27,29.65391865394769,31.214136504526373,29.478393680775994,31.136127471923828,39858300
2018-12-28,31.204396967285437,31.477434250395905,30.619314152163437,30.78508758544922,29873400
2018-12-31,31.19464272330359,31.59445073665769,30.67781927280957,30.94110679626465,21392100
2019-01-02,30.229253230204108,32.25754039376025,29.98546892996053,31.93574333190918,26004300
2019-01-03,31.02886207477939,31.350659101756925,30.09273135605843,30.229249954223633,29145500
2019-01-04,30.872838549360576,32.218528706631666,30.765572879743317,31.886981964111328,28557300
2019-01-07,32.86212646607044,33.59347941240797,32.48182352915148,33.154666900634766,44841500
2019-01-08,33.69098161288596,33.729987984500724,31.994245366019765,32.901123046875,33434100
2019-01-09,34.10054506351721,35.387725718533424,34.05178523336968,34.55885696411133,54147900
2019-01-10,34.383336897942755,35.05618396353055,34.20781561980388,35.01717758178711,24437400
2019-01-11,34.539357777512286,35.81678884640492,34.13955167501203,35.114688873291016,30469800
2019-01-14,33.856769944647084,34.05179443854686,33.40820393705778,33.80801010131836,34612000
2019-01-15,34.14931063490077,34.35408858678431,32.81337349946754,33.144920349121094,30633600
2019-01-16,33.19366791855967,33.476458571532355,32.696345912317646,32.7451057434082,24890900
2019-01-17,32.40381410326428,33.3496985350607,31.84798610433442,33.037654876708984,29398500
2019-01-18,33.37894070732258,35.29020842867602,33.21316919468854,34.87089920043945,44872400
2019-01-22,34.37358729772221,34.37358729772221,32.71585326563444,33.027896881103516,37021900
2019-01-23,33.26192590309568,33.82750346682543,32.60858213481432,33.388694763183594,31011600
2019-01-24,34.43208196823075,36.50912068727394,34.227300411828594,35.68025588989258,65094800
2019-01-25,37.14298358775949,38.33265240204391,36.567652374933054,37.99135208129883,61032300
2019-01-28,36.03131846536228,37.9913425016986,35.73877806409831,37.13322448730469,44213000
2019-01-29,37.32824819107231,38.01084492686624,36.32385813631376,36.46037673950195,30331000
2019-01-30,37.3477552734297,37.79631750776684,36.655408730884986,37.289249420166016,32848100
2019-01-31,36.69441002200662,37.854821828932764,36.35310980595576,37.26974105834961,34130500
2019-02-01,37.35750854227848,38.86897050164516,37.27949577851213,38.61543273925781,36839900
2019-02-04,38.566671753792996,38.62518131923245,37.55252827195943,38.48866271972656,30851500
2019-02-05,38.264386267526135,39.32728598939779,38.19612323965062,38.391151428222656,25094000
2019-02-06,39.3955449623973,40.91675663664546,39.36628831645566,40.48769760131836,47472600
2019-02-07,39.7953403023067,40.02937108738738,37.94257860779869,38.40089416503906,40396400
2019-02-08,36.86018289542841,37.815816839697135,36.51888638670849,37.620792388916016,35573200
2019-02-11,37.64029185811176,37.903579330489826,36.431123895915796,37.620792388916016,30356500
2019-02-12,38.41065154523686,39.756341846855875,38.264383205402986,39.39554214477539,43587900
2019-02-13,39.83435679816124,41.22880342008555,39.78560067764467,40.64372253417969,50101700
2019-02-14,40.360926894771644,42.086920133065306,40.28291785544955,41.1800422668457,41759200
2019-02-15,41.21904780140911,41.345816672543386,40.390178991504094,40.94601058959961,28968400
2019-02-19,40.66321785206996,41.43357705455643,40.46818968791666,40.916751861572266,25575900
2019-02-20,41.25805748921473,42.184434880681735,41.08253249044442,41.16054153442383,28048700
2019-02-21,41.41407544330422,41.80412806661213,40.39017847247014,40.49744415283203,24048800
2019-02-22,41.0337739198692,41.51158905029297,40.78998962724598,41.51158905029297,22834300
2019-02-25,42.7207575629483,42.89628253801391,41.63835478999464,41.687110900878906,25233700
2019-02-26,41.297057217018754,42.07716992050375,41.23855136815452,41.89189147949219,18051500
2019-02-27,41.56034496034849,41.696863568369245,39.99037352840355,40.292667388916016,29522200
2019-02-28,39.200519479331405,40.12690064117755,38.81046307860034,39.86361312866211,25777900
2019-03-01,40.60470946032105,41.50183755341157,40.08788797225387,40.54620361328125,26755800
2019-03-04,40.83875108069542,41.102038597530736,39.62957919447252,40.03913879394531,27047800
2019-03-05,39.249261504593235,39.65881723041646,38.52765853833283,38.9957275390625,28798800
2019-03-06,38.40089547692816,38.469154768229664,36.58714009125439,36.98694610595703,44890400
2019-03-07,36.60664040378951,37.35749626901804,36.21658415281165,36.88943099975586,31567800
2019-03-08,35.97280910345158,37.854824112841186,35.66076551100022,37.68905258178711,34080900
2019-03-11,37.942585416539536,38.566672581882564,37.86457638079813,38.059600830078125,25164700
2019-03-12,38.19611902015023,38.42040383013612,37.864575972012396,38.274131774902344,18623500
2019-03-13,38.42040613859044,38.73244973664198,37.6792998033282,37.86457824707031,22786300
2019-03-14,37.77681412892043,38.64468558118962,37.386757788194686,37.45501708984375,19757300
2019-03-15,37.620788440919675,38.849459463225294,37.47451639833094,38.55691909790039,30702000
2019-03-18,38.61542965085136,39.40529208147375,38.176620909247504,38.62518310546875,22296600
2019-03-19,38.9372282079439,40.02938081676314,38.89822182766564,39.36628723144531,32407300
2019-03-20,39.49305526443894,39.73683955619473,38.63493351589967,39.13225555419922,41714400
2019-03-21,40.663217368731054,43.11080982619604,40.61446125823547,42.89628219604492,84985400
2019-03-22,42.38922289860258,42.39897263562079,40.51695720352773,40.5852165222168,46605600
2019-03-25,40.3121644029822,40.93625149824316,39.06399021246029,39.541805267333984,34516000
2019-03-26,40.14639282219922,40.614461906010014,39.10299641757055,39.317527770996094,24689600
2019-03-27,39.376048138047395,39.83436017356285,38.04010725959934,38.254638671875,26856700
2019-03-28,38.42040608438962,38.94697733045055,38.04985291728124,38.36189651489258,24584500
2019-03-29,39.249271626369755,40.487696295497216,39.22001870122485,40.30242156982422,35716900
2019-04-01,41.21905763740734,41.69687287209379,40.682732820576994,41.199554443359375,28073000
2019-04-02,41.0337727837802,41.72611926289661,40.71197574089756,41.38481903076172,21438100
2019-04-03,42.46722104512759,43.734898563518136,42.46722104512759,42.80852127075195,39097200
2019-04-04,41.30681356098496,42.25269786221701,41.1995478707603,41.82363510131836,37038400
2019-04-05,42.22343580692314,42.45747034832848,41.65785822162726,42.24293899536133,21119400
2019-04-08,41.13129302641989,42.067423973855995,41.07278344725999,41.83339309692383,24546800
2019-04-09,41.482343961683284,41.54084982225883,40.24391907483242,40.68273162841797,29055900
2019-04-10,40.653463276345626,41.38481608185341,40.47793830543554,41.12152862548828,23252200
2019-04-11,41.15078506668311,41.6676065230373,41.08252576942323,41.22879409790039,18163900
2019-04-12,41.78462670255462,42.125926947691084,40.77048686177566,40.965511322021484,21740400
2019-04-15,41.121539498124065,41.18004907718175,40.17565881574069,40.780242919921875,16932300
2019-04-16,41.209296481243115,41.86264034029574,41.03377520731223,41.69686508178711,19337500
2019-04-17,42.28194924325315,42.95479256663306,41.696864696100334,42.077171325683594,22092000
2019-04-18,42.12593279138196,42.44772617130913,41.72612664065207,42.320960998535156,16193600
2019-04-22,42.067423213279916,42.48673255671049,41.47258885539683,42.320960998535156,19447900
2019-04-23,42.29170397380012,42.38921993643712,41.65786695600089,41.70662307739258,21489400
2019-04-24,41.755373757292325,42.320955107320444,41.326314737164644,41.96015167236328,19637000
2019-04-25,42.53547913379414,43.53987287330354,41.6286013359061,41.687110900878906,28346200
2019-04-26,40.45844171454427,41.22879723070664,39.75634178097554,41.05327224731445,26092400
2019-04-29,41.08252580130802,41.550591148533094,40.692469485360775,41.06302261352539,13452800
2019-04-30,40.819246400710256,41.30681503192781,40.54620915758153,41.01427459716797,16342700
2019-05-01,41.37506732063318,41.86263586910178,40.84849239552242,40.858245849609375,17673300
2019-05-02,40.95575677326098,42.12592199646755,40.594957100388626,41.501834869384766,17046800
2019-05-03,41.433577847041036,42.30144928827719,41.35556509194646,42.25269317626953,16577000
2019-05-06,40.37068876815845,41.2385604357691,39.980632330649584,41.08253860473633,25776000
2019-05-07,40.643722456858626,40.88750677883122,38.74220400150171,39.25902557373047,35094100
2019-05-08,38.86898065357082,39.48331830919897,38.59594334878244,38.761714935302734,26190100
2019-05-09,38.127861072218955,38.644686291153405,37.25023986924217,38.293636322021484,27844400
2019-05-10,38.04009920881671,38.31314014479604,36.713915787737065,37.971839904785156,30368100
2019-05-13,36.4311231846231,37.03570715391699,36.13858279431011,36.450626373291016,33092100
2019-05-14,37.07471704784457,37.650048148634035,36.47013302120499,37.55253219604492,24004000
2019-05-15,36.95769878927873,37.737807750877266,36.82117646612765,37.45501708984375,17532300
2019-05-16,36.74316971482093,37.04546358367461,36.17758835758241,36.38236999511719,29479200
2019-05-17,35.699769170217806,36.35310922968378,34.90990679458397,35.16344451904297,31096300
2019-05-20,33.886019525256394,34.32483203286349,33.47646366472538,33.75925064086914,34489500
2019-05-21,34.412586887216825,34.98791788715082,34.276068297376995,34.753883361816406,32501300
2019-05-22,34.32482794301509,34.56861222709921,33.76900007289152,33.866512298583984,20902400
2019-05-23,33.04738525434961,33.05713870537728,32.14050774106189,32.9791259765625,32186700
2019-05-24,33.310688713725966,33.50571691005333,32.75486077209772,33.154666900634766,19706000
2019-05-28,33.300928364452986,33.45695012781825,32.06250399030584,32.121009826660156,26758400
2019-05-29,31.51642673489827,32.589075919473885,31.370154700705072,32.462310791015625,28796100
2019-05-30,32.59883520064891,33.46670666840165,32.20877885296423,32.49156951904297,20957600
2019-05-31,31.78947139834681,32.66709637087887,31.71146235626242,31.799224853515625,18607300
2019-06-03,32.130771258588375,32.39405874712392,31.662705852254017,31.877233505249023,21174500
2019-06-04,32.530574643490276,33.70073992157286,32.277036911315065,33.63248062133789,25076000
2019-06-05,34.3248378899228,34.519866117677424,32.21854121385172,32.51108169555664,27070300
2019-06-06,32.4330586507518,32.97913677164846,32.12101507305453,32.637840270996094,21088100
2019-06-07,32.71585753200838,33.18392301625096,32.39406413902764,33.144920349121094,21430400
2019-06-10,33.73974607604031,34.65637743680832,33.66173703333746,34.071292877197266,21728000
2019-06-11,34.90992028281777,35.09519878070574,33.88602669499733,33.97378921508789,19208600
2019-06-12,33.16441534417694,33.25217784311168,31.916240888085778,32.14052200317383,28746500
2019-06-13,32.25754650336857,32.80362105863515,32.18928346410633,32.550086975097656,16586700
2019-06-14,31.64320258198663,32.02350549118073,31.43842466470568,31.847980499267578,19715000
2019-06-17,31.730966787513044,32.0332569522086,31.340910402279153,31.623701095581055,20050000
2019-06-18,32.08201782183164,34.02253891514048,32.08201782183164,33.43745803833008,33727300
2019-06-19,33.82750221676025,33.82750221676025,32.871868374160464,33.09614944458008,20436400
2019-06-20,33.973777105521485,34.38333290672648,33.17416497186642,33.300933837890625,21691500
2019-06-21,32.862121775308694,33.04739648945405,31.916237576041873,32.423309326171875,38858200
2019-06-24,32.37454913793,33.23267073932858,32.19902418037456,32.36479568481445,27306000
2019-06-25,32.520823259988745,33.037648491629874,31.799223834456768,31.867483139038086,39590500
2019-06-26,34.9781709265138,36.6749113205519,34.81239938518046,36.119083404541016,100271600
2019-06-27,35.933805507814704,37.37701188450732,35.60225870017234,37.12347412109375,51612400
2019-06-28,38.381394915953216,38.42040129075116,37.10396404021537,37.63053894042969,61402700
2019-07-01,40.13664425294989,40.67296893222904,38.75195130936181,39.11275100708008,60928000
2019-07-02,38.634935930199404,39.03474204486869,38.05960481690912,38.61543273925781,29774500
2019-07-03,38.63493148146692,38.781203536759264,38.1961190354428,38.60567855834961,13479700
2019-07-05,37.98159511428236,38.57642940819804,37.83532304468389,38.43990707397461,18408000
2019-07-08,38.0596058722271,39.60032452065392,37.97184337048313,39.405296325683594,28148500
2019-07-09,39.13226113307116,40.380435694453254,39.083505011739724,40.32192611694336,28254700
2019-07-10,41.180049149126276,42.90604267587933,40.9947743949005,41.83339309692383,51625500
2019-07-11,42.14542989942451,42.45747349787751,41.38482037332384,42.398963928222656,30392400
2019-07-12,42.66224826832364,43.58862926040638,42.281945393222465,43.403350830078125,33257800
2019-07-15,43.57887610717786,44.14445741651275,42.62324218575089,43.29608917236328,26623300
2019-07-16,42.954786368731625,43.00354247732943,41.862633912759684,41.989402770996094,31238900
2019-07-17,41.93089495860961,42.66224777765513,41.54083863384422,42.29169464111328,19539300
2019-07-18,42.525736463716626,43.81291734811581,42.418470770041125,43.55937957763672,26456600
2019-07-19,44.00794550804816,44.85631388119883,43.5203768789047,44.388248443603516,39328400
2019-07-22,45.34387653767104,46.2507543660127,45.15860182214805,46.016719818115234,46042800
2019-07-23,45.61692049931643,45.96797051322495,45.08059574244663,45.78269577026367,29354400
2019-07-24,45.7826895188169,47.030863869077436,45.65592064891451,46.79683303833008,33169900
2019-07-25,47.19663567444792,47.48917605146812,46.40677330862593,46.582298278808594,28127800
2019-07-26,46.74807773151578,46.933356186970066,45.91921256926806,46.309268951416016,19676200
2019-07-29,45.704674231723295,45.8021901723469,44.710033956479265,45.65591812133789,21939500
2019-07-30,45.714436354628596,46.494545428287076,45.05134271205552,46.28001403808594,21301600
2019-07-31,45.548660018459216,45.626672783926715,43.335098016339735,43.77391052246094,34493900
2019-08-01,43.88117331342691,44.817304118015265,41.774877143176546,42.5159797668457,37906500
2019-08-02,41.579854453256566,43.30584794456693,41.1702985671085,42.98405456542969,31954100
2019-08-05,41.34582476267093,41.453086745546145,40.3316810348655,40.89725875854492,35172900
2019-08-06,41.60910462922141,42.116176445082864,40.653470571585636,41.56034851074219,26857000
2019-08-07,40.96551679113035,41.88214824401459,39.68808929465256,40.71198272705078,35604600
2019-08-08,41.04353520799088,41.6968755105973,40.63397554677523,41.57011032104492,18567500
2019-08-09,40.994769399352165,41.18979758626567,39.853856923812785,40.48769760131836,22900300
2019-08-12,40.02938845537473,41.34582614207673,39.951379399785274,41.08253860473633,23969200
2019-08-13,41.560342281209344,43.959182381268164,41.4530766047212,43.07180404663086,33040200
2019-08-14,41.81388936312312,42.0771768861572,40.6242206412329,40.994773864746094,24657200
2019-08-15,41.287304854860594,41.50183620665267,40.46818954420782,41.18979263305664,16104000
2019-08-16,41.579853156948346,42.78902502474944,41.49209065267364,42.467227935791016,17914100
2019-08-19,43.55937575857323,44.241972524054304,43.237582425613354,43.89092254638672,22613400
2019-08-20,43.73489783915246,43.8519169704956,42.945039161777004,43.130313873291016,13191000
2019-08-21,43.695894917120754,43.881169627512115,42.80852030233629,43.07180404663086,14973800
2019-08-22,43.39360780924264,44.319988944646596,42.95479530090883,43.66664505004883,20599000
2019-08-23,42.79876933541839,43.85191925321131,41.59935107561184,41.89189147949219,27519900
2019-08-26,42.652502149255724,42.68175507448058,42.08692079588758,42.3502082824707,12282800
2019-08-27,42.62324364938216,42.71100614109079,41.29705653905309,41.38481903076172,19122100
2019-08-28,41.05327429812945,42.18443329213443,40.721727504032145,42.077171325683594,11545700
2019-08-29,42.89628966372652,44.09570804601424,42.81827689747036,43.55937957763672,18674100
2019-08-30,43.99818671182213,44.78804913430782,43.92992740961567,44.14445877075195,16391500
2019-09-03,43.49111142090412,44.20296474871208,43.335089639980396,43.87141799926758,17108100
2019-09-04,45.29511402808898,46.31900712584776,45.246357922453306,45.64616394042969,26978100
2019-09-05,46.70907180036829,48.40580838830741,46.69931834557782,47.81097412109375,33075500
2019-09-06,47.645194813662805,48.269281903706045,47.48917304115199,47.75246047973633,19565700
2019-09-09,48.30829146352115,48.7568536240982,47.6451979566452,47.908485412597656,19474400
2019-09-10,48.14251844823102,48.698346307604105,47.294150197585715,48.16202163696289,23111300
2019-09-11,48.77636755024051,50.112304592093864,48.600842540963015,49.22492980957031,31012900
2019-09-12,49.53697071454529,49.849014331656335,48.85437390716988,49.18592071533203,19671300
2019-09-13,49.25417646218874,49.683239194578064,48.815367714758665,49.24442672729492,14733000
2019-09-16,48.29853809859366,48.99088824841851,47.801219827447525,48.90312576293945,17495300
2019-09-17,48.93239066237135,49.64424045445626,48.688606334129105,49.57598114013672,13776500
2019-09-18,49.73200164527714,49.89777319856503,48.45457045994725,49.22492980957031,15247100
2019-09-19,49.89777076050288,50.02453964319889,48.5130776659198,48.581336975097656,16633600
2019-09-20,49.088414135634686,49.19567983884769,47.5574488003398,47.93775177001953,23195000
2019-09-23,48.308296365995645,48.942133295521,48.24978679656201,48.36680221557617,16198500
2019-09-24,48.503323644456735,48.65934544019891,46.85533947458615,47.30390167236328,24959000
2019-09-25,47.26489886054229,48.4643171089058,46.67006460374386,48.24003601074219,23571800
2019-09-26,48.15226432977442,48.50331423203377,46.933343124625175,47.39165496826172,33341000
2019-09-27,44.758798775047886,44.778298245493026,41.84313692287787,42.135677337646484,75941400
2019-09-30,41.930898069682996,42.38921372730926,41.521342246159755,41.78462600708008,31423100
2019-10-01,42.02841146900739,42.262446031721154,40.711977748320336,41.2483024597168,28087300
2019-10-02,40.78024601663533,41.60911132369828,40.72173643313463,40.9362678527832,26408500
2019-10-03,40.9557600437751,42.40871602492054,40.72172549250393,42.379459381103516,23627100
2019-10-04,42.62324830030468,43.510623048918305,42.21369244087688,43.44236373901367,21860000
2019-10-07,43.19857227763681,43.6178815232903,42.964541459508645,43.06205368041992,14911600
2019-10-08,42.51597225291366,42.75000677262594,41.560338427139136,41.57984161376953,20664600
2019-10-09,42.10642131365169,42.30144948243034,41.76512480817872,41.813880920410156,12784000
2019-10-10,41.804131420634334,42.70125959394142,41.55059738113534,42.20393753051758,15572600
2019-10-11,43.28633324125713,44.68077952636731,43.17906757011748,43.97867965698242,27483700
2019-10-14,43.84215637208225,44.20295972181701,43.686134608901796,43.74464416503906,12443300
2019-10-15,44.085945469109404,45.39262927472526,43.92017395489265,45.304866790771484,17767700
2019-10-16,44.846558913832105,45.39263333406496,43.95918426110072,44.037193298339844,16646900
2019-10-17,44.632031394560194,44.97332793659182,44.154212515862596,44.368743896484375,11718700
2019-10-18,43.715404629659716,43.86167298500219,42.155182800366276,42.389217376708984,26215300
2019-10-21,42.86702452415256,44.17370834125125,42.82801814875196,44.095699310302734,15473700
2019-10-22,44.173712583664305,44.563768935425706,43.51061901758176,43.549625396728516,13802400
2019-10-23,42.954791134226255,43.70564719346246,42.857278906212436,43.549625396728516,13959200
2019-10-24,44.758804708032024,45.98747610086751,44.44676106160225,45.9289665222168,25760200
2019-10-25,46.104481665985716,47.06986904780929,45.753431708958956,46.83583450317383,19855300
2019-10-28,47.29414501537983,47.537929268036436,47.03085757612841,47.47941970825195,15240000
2019-10-29,47.58669991005439,47.94749967263451,46.86510038489418,46.913856506347656,12183600
2019-10-30,47.021110502380836,47.13812590871597,46.084976092141666,46.6895637512207,12932800
2019-10-31,46.10447608339736,46.68956051421428,45.30486404248143,46.36776351928711,15445800
2019-11-01,46.299514304897066,47.333161087101445,46.07523319288025,47.17713928222656,18311700
2019-11-04,48.16202747296431,48.65934954625736,48.025508855151585,48.3570556640625,16021500
2019-11-05,48.38630066902106,48.48381660853161,47.40141385900726,47.46967315673828,13682600
2019-11-06,46.95285298212956,47.099121315620316,45.93870950257452,46.494537353515625,21803600
2019-11-07,47.31366690471203,47.85974518567035,46.8065950123623,47.196651458740234,19253600
2019-11-08,46.37752323445104,46.81633196699776,45.78268899007071,46.016719818115234,18518800
2019-11-11,45.55841784189494,45.577921035131645,44.71004567544011,45.1098518371582,14635900
2019-11-12,45.636416551036625,46.49453825968104,45.51940113799285,45.73393249511719,15170700
2019-11-13,45.34387383090444,45.39262994051551,44.671030590625094,45.14884567260742,15423600
2019-11-14,44.9733238364055,45.66567403260379,44.63202732548963,45.636417388916016,11797400
2019-11-15,46.41653039168663,47.31365857242332,46.16299635008798,46.52379608154297,17859200
2019-11-18,46.75781895888679,47.206381077151654,46.289753654629656,46.63105010986328,12631200
2019-11-19,46.91385284879607,46.98211215747996,45.12934992786585,45.42189407348633,18384000
2019-11-20,45.00258161541926,45.343878134945356,44.10545349003868,44.4370002746582,24660700
2019-11-21,44.173707650180916,45.03182929630595,43.92017365374876,44.4174919128418,14192900
2019-11-22,44.78805134900018,45.2268638276352,44.61252635754617,44.72954177856445,11253700
2019-11-25,44.953815894507166,46.367765341396336,44.79779411746197,46.3385124206543,18803600
2019-11-26,46.46527685567705,46.48477632108126,45.38287425298365,45.55839920043945,12849300
2019-11-27,46.17274585054297,47.069874026712625,45.93871500100534,46.962608337402344,15409400
2019-11-29,46.748075154889825,46.75782860982528,46.260506564005006,46.328765869140625,7343600
2019-12-02,46.38728424725474,46.75783748824708,45.197615469247346,45.23662185668945,16053800
2019-12-03,43.998184002550616,44.271224914416415,43.4423561646082,44.10544967651367,20321400
2019-12-04,45.031830265570306,45.44138605012659,44.5930178393652,45.14884567260742,16921700
2019-12-05,45.548646569549355,46.221493453551695,45.100084460115994,45.46088409423828,13003800
2019-12-06,46.26051192983893,47.12838724695686,46.14349649601264,46.73833084106445,20468100
2019-12-09,46.38727277864025,46.582300947778926,45.275617050358655,45.29512023925781,16540500
2019-12-10,45.87045816936029,46.72857629045787,45.5584145398969,46.28001403808594,19263100
2019-12-11,46.56279993987553,48.11326819137965,46.504290370437474,48.035255432128906,22081300
2019-12-12,48.13276837239874,50.05378967055409,48.093761995211665,49.70273971557617,36590800
2019-12-13,49.75149984962814,51.019177451878974,49.439456246608025,49.927024841308594,30039700
2019-12-16,51.44823903766612,52.949951276878586,51.379979728597675,51.62376403808594,38629600
2019-12-17,52.64765359987922,52.65740333413178,51.340969738719615,51.68226623535156,28344800
2019-12-18,51.68228038628556,52.38438047999965,51.06794280428573,51.72128677368164,39099100
2019-12-19,53.64229406324096,53.91533500023049,52.559894929655904,53.17422866821289,55792900
2019-12-20,53.53503349543987,54.53942361597434,53.271746006397656,53.69105529785156,44285000
2019-12-23,53.85682302086338,54.714944733274564,53.76906053073209,54.02259826660156,23693800
2019-12-24,54.071359459748855,54.25663419194519,53.671553349328036,54.0421028137207,8621900
2019-12-26,54.07135773581018,54.26638591708231,53.54478276233139,53.739810943603516,13537400
2019-12-27,53.86657568408467,54.14936261937395,52.55013835145025,52.6866569519043,17176700
2019-12-30,52.433124956640754,52.54039063822468,51.350722125898216,51.887046813964844,15271500
2019-12-31,51.5945066267269,52.559894045124786,51.46773775525276,52.442874908447266,13296400
2020-01-02,53.486276707003654,54.110367672059084,53.154729893008394,54.01285171508789,20173200
2020-01-03,52.81342895701787,53.93483819000497,52.65740715867518,53.17422866821289,16815800
2020-01-06,52.41362313354345,52.793926036452206,51.838292051748574,52.23809814453125,18768700
2020-01-07,54.00310108829503,56.94801598287431,53.98359789722259,56.82124710083008,49908200
2020-01-08,56.645721258878986,56.9382616809098,55.641331112626986,56.08989334106445,29730800
2020-01-09,56.870003553052655,57.026025362696494,55.07575088222184,55.88511657714844,22376100
2020-01-10,56.04112948992814,56.0703824121381,54.870964243443396,55.261016845703125,19122800
2020-01-13,55.59256661198268,56.34342265477817,55.446298273164636,56.021629333496094,16163000
2020-01-14,56.36293057231278,56.850499182315225,55.056246548712075,56.08989334106445,26454300
2020-01-15,55.612067442552465,55.699829930062364,54.45165563645737,54.7734489440918,21638600
2020-01-16,55.38779643106346,56.40194008900498,55.34879004733028,56.24591827392578,22732700
2020-01-17,56.57746373223668,56.67497596936573,55.59257302590759,56.22641372680664,20549200
2020-01-21,55.94361594990588,57.70861548941116,55.84610372512008,57.50383758544922,24821700
2020-01-22,58.04016805839602,58.75201778601849,57.38682418354728,57.69886779785156,22604400
2020-01-23,58.830028783533585,59.05430989209138,57.56234745364133,57.72812271118164,26146100
2020-01-24,58.508234059950844,58.5277372510199,55.816856929928576,56.32392501831055,28555300
2020-01-27,53.77882220742731,54.59793766727074,53.26199692214583,54.03235626220703,27310100
2020-01-28,54.85146670614443,55.368288224311534,53.866579785133936,55.06599807739258,18544900
2020-01-29,54.59793016848453,55.76809176195558,53.91533342572443,53.92508316040039,19278300
2020-01-30,52.83293147415376,53.70080294887656,51.896800696015895,53.66179656982422,30783800
2020-01-31,53.778810862654794,53.82756697215181,51.389724298774034,51.77002716064453,28550800
2020-02-03,51.92605340760715,52.764671954530904,51.68226911930852,52.442874908447266,20471900
2020-02-04,53.91533925847427,54.62718900212565,53.574038990244674,54.1201171875,19998600
2020-02-05,55.60231621958759,55.83634703344603,54.43215099073725,55.3585319519043,19795300
2020-02-06,56.63596566422098,57.698861553006786,55.98262186008474,57.221046447753906,23358700
2020-02-07,56.52870086416549,56.55795378784073,55.35853555906716,55.46580123901367,20891100
2020-02-10,54.900223466800256,55.914367044808394,54.8027112350066,55.90461730957031,15929000
2020-02-11,56.440940393935875,57.377071183587894,54.92947852567111,55.826602935791016,26776900
2020-02-12,57.572094192265375,59.668636685860605,57.435575596013464,57.7963752746582,47180800
2020-02-13,57.542841605637655,59.12256646750485,57.396573264996405,57.854888916015625,23679700
2020-02-14,58.66425215489177,59.05430851187348,56.81149003900832,57.04552459716797,20920200
2020-02-18,55.651084812370115,56.596969173507546,55.21227228813865,56.314178466796875,21513200
2020-02-19,57.12353845936923,58.75201578352411,57.10403526915829,58.49848175048828,23335500
2020-02-20,58.39122198520389,58.49848768231434,56.255668938723026,57.53310012817383,20797100
2020-02-21,57.172302783903056,57.2698150291056,54.50042485902104,55.57307815551758,27038900
2020-02-24,51.984569266938585,54.08111216811131,51.30197243312632,53.64229965209961,33321100
2020-02-25,53.47653107617857,54.071365439876395,50.268328382700794,50.80465316772461,41894200
2020-02-26,51.340976898840765,52.9206981776172,50.59012078168168,51.067935943603516,28075600
2020-02-27,49.37119339837795,51.535995274016,48.747106237118224,49.32243728637695,36349200
2020-02-28,47.44042218531512,51.60425439751337,47.186884452016265,51.25320816040039,40121300
2020-03-02,51.87729841774601,53.33025072436371,50.80464529408315,53.23273849487305,33272700
2020-03-03,53.242491353425656,54.02260411452981,49.82951104308162,50.512107849121094,36893200
2020-03-04,51.701778379535455,54.00310292647061,50.911915853555804,53.915340423583984,28222000
2020-03-05,52.12108141956114,54.22737751509397,52.01381573786801,52.384368896484375,26223000
2020-03-06,50.902164989845,51.86754878035575,48.756862304477316,50.19031524658203,30313700
2020-03-09,44.34924558291363,47.39167302885247,43.80316733575385,44.827064514160156,31260800
2020-03-10,46.952857513329654,47.060119480299754,44.163964535336724,46.670066833496094,31652900
2020-03-11,45.05133922103743,45.16835464305534,41.78462738093994,42.632999420166016,38483800
2020-03-12,38.42040088800841,41.48233060035005,37.055207543212184,37.845069885253906,40117200
2020-03-13,40.536446060485225,41.950395498687314,37.39650363190781,41.921142578125,35264800
2020-03-16,36.42136816428956,38.16686441655871,33.59347288638945,33.61297607421875,36879100
2020-03-17,34.60761782248102,38.15711632327848,33.17416507413862,36.450626373291016,34869000
2020-03-18,33.40820150662351,35.65102022184449,30.356022644935422,33.827510833740234,36519000
2020-03-19,33.79826226452896,36.37262441520267,32.813375123496215,35.38773727416992,31015200
2020-03-20,36.83093154097123,37.63054372677093,34.94891649589671,35.21220397949219,37667400
2020-03-23,36.07033217800979,38.488672357265614,34.80265064836477,37.29900360107422,45286000
2020-03-24,40.78023379099403,43.31558879827798,40.11714025619308,42.194183349609375,45588000
2020-03-25,42.818276030800014,43.76416034331675,39.03474250058643,41.44333267211914,54091000
2020-03-26,43.78366874993601,44.612534014170336,42.25270339938776,43.6764030456543,62450700
2020-03-27,42.17468282432538,44.15421009948407,41.258055218851325,42.398963928222656,39791500
2020-03-30,43.07180478721449,44.436998242596026,42.077168198692775,43.41310501098633,33763900
2020-03-31,43.29609594006026,44.04694835866427,40.86800251986132,41.01427459716797,36723700
2020-04-01,39.54181042822497,41.24830042949112,38.35214564255661,38.89822006225586,37452800
2020-04-02,38.80071959509578,40.55596624152947,38.53743204015261,40.068397521972656,31457700
2020-04-03,39.951364217182636,40.819235554978626,39.54180474145666,40.19514846801758,28522400
2020-04-06,42.27219140444764,45.52914943699212,42.26244167027344,45.217105865478516,37899100
2020-04-07,46.8943429135168,47.16738010898471,44.895312618442205,45.38288116455078,34646400
2020-04-08,45.90945574745061,47.479423329628425,45.63641483415,47.08937072753906,27694400
2020-04-09,48.0742650756728,48.571587150028364,44.22247224270432,44.98308181762695,39799400
2020-04-13,43.78366229697773,45.236614659415906,43.28634023585081,45.0220832824707,30449900
2020-04-14,45.83144733318449,47.17713767941985,45.46089416425094,46.436031341552734,25738000
2020-04-15,45.246366581826514,45.499900611565494,44.505260242860636,45.27561950683594,22389400
2020-04-16,45.850951042490635,46.026476033981474,43.54962668281359,44.39799499511719,26589000
2020-04-17,45.616916524291106,45.72418221028871,43.734901451387266,44.56377029418945,23388300
2020-04-20,43.413113750797905,43.959191986856105,42.22344503503174,42.320960998535156,30463300
2020-04-21,41.93089253506763,41.999151829978366,40.16589316130506,40.38042449951172,32482200
2020-04-22,42.038162669509994,43.10106230011862,41.68711270419294,42.81827163696289,21346600
2020-04-23,42.730507362179125,43.60813223884209,42.34045103480607,42.6817512512207,22273100
2020-04-24,42.71100373337488,43.21807546578963,41.911391618373536,43.06205368041992,16581800
2020-04-27,43.88117571534,44.26147864302975,43.471619860859775,44.154212951660156,16667200
2020-04-28,45.06108133201795,46.50428369222898,44.15420359515149,44.1834602355957,25234900
2020-04-29,45.42189151437137,48.89337748563353,45.17810721999158,48.591087341308594,35743000
2020-04-30,48.249786163161815,48.347302110937726,46.19224616325335,46.699317932128906,28585400
2020-05-01,45.20736350248711,45.75343798174845,43.41311081379971,43.9396858215332,28194000
2020-05-04,43.091311508763795,43.578880108536495,42.525733867351136,43.35459899902344,21377100
2020-05-05,44.319985536424966,45.78269130515283,43.98843874671919,44.28097915649414,21007500
2020-05-06,44.924568902408176,45.94846218188007,44.778296839689446,44.934322357177734,22011900
2020-05-07,45.94846213162897,46.31901529555225,45.18785633397078,45.431640625,16372100
2020-05-08,46.11423845614012,47.25514717915679,46.11423845614012,47.05036926269531,17437100
2020-05-11,46.55305139930216,47.51843514075373,46.26050726445919,47.00161361694336,17353500
2020-05-12,47.313660150495814,47.35266653353608,44.505263809104896,44.554019927978516,26738900
2020-05-13,44.72954470711725,44.739298162755034,41.88214571684278,42.447723388671875,35117500
2020-05-14,41.98940698962055,44.64177750631854,41.4530785816025,44.593021392822266,27543500
2020-05-15,42.20394098189406,43.666646925941436,42.164938317141505,43.30584716796875,28803900
2020-05-18,44.69054626380513,45.00258991631607,43.83242435947317,44.77830505371094,20307800
2020-05-19,44.641774530975354,45.0805869629013,43.90067198360814,43.99818420410156,17389500
2020-05-20,45.35362739916371,45.870452620322055,44.94407157998284,45.48039627075195,17876500
2020-05-21,45.34387356430051,45.41213286132522,43.64713343290117,44.095699310302734,17445300
2020-05-22,44.0274478154293,44.18346962482781,43.14007307700275,43.82266616821289,13385400
2020-05-26,45.07084113090035,45.529153070722124,44.31998506456511,44.66128158569336,24303900
2020-05-27,44.80755153402176,48.347300331138484,42.80852117636873,48.22053146362305,56071500
2020-05-28,47.48918419355362,47.57694669369195,44.92457221826977,45.31462860107422,38289300
2020-05-29,45.46089461528366,46.826088164991965,45.06108851741743,46.71882247924805,26337000
2020-06-01,46.309275682725946,46.48479698836684,45.16836301700987,45.1878662109375,21809100
2020-06-02,45.33412481691196,45.68517104359858,44.43699676243875,45.65591812133789,23035600
2020-06-03,46.84558686989957,48.19127338079052,46.270255835874195,47.703704833984375,34662100
2020-06-04,47.64520860267429,50.68763590707094,47.39167082405999,49.946533203125,34830800
2020-06-05,51.35072217817684,53.45701827370967,51.28246287525448,52.384368896484375,34110700
2020-06-08,53.14496943376183,53.28148802612168,50.9314078751843,52.36486053466797,22850600
2020-06-09,51.34096845015169,52.169833475370694,51.145940291319945,51.82853698730469,17840800
2020-06-10,51.60425212746157,51.974805256830926,50.28781856660187,51.165443420410156,18766700
2020-06-11,49.16641820524497,49.81976209501933,47.001616046535844,47.31365966796875,29897600
2020-06-12,49.03964115716567,49.22491585003779,46.18248941844215,47.47941970825195,24293600
2020-06-15,46.18248848579839,48.493562112752684,45.92895078503827,48.0157470703125,18092300
2020-06-16,49.888013960351834,50.85340132750254,48.620336472463734,49.751495361328125,20987200
2020-06-17,50.02453997650109,50.22931790539902,49.28343730626663,49.6929931640625,13905100
2020-06-18,49.24443300169599,49.771008029528474,48.77636755024051,49.22492980957031,13220200
2020-06-19,49.888020309329754,51.43848864671687,49.48821419565651,49.566226959228516,28081500
2020-06-22,49.829520792649156,50.12206499522863,48.99090573413071,49.87828063964844,15952200
2020-06-23,49.42970283123389,49.624731013241146,48.337550219787715,48.60083770751953,23194200
2020-06-24,48.41555775831901,48.85436647068795,46.826083268206034,47.08937072753906,19346500
2020-06-25,47.04061791935889,48.08401437596648,46.10448342495469,47.96699523925781,14971900
2020-06-26,47.927995161790435,48.12301962710357,46.94310450063421,47.28440475463867,16929700
2020-06-29,47.479427845560124,47.92799377441406,46.397028702932886,47.92799377441406,24666200
2020-06-30,50.49260493719687,51.16545201137558,49.70274615600044,50.239070892333984,47852100
2020-07-01,50.23907850851936,50.27808489667416,48.3765662524478,48.46432876586914,25218400
2020-07-02,49.24442746471692,49.48821175909671,48.24978709726502,48.591087341308594,18562400
2020-07-06,49.4882239384698,50.151317679962744,49.22493638936048,49.653995513916016,16321000
2020-07-07,49.26393432786445,49.33219363779209,47.791474996903354,47.86948776245117,19797900
2020-07-08,48.32779173844925,48.513066431906616,47.742707298313746,48.47406005859375,15311900
2020-07-09,48.610589212363976,49.137164206997674,47.51843656115777,48.73735809326172,18510800
2020-07-10,48.76660236330967,49.44919904409347,48.17177188590577,49.439449310302734,18128700
2020-07-13,50.03429171983176,50.98017228659472,48.152276601843546,48.23028564453125,23296400
2020-07-14,47.85972641825235,48.55207280521948,46.757820551205114,48.47406005859375,17455200
2020-07-15,48.96164047689205,49.39070324801147,48.18153142011138,49.254180908203125,15911400
2020-07-16,48.5813404901155,49.03965621620171,48.00600932837986,48.85437774658203,14014000
2020-07-17,49.05915136570423,49.176166782169375,48.05475757149827,48.24003601074219,15003800
2020-07-20,48.42530589034629,50.04403324910299,48.30829048557605,49.936767578125,17604200
2020-07-21,50.33658312808432,51.35072674724256,49.95628020086332,50.239070892333984,16650200
2020-07-22,50.297581601328154,50.48285634137831,49.75150339717806,50.365840911865234,11412600
2020-07-23,50.45360501981553,52.852441860378406,50.28782974619667,51.33122634887695,33399900
2020-07-24,50.00503461266247,50.00503461266247,48.41556364901227,48.776363372802734,25348000
2020-07-27,49.34194356696062,50.424346514132054,49.23468159369205,50.30733108520508,15991700
2020-07-28,49.98553232911109,49.99528578444232,48.795867448577525,48.84462356567383,15614400
2020-07-29,49.13715744018555,49.37119197885543,48.54232321925854,49.13715744018555,14714800
2020-07-30,48.50332129835643,49.488208138867606,47.888983879901346,49.478458404541016,17644300
2020-07-31,49.361439235988996,49.43945198995384,48.03525217740944,48.815364837646484,17433200
