Date,Open,High,Low,Close,Volume
2016-04-01,0.8648642581674617,0.8834267745270116,0.8582697106355464,0.8829382658004761,348292000
2016-04-04,0.8902653917709381,0.8949060200500772,0.8709702030406672,0.8743895888328552,393940000
2016-04-05,0.8665738624584717,0.8812284229816495,0.8631544184174258,0.873168408870697,339568000
2016-04-06,0.8621774551235787,0.874878097474045,0.8458132017763528,0.8743895888328552,453376000
2016-04-07,0.8687721361466523,0.8765879262247078,0.8616891382599738,0.8653527498245239,378104000
2016-04-08,0.8724356572402402,0.8780532444828378,0.8624216669910639,0.8709701895713806,255936000
2016-04-11,0.8760995628061147,0.8907541861909051,0.8734129099977348,0.876343846321106,387524000
2016-04-12,0.8792745243405354,0.8804957669414113,0.8582696407547097,0.8753666877746582,292764000
2016-04-13,0.879274517126818,0.8975927483653042,0.879274517126818,0.8973485231399536,350716000
2016-04-14,0.8949062666530536,0.9036990169930981,0.8912425964146756,0.8997911214828491,416564000
2016-04-15,0.8995467793380962,0.9149340758759762,0.8966158435281932,0.9068740606307983,436972000
2016-04-18,0.905164582498913,0.905164582498913,0.894173628833036,0.9029663801193237,307320000
2016-04-19,0.9063856026037166,0.9080952958444146,0.8812285962687827,0.8868461847305298,309152000
2016-04-20,0.8853806108983913,0.8956388273482914,0.8844036517679369,0.8902654647827148,200172000
2016-04-21,0.8905097290634602,0.8946619074560886,0.8853806497295839,0.8892885446548462,178280000
2016-04-22,0.8922195273063659,0.8983255661345085,0.8829382690919912,0.8858692049980164,223540000
2016-04-25,0.886113344804245,0.8951503186670384,0.8836709178620832,0.8902654647827148,191972000
2016-04-26,0.8956386335224454,0.9058968477523576,0.8870901119588456,0.8909980058670044,214536000
2016-04-27,0.8888000280731192,0.9117588887184892,0.8870903349769832,0.9112703800201416,352396000
2016-04-28,0.9056527175684884,0.9110260798802866,0.8819611831716513,0.8841593265533447,381224000
2016-04-29,0.8804958135612069,0.8824497319476,0.8582696861976938,0.8677951693534851,321904000
2016-05-02,0.8760996830810933,0.8846482097097965,0.8719475615410055,0.879274845123291,256076000
2016-05-03,0.8692604788956927,0.8729240897607498,0.8612004651141134,0.8687719702720642,224024000
2016-05-04,0.858269853724368,0.8590025878203026,0.840195901310162,0.8489886522293091,525764000
2016-05-05,0.8560717281635831,0.8641317451609279,0.847767427640938,0.854117751121521,246884000
2016-05-06,0.8526519952147377,0.8651084126798984,0.850942302274823,0.8629102110862732,183240000
2016-05-09,0.8651085367034431,0.8687721483193254,0.854606094115427,0.8616891503334045,333336000
2016-05-10,0.8670622739484213,0.8797629157912079,0.8587580350044659,0.8782974481582642,269676000
2016-05-11,0.8809845088391663,0.8905099357800937,0.8760995953745987,0.880740225315094,328176000
2016-05-12,0.8870901992934839,0.8909980935863776,0.8531404513325341,0.8687719702720642,670540000
2016-05-13,0.9571879077948917,1.0013958715093194,0.9525473378607052,1.0009074211120605,2110256000
2016-05-16,0.9933360381018992,1.0453598581765786,0.9901608770146763,1.0304609537124634,973032000
2016-05-17,1.0258204025773434,1.0399865159237545,1.0126313067412136,1.0326592922210693,628392000
2016-05-18,1.0258201358771595,1.0710051749740395,1.0258201358771595,1.059037208557129,541072000
2016-05-19,1.0548852187188118,1.0712495910080002,1.0534198672695017,1.0636780261993408,398880000
2016-05-20,1.0702722095486148,1.087125026588799,1.0685625169751551,1.082728624343872,391084000
2016-05-23,1.0873697369495507,1.0915217994246407,1.077844252733817,1.0844388008117676,413636000
2016-05-24,1.0877447634499227,1.1141915756247136,1.0848062157897707,1.1107631921768188,415788000
2016-05-25,1.1141910397735206,1.118843601770185,1.0972944572370587,1.1061100959777832,458076000
2016-05-26,1.1080694103924695,1.1259454357030703,1.104886003826203,1.1178644895553589,309964000
2016-05-27,1.1190889428671327,1.1257006156954985,1.1154157004773841,1.1239864826202393,277416000
2016-05-31,1.1288838782945132,1.1465150425087522,1.128149183203709,1.1440662145614624,412524000
2016-06-01,1.1386786927301624,1.1572892903981942,1.1352504278114859,1.1462699174880981,387132000
2016-06-02,1.1523921251917404,1.164146313591293,1.1411277724865383,1.1543512344360352,329208000
2016-06-03,1.143087331695865,1.1445564890575743,1.118109788281206,1.138189673423767,461076000
2016-06-06,1.1411278227423955,1.1499434644303057,1.1264352033624383,1.132312297821045,322512000
2016-06-07,1.1391689198511452,1.145535733760297,1.1340265201783462,1.1345162391662598,193400000
2016-06-08,1.1347606696546835,1.1389236297778143,1.1215373278476586,1.130842685699463,234616000
2016-06-09,1.1269247972509195,1.1619421467138067,1.1244759694964757,1.1602280139923096,472168000
2016-06-10,1.1465149687266782,1.1567997652037303,1.1298632433497147,1.131332516670227,400024000
2016-06-13,1.1325567455593202,1.1680639253440328,1.1325567455593202,1.145780086517334,475588000
2016-06-14,1.1430869647663138,1.1533717635964709,1.1303533375861785,1.147984504699707,298344000
2016-06-15,1.1575343316688473,1.169778118957703,1.144800708816541,1.1597381830215454,301036000
2016-06-16,1.1511676971209852,1.1663500330572376,1.1399033456952044,1.164391040802002,246456000
2016-06-17,1.1658603395794769,1.1661051990208973,1.1394135348748464,1.1440662145614624,471000000
2016-06-20,1.1624322829655618,1.1795736146138105,1.1616975877426001,1.1646361351013184,293768000
2016-06-21,1.1695336504138876,1.1727170571908492,1.1558204686182985,1.1575347185134888,212508000
2016-06-22,1.1599829638233443,1.1675741884939832,1.1545957071225925,1.1565546989440918,202620000
2016-06-23,1.167574386447173,1.1886338148234115,1.166839691410477,1.1874094009399414,297880000
2016-06-24,1.1386790353024971,1.1597384666861936,1.1092937985019744,1.1198234558105469,1017684000
2016-06-27,1.1105183738816422,1.119089157669608,1.0914179301483435,1.1078248023986816,449088000
2016-06-28,1.1288840223733456,1.1301083197367037,1.1085591681763467,1.1239864826202393,381920000
2016-06-29,1.133781321421005,1.15116762472166,1.1308427748396925,1.1423519849777222,318932000
2016-06-30,1.144311101998349,1.1582691413996788,1.1350058591640084,1.1511677503585815,430940000
2016-07-01,1.1448010480493498,1.1597385266806979,1.1386790942075746,1.1425970792770386,218488000
2016-07-05,1.1362301663534045,1.1614525579223784,1.1271697828871141,1.1594935655593872,371084000
2016-07-06,1.1514125238840942,1.1736963666672333,1.1455354305186172,1.1668397188186646,273104000
2016-07-07,1.1746755351668228,1.201367191856766,1.1692882786608343,1.1972042322158813,395400000
2016-07-08,1.2099384181838004,1.2510778479721927,1.2052857376263892,1.245200753211975,481932000
2016-07-11,1.2630768782216757,1.2831567589329071,1.2616076044176132,1.2738515138626099,448776000
2016-07-12,1.2880539260915713,1.3047055338471745,1.2718919203956236,1.2929514646530151,436760000
2016-07-13,1.295400299663256,1.3027466665925451,1.2905027606325772,1.2924617528915405,324604000
2016-07-14,1.2993179920606543,1.317438869094988,1.2885433628772514,1.3056846857070923,316892000
2016-07-15,1.2890335132208888,1.2963798802982078,1.2694433567034291,1.2905027866363525,428616000
2016-07-18,1.306419971138539,1.3083789636666117,1.2922170709685368,1.297114610671997,252992000
2016-07-19,1.296379976644768,1.3157252751584774,1.2939311485148177,1.3105828762054443,382652000
2016-07-20,1.3149907102803664,1.3348258464449339,1.3096034513339683,1.3277243375778198,296460000
2016-07-21,1.3247856345472664,1.328948595584723,1.2988286640349662,1.303236484527588,361308000
2016-07-22,1.3078885941684777,1.3387430906295776,1.2983383789821255,1.3387430906295776,315768000
2016-07-25,1.3468243119645538,1.3666593244914218,1.3409472193196195,1.3634759187698364,312528000
2016-07-26,1.3754752594763495,1.3938410027944956,1.3735162670952823,1.3867396116256714,514508000
2016-07-27,1.3987387271303067,1.4011875555054387,1.364455947244405,1.372781753540039,446676000
2016-07-28,1.375964764313318,1.3860047008750471,1.371556944566755,1.3757199048995972,221916000
2016-07-29,1.3808622511218354,1.4019216778772354,1.356129699765262,1.398248553276062,409588000
2016-08-01,1.404125883510801,1.4092682821754088,1.380127906309419,1.389188289642334,301120000
2016-08-02,1.3957997021115083,1.3965343970792437,1.3590682231874083,1.3722915649414062,282748000
2016-08-03,1.3705775033927214,1.378658447857406,1.3629862777542208,1.3759647607803345,299828000
2016-08-04,1.3825763433468363,1.4077987295424865,1.3798827732090109,1.401431918144226,272712000
2016-08-05,1.4175940960567406,1.4259199011039934,1.4107375644609497,1.4251853227615356,371588000
2016-08-08,1.4447751861935167,1.4482034512948192,1.4232259244617256,1.438408374786377,305064000
2016-08-09,1.4455099553888904,1.4560397282484028,1.4384085648502118,1.4420816898345947,372344000
2016-08-10,1.4548156784853568,1.4570195306743237,1.4281240088935403,1.432776689529419,375740000
2016-08-11,1.4403677724872712,1.4680388772569146,1.4374292253536434,1.4619169235229492,681064000
2016-08-12,1.5157897419077,1.5520315062416696,1.4846903758792418,1.543705701828003,1425744000
2016-08-15,1.5454198534813457,1.554970071922514,1.5214218776625028,1.5422364473342896,573304000
2016-08-16,1.5400325992164825,1.5424813103070876,1.528278529095192,1.5329312086105347,287652000
2016-08-17,1.5329313121906816,1.5363595780091,1.4854250760976326,1.4974240064620972,595212000
2016-08-18,1.4952199745919534,1.5231359334419505,1.489342881458677,1.520687222480774,331684000
2016-08-19,1.519952594725102,1.5361144847903636,1.5133409230408168,1.5246052742004395,291560000
2016-08-22,1.5292579903263293,1.533176091604665,1.5111371076178306,1.5309721231460571,244748000
2016-08-23,1.5465503400491676,1.5534195058827325,1.538945125315317,1.5433610677719116,339764000
2016-08-24,1.5487584614576184,1.5494943934197658,1.5124497940789248,1.5195642709732056,298448000
2016-08-25,1.5200548051188405,1.5207907369821518,1.490615424915817,1.5095056295394897,406032000
2016-08-26,1.5134317112613924,1.530359322444461,1.5014105489303884,1.521772861480713,300024000
2016-08-29,1.527905767941463,1.5340388861724703,1.5183379490852056,1.5207911729812622,274652000
2016-08-30,1.5188280022262188,1.5269238369232403,1.5077882063699735,1.5119588375091553,285544000
2016-08-31,1.5149031017883197,1.5190736167802998,1.5004287206773352,1.5048445463180542,388544000
2016-09-01,1.5060708725512952,1.5548911899508921,1.5048442026060664,1.5492486953735352,428492000
2016-09-02,1.5524381245925691,1.5541554158974964,1.5166202008250063,1.5340384244918823,323148000
2016-09-06,1.5394356200845556,1.5485126972198486,1.5315850959528907,1.5485126972198486,306812000
2016-09-07,1.5436064338385684,1.5512116488455037,1.5168657014626943,1.5256974697113037,397988000
2016-09-08,1.5242254252016365,1.5391905439423634,1.506807200079981,1.5367372035980225,315808000
2016-09-09,1.51981001335739,1.5283964729359114,1.447438091247742,1.4601951837539673,697760000
2016-09-12,1.4408138942442281,1.4933141161077,1.4062225194257012,1.4903701543807983,598260000
2016-09-13,1.4866904374075942,1.5038634715344108,1.4604403233560075,1.4687814712524414,471768000
2016-09-14,1.4722161671022806,1.4866905509337025,1.4599498134879254,1.4817839860916138,319048000
2016-09-15,1.484237207368533,1.5396813973133034,1.4808025069723603,1.537964105606079,515212000
2016-09-16,1.543361030163187,1.551702176612359,1.5239800863324007,1.541643738746643,902444000
2016-09-19,1.557835602891845,1.601013438238228,1.5507211257129283,1.5620062351226807,417128000
2016-09-20,1.5799153344400285,1.5799153344400285,1.5391908362402293,1.5477772951126099,331112000
2016-09-21,1.5524384582421846,1.594144313722449,1.5521931475718582,1.591200351715088,336212000
2016-09-22,1.6005228586648028,1.605429423015231,1.5860484762837808,1.5951255559921265,308732000
2016-09-23,1.5970879989104938,1.601749134802237,1.586293512415059,1.5934079885482788,276132000
2016-09-26,1.5752541350376703,1.58482195396183,1.5585718380845504,1.5784434080123901,230040000
2016-09-27,1.5723098585085107,1.6348686350520827,1.5715739265760764,1.6324152946472168,402752000
2016-09-28,1.6348688157249902,1.6395300694239936,1.6174504712669722,1.6383033990859985,319788000
2016-09-29,1.635604704639042,1.658665661855126,1.6203943905865654,1.6535136699676514,336684000
2016-09-30,1.662590755126938,1.6974274407923056,1.6527776273021018,1.68099045753479,429932000
2016-10-03,1.6809905370927751,1.7052780471559823,1.6763292836081132,1.6792731285095215,242596000
2016-10-04,1.6817261325213357,1.7099388414615655,1.6630811223139752,1.6755928993225098,281624000
2016-10-05,1.6898221701516163,1.70699520177056,1.6687239343246494,1.6738758087158203,305440000
2016-10-06,1.6537590844911927,1.6640628342209414,1.6255462525932283,1.6520417928695679,360212000
2016-10-07,1.6630815694784231,1.6674975126067269,1.6353594743061228,1.640020728111267,286260000
2016-10-10,1.6486071505456816,1.657439036608554,1.6306981847301998,1.6461539268493652,287876000
2016-10-11,1.6407568352461925,1.6432100590832264,1.609845349234773,1.6223571300506592,388540000
2016-10-12,1.615733230837659,1.638303451053119,1.6022402076368807,1.6297169923782349,419920000
2016-10-13,1.6105810820844753,1.6142609756084552,1.5627419983459125,1.6032211780548096,390116000
2016-10-14,1.6228474377548179,1.633887235342,1.6093544168047655,1.618922233581543,330636000
2016-10-17,1.6186769049102214,1.6338872171393413,1.607391796810647,1.6095997095108032,195328000
2016-10-18,1.631924948939206,1.6434553700330958,1.6253010925019018,1.6341328620910645,269372000
2016-10-19,1.623092867901674,1.6383031803239287,1.6147516043024919,1.6306979656219482,199060000
2016-10-20,1.649834036228364,1.667007072270969,1.6265278816535855,1.6616097688674927,312084000
2016-10-21,1.6557216577437601,1.659892172902414,1.6412472760543104,1.6569483280181885,279508000
2016-10-24,1.668233615669596,1.7366802099582062,1.667988188003079,1.734717607498169,339836000
2016-10-25,1.7317730315055284,1.7737241852600987,1.7234318862705198,1.7631750106811523,397460000
2016-10-26,1.7484559665459196,1.789671203701015,1.7467386747462683,1.7702902555465698,333792000
2016-10-27,1.7837833062515411,1.7872178899028235,1.7268671313499306,1.7339816093444824,388664000
2016-10-28,1.742322846459232,1.7688182724711374,1.7278484630315387,1.7310377359390259,290856000
2016-10-31,1.736679907320572,1.7572875220141553,1.7356985477707032,1.7457571029663086,252388000
2016-11-01,1.7521359346129644,1.761703753110137,1.6753480759533588,1.693993091583252,473224000
2016-11-02,1.7069955594547057,1.7300564022178575,1.6839345997098223,1.6868785619735718,295848000
2016-11-03,1.6947290883172414,1.696201069448509,1.634868951245377,1.6672523021697998,309664000
2016-11-04,1.6562124642835745,1.6861425906255996,1.6333969327435227,1.6576844453811646,328780000
2016-11-07,1.7062592878705576,1.7594955614215628,1.7050326175903534,1.7484557628631592,487580000
2016-11-08,1.7550794922723771,1.7607221049661343,1.7295654307745736,1.7457571029663086,429884000
2016-11-09,1.6984091613241046,1.739379092654506,1.6858974958647235,1.716318130493164,456532000
2016-11-10,1.7538525932871583,1.754097903880835,1.637812259796704,1.6625903844833374,869280000
2016-11-11,1.950606244699638,2.177780264899721,1.9258279994298333,2.158154010772705,2175344000
2016-11-14,2.161097916269682,2.1635512564628163,2.0514362300266358,2.051926851272583,1348796000
2016-11-15,2.067873909727401,2.1453977122673917,2.059042021928753,2.1144864559173584,626092000
2016-11-16,2.1426989409100865,2.2707602470224773,2.1184114276166883,2.2479448318481445,987984000
2016-11-17,2.2646278750942606,2.325469392215885,2.223903245176367,2.2665905952453613,832988000
2016-11-18,2.2665890777144098,2.3141826113873902,2.252114698936137,2.2903859615325928,576060000
2016-11-21,2.308295265442337,2.314673810155233,2.266834607826805,2.2810637950897217,436436000
2016-11-22,2.288914153036366,2.2997085230949827,2.266343936394957,2.2975006103515625,330368000
2016-11-23,2.302660309278451,2.340251725836745,2.2793193837209693,2.308802843093872,443236000
2016-11-25,2.319859412539915,2.3365666845024604,2.295043948229335,2.3134713172912598,195564000
2016-11-28,2.3063455315406487,2.3277210309660084,2.299711642739969,2.312242269515991,278736000
2016-11-29,2.309540515466312,2.3203512847936474,2.273423388930366,2.2911133766174316,444568000
2016-11-30,2.2997113453920646,2.3134704769933956,2.2628570892818662,2.2653141021728516,440500000
2016-12-01,2.262858219960033,2.2645780829803543,2.0827632558459794,2.15327787399292,1035524000
2016-12-02,2.119125317195087,2.1817777459950167,2.0913617249633223,2.1731784343719482,478292000
2016-12-05,2.2110152586951113,2.2753875455451333,2.186691392727755,2.2574517726898193,602284000
2016-12-06,2.2655599875930004,2.302905839085036,2.249835430876021,2.2945520877838135,498796000
2016-12-07,2.2810396817298964,2.3414806795401173,2.262858106204951,2.335829734802246,480804000
2016-12-08,2.338777262341323,2.3739116594250005,2.2861984470772163,2.2967631816864014,381544000
2016-12-09,2.314453911937107,2.3161737746357076,2.2287061034710387,2.2559783458709717,382312000
2016-12-12,2.2075764215615568,2.2100334355107285,2.15082071149267,2.201188325881958,601332000
2016-12-13,2.2134727872614284,2.2675259134400885,2.212490075573326,2.2400078773498535,387796000
2016-12-14,2.2736687206605763,2.38595187423518,2.2498361995495992,2.3697359561920166,983980000
2016-12-15,2.3807915868928013,2.455483300837601,2.3734207803954064,2.425262689590454,746548000
2016-12-16,2.4527807475290047,2.4741562526166447,2.4011846280476785,2.467031240463257,1089528000
2016-12-19,2.449586932875492,2.5171531770134425,2.4323880693587183,2.4970061779022217,744656000
2016-12-20,2.5694864134396744,2.607569192267661,2.558184289900072,2.583982467651367,848056000
2016-12-21,2.5955295603552377,2.6031461612474076,2.54811032681211,2.6001977920532227,576136000
2016-12-22,2.624521864357683,2.674889470975211,2.617396618730014,2.6316471099853516,718612000
2016-12-23,2.6137113859615093,2.6987222840548797,2.6110088113253136,2.6972479820251465,647692000
2016-12-27,2.753266816563446,2.8834855060920033,2.7326282280158845,2.882502794265747,1194272000
2016-12-28,2.9385216143073194,2.9466295733828805,2.6704676088567747,2.6842265129089355,2295764000
2016-12-29,2.577348200379878,2.739261786997318,2.525752086728094,2.7377874851226807,2175368000
2016-12-30,2.7358230464073015,2.749827747688481,2.611746627626255,2.6225571632385254,1212932000
2017-01-03,2.5650635400069537,2.6134657267218895,2.4417243084924958,2.5063424110412598,1501996000
2017-01-04,2.5404940323751246,2.5920901480267675,2.49454886072996,2.5648179054260254,1199220000
2017-01-05,2.568257595108628,2.599952274436208,2.4827553479805204,2.499708414077759,984296000
2017-01-06,2.526981196193388,2.561378691602805,2.4864413996779664,2.533123731613159,822856000
2017-01-09,2.5429509108691843,2.6535139430126904,2.5429509108691843,2.6358237266540527,916248000
2017-01-10,2.6488456349308342,2.6827515305072924,2.595283865860237,2.615922451019287,880920000
2017-01-11,2.6043752470447896,2.6092890405852636,2.558921426648245,2.5837366580963135,525664000
2017-01-12,2.5608872868868837,2.572434972079729,2.496760530482186,2.5414772033691406,625616000
2017-01-13,2.5454075586138436,2.5798050435474065,2.5321400141870813,2.5412309169769287,457820000
2017-01-17,2.5306658470700913,2.535579639402134,2.4709617823438608,2.484229326248169,580612000
2017-01-18,2.4628542542193763,2.5363172314299356,2.435090654920114,2.529437780380249,654424000
2017-01-19,2.5323863323139486,2.615677136207501,2.5301751135050483,2.5837366580963135,644872000
2017-01-20,2.606340398414143,2.624030615664489,2.533614574554863,2.555481433868408,492024000
2017-01-23,2.5503215535791326,2.6019176631777796,2.5478645401902225,2.5820162296295166,369904000
2017-01-24,2.5920912450697533,2.6431960264776326,2.5773493910813956,2.6370534896850586,428052000
2017-01-25,2.6793123007448165,2.685454835570461,2.6124832089007715,2.6483547687530518,522760000
2017-01-26,2.6510577898132985,2.7014254122946184,2.621574320627681,2.69405460357666,458800000
2017-01-27,2.700933177066229,2.749089564687412,2.6743980868683974,2.746141195297241,471996000
2017-01-30,2.725257445228101,2.7274686640139563,2.651303107577325,2.7031447887420654,496004000
2017-01-31,2.6768546648240745,2.7038811064701336,2.6584273005556525,2.6825056076049805,362756000
2017-02-01,2.7169043726840854,2.8038807183625636,2.6992143836494837,2.799704074859619,590004000
2017-02-02,2.7837324545236743,2.8436823163113707,2.7532662849684155,2.835082769393921,483240000
2017-02-03,2.836557456779612,2.84761378429141,2.7984746810799326,2.810267925262451,372744000
2017-02-06,2.8009323015692758,2.8827490559990308,2.8009323015692758,2.8822576999664307,506768000
2017-02-07,2.91640813427933,2.9709526134755375,2.8967524956535953,2.9269731044769287,746224000
2017-02-08,2.909037856413489,2.9313960732567126,2.8594071607080433,2.9141974449157715,449580000
2017-02-09,2.9203390410860437,2.925253067606443,2.840242423901191,2.8594064712524414,842568000
2017-02-10,2.9466288800161626,2.9655473686362037,2.766533959725165,2.791594982147217,1651092000
2017-02-13,2.7859440544600496,2.8004401074958505,2.6584279467649297,2.6628506183624268,1180724000
2017-02-14,2.653268389863246,2.706338809464525,2.611500093018377,2.6726784706115723,850632000
2017-02-15,2.6756266405263682,2.6977390598695723,2.647617247985779,2.6780834197998047,373020000
2017-02-16,2.6876663282528117,2.6888948353431243,2.5960217612766625,2.635087490081787,647176000
2017-02-17,2.621574117721611,2.6390185433111735,2.574646225228409,2.6345958709716797,563740000
2017-02-21,2.6591651783277963,2.7328739526110786,2.6589193832207045,2.72894287109375,551952000
2017-02-22,2.740997392528268,2.750345641660544,2.705818405612707,2.7247610092163086,433772000
2017-02-23,2.5953614317473703,2.617255887654032,2.4521860998290395,2.4721124172210693,1592888000
2017-02-24,2.387979115386099,2.509260026439399,2.3542762878727674,2.4959757328033447,1029904000
2017-02-27,2.5141790882899975,2.5835526155466693,2.498434686769974,2.5685462951660156,715400000
2017-02-28,2.5781409949146252,2.5879814533745265,2.479246780408931,2.496467113494873,625360000
2017-03-01,2.553293874377854,2.567562348255586,2.4873644128340286,2.528693437576294,504804000
2017-03-02,2.5159017676396047,2.529924139843571,2.432751721057641,2.435457706451416,754332000
2017-03-03,2.4248796613180583,2.4297996561416397,2.367068138527173,2.421435594558716,864692000
2017-03-06,2.385272609256085,2.4133173533771104,2.341237589029916,2.4027390480041504,883568000
2017-03-07,2.4027387020152746,2.4484957489963097,2.389946389129444,2.4290611743927,603400000
2017-03-08,2.4772789334462084,2.4920393882643728,2.4224197318084273,2.424633741378784,638712000
2017-03-09,2.408643344596032,2.446528079971666,2.396096899968721,2.4241416454315186,478060000
2017-03-10,2.4504645130745133,2.4622726424854178,2.4202057562294006,2.4384100437164307,499740000
2017-03-13,2.448741425921616,2.5154089636652905,2.448003344835547,2.505568742752075,774136000
2017-03-14,2.518362187426674,2.5277102020857027,2.471620941084139,2.50384783744812,522016000
2017-03-15,2.515409845519268,2.5336141315556318,2.467930522493065,2.52278995513916,615036000
2017-03-16,2.5333679845366004,2.554278488353498,2.519345613561585,2.553786277770996,523100000
2017-03-17,2.5712539251061766,2.6106150713965404,2.5537874794911417,2.6093850135803223,1119688000
2017-03-20,2.6268510585372424,2.6964707249716455,2.610860543974884,2.6925344467163086,748568000
2017-03-21,2.675313036109779,2.7050798087983305,2.5975752081935815,2.605447292327881,913484000
2017-03-22,2.594377393492777,2.6632591955199154,2.5904413508479407,2.6585850715637207,616764000
2017-03-23,2.650713044670087,2.6706396000132964,2.6248825420117314,2.634476661682129,533940000
2017-03-24,2.680726317642567,2.6885984049397056,2.6179947861971335,2.6438252925872803,439500000
2017-03-27,2.5973293780141025,2.6669490238988236,2.5481282604401616,2.663012981414795,506644000
2017-03-28,2.6642432419047317,2.6787575902918843,2.638904717208491,2.6492369174957275,432444000
2017-03-29,2.6566169448882717,2.6689172834919868,2.638412659595463,2.6406266689300537,349992000
2017-03-30,2.647761155103936,2.706064662782405,2.6421030780830894,2.6913042068481445,525532000
2017-03-31,2.681709521178416,2.7033581071155948,2.6667031976639244,2.679741382598877,440808000
2017-04-03,2.680234457962859,2.6974547963044753,2.642595349772661,2.6662120819091797,445232000
2017-04-04,2.543700894283014,2.5687935527938324,2.4684231533600545,2.4792473316192627,1271280000
2017-04-05,2.4605500125045445,2.5183615265136807,2.4477576994531915,2.4607961177825928,747048000
2017-04-06,2.4659617330390327,2.4908082730393364,2.4209425409190555,2.4787540435791016,635120000
2017-04-07,2.485149866131758,2.502616296823384,2.4531690940632425,2.4681754112243652,429068000
2017-04-10,2.4689147610061846,2.4755567894207413,2.4010171410926637,2.4051992893218994,756332000
2017-04-11,2.3751860158500686,2.432997531009116,2.3702660216759877,2.413809061050415,618148000
2017-04-12,2.4138093046741247,2.428077547289405,2.388716651486409,2.3938827514648438,414092000
2017-04-13,2.369774765206873,2.391423121520562,2.3491101264953613,2.3491101264953613,506892000
2017-04-17,2.361902780279465,2.4413626806281807,2.35673667851774,2.4411168098449707,497292000
2017-04-18,2.426847026520297,2.44874171418233,2.4010165315609093,2.442591428756714,370116000
2017-04-19,2.460058910052098,2.484167382265553,2.4455445587290385,2.4521868228912354,380828000
2017-04-20,2.4667006774932543,2.4957293742938464,2.445544066268318,2.4910552501678467,404016000
2017-04-21,2.4807231961732854,2.5040938203918097,2.46891506599668,2.50138783454895,341896000
2017-04-24,2.532876075865548,2.5456683911279727,2.511965804165636,2.532630205154419,371820000
2017-04-25,2.547143547639307,2.5911785523104283,2.5257410737528008,2.5766642093658447,388440000
2017-04-26,2.590195031198396,2.5926549107941512,2.556984193256961,2.5589523315429688,327004000
2017-04-27,2.566333138782757,2.60716996651171,2.548374722488999,2.5988059043884277,319700000
2017-04-28,2.591917806020828,2.5988059400791177,2.560182886754388,2.5658411979675293,348248000
2017-05-01,2.5766653995459357,2.6285727454194583,2.5695311600852895,2.623406410217285,307732000
2017-05-02,2.596591996546382,2.5978220540322865,2.5230360603899555,2.545668601989746,629972000
2017-05-03,2.538779986591346,2.574204837799237,2.524019768776893,2.564610719680786,336904000
2017-05-04,2.570760504655414,2.5818307841725856,2.5468979125677067,2.5547702312469482,209788000
2017-05-05,2.543208389613081,2.562150756282244,2.5277098550015924,2.55501651763916,228428000
2017-05-08,2.5668239031633386,2.5682998306262155,2.516884720890964,2.528201103210449,365240000
2017-05-09,2.5338607970339306,2.5813398959468756,2.5254964989020254,2.5323846340179443,847672000
2017-05-10,2.811600889760647,2.9968433622158166,2.8049588611862966,2.983804941177368,2129096000
2017-05-11,2.953299892448665,3.208653959469508,2.9498558259892715,3.111973524093628,1939792000
2017-05-12,3.115171870746878,3.1882355858148634,3.0942613656837508,3.1461684703826904,962620000
2017-05-15,3.1872521566212915,3.306564920017627,3.1828239026544836,3.304104804992676,1087540000
2017-05-16,3.3550270502767536,3.3811038870483237,3.2807335205995947,3.365605354309082,1120700000
2017-05-17,3.298937966763882,3.3176344613989373,3.137804222401024,3.14198637008667,1271368000
2017-05-18,3.1857766169538047,3.2824570917832543,3.1255051947092993,3.2736008167266846,1156032000
2017-05-19,3.3745680800301447,3.4038734765702734,3.3299941914250475,3.349202871322632,1018372000
2017-05-22,3.392792757594743,3.4349039529703456,3.381956944335624,3.4206206798553467,836608000
2017-05-23,3.440320763540692,3.4425371044559427,3.34206102582695,3.374567985534668,681248000
2017-05-24,3.4713501488358234,3.4740592188272266,3.4004258274917563,3.4124929904937744,815996000
2017-05-25,3.4477086295315393,3.448447488118839,3.360038337532559,3.4048585891723633,608228000
2017-05-26,3.3967317272350885,3.577736339233551,3.376538060474399,3.493021249771118,779140000
2017-05-30,3.5388266907728227,3.6026092585689313,3.52281957513042,3.5676398277282715,989652000
2017-05-31,3.6124596907371465,3.6200939363580624,3.4981928406124054,3.5548338890075684,887316000
2017-06-01,3.5705947969452563,3.5715800200361327,3.509767428628041,3.5550801753997803,503340000
2017-06-02,3.552124987078774,3.5782290542240065,3.53143882495269,3.537349224090576,487456000
2017-06-05,3.5210966833852524,3.657773584348411,3.5095222465088276,3.644967794418335,817376000
2017-06-06,3.6402883635619463,3.6863399765232385,3.615169515452656,3.6284677982330322,758728000
2017-06-07,3.652847673825219,3.6910186714007622,3.6373330512050077,3.672302484512329,612612000
2017-06-08,3.7791823046806536,3.940239670739688,3.7380560982097726,3.9387621879577637,1161744000
2017-06-09,4.056968330407867,4.14956380069362,3.515431473646159,3.6841230392456055,3692928000
2017-06-12,3.5925122421139295,3.7358383517528133,3.4996704154833407,3.693234443664551,1697532000
2017-06-13,3.8023303024767348,3.8114422661963125,3.586848495152453,3.7284510135650635,1672504000
2017-06-14,3.731407000748747,3.793958232907348,3.6570349671385824,3.7363321781158447,1184640000
2017-06-15,3.61910923781247,3.782629033417787,3.6077809332842055,3.7523386478424072,963824000
2017-06-16,3.7619428783927376,3.809718332422443,3.699884154995973,3.7338685989379883,924960000
2017-06-19,3.777949453417478,3.8794107462848753,3.7742556304991965,3.874239206314087,778176000
2017-06-20,3.9163515107273805,3.9830892903287847,3.8643897316173206,3.8685760498046875,1095444000
2017-06-21,3.8961572450890074,3.9308805473789987,3.8343446518377187,3.9271864891052246,682652000
2017-06-22,3.935313406573407,3.9486119230150276,3.876209880671573,3.900097608566284,469132000
2017-06-23,3.9077317634806783,3.923492750322967,3.773270998606998,3.7882933616638184,1088588000
2017-06-26,3.8210464772321058,3.8565086391354506,3.6528476314064036,3.7469208240509033,1063960000
2017-06-27,3.7294357453078026,3.7380549794308036,3.604086951512202,3.609750986099243,999492000
2017-06-28,3.677228406336262,3.741749846245714,3.5893117295677457,3.7370707988739014,994948000
2017-06-29,3.7087495013575937,3.71170446597166,3.5481846811678057,3.612213611602783,1064424000
2017-06-30,3.6294529980752643,3.642997646172157,3.5339023071979487,3.5600063800811768,731060000
2017-07-03,3.572072251372009,3.586848013226471,3.41273879078834,3.431208610534668,709072000
2017-07-05,3.494500059164399,3.5516336225261074,3.4755377378513543,3.5228207111358643,820188000
2017-07-06,3.493760637684429,3.580199586980964,3.4417986283599933,3.5334091186523438,746284000
2017-07-07,3.5900514665875973,3.6324090329777285,3.567148718345337,3.614185333251953,654972000
2017-07-10,3.6875707567500564,3.7924795201053314,3.6614666894416916,3.7850916385650635,958492000
2017-07-11,3.7887857478005387,3.846411788246531,3.7469206937475423,3.838777542114258,757956000
2017-07-12,3.8983725380774925,4.014116847927588,3.8555225069901606,4.002049922943115,1145208000
2017-07-13,4.014118233911097,4.095385643293909,3.9094558249090023,3.9557535648345947,1369132000
2017-07-14,3.9720067508002272,4.063617235487492,3.965111363227694,4.062139987945557,941948000
2017-07-17,4.0961254883451055,4.124938635336989,3.9833360763879018,4.044902324676514,930792000
2017-07-18,3.984072812482776,4.1015414447296745,3.972252016440113,4.087011814117432,776640000
2017-07-19,4.096124912992245,4.122475349985745,4.0537675918855784,4.0658345222473145,687044000
2017-07-20,4.086274514552628,4.125184140847944,4.036529076132213,4.124938011169434,699596000
2017-07-21,4.1044984348153015,4.169266245721007,4.090214926737501,4.139714241027832,648332000
2017-07-24,4.1468555472670205,4.1564597710688105,4.081102758647979,4.091691970825195,652524000
2017-07-25,4.068789402156191,4.086274473128825,4.028402058772977,4.071990966796875,496556000
2017-07-26,4.1293706976577464,4.184780406725558,4.084304071654176,4.119027614593506,640404000
2017-07-27,4.14389944513966,4.1554741135415485,3.880149709281552,3.983088493347168,782856000
2017-07-28,3.947380321870892,4.072729360478066,3.9225078406095464,4.048348903656006,513348000
2017-07-31,4.061892288722479,4.097846934104398,3.955506069431576,4.002049922943115,559672000
2017-08-01,3.9926932279115017,4.052535614606998,3.964865545792006,4.050811767578125,431384000
2017-08-02,4.081841324294483,4.085781277513314,3.9715146490450417,4.048348903656006,478444000
2017-08-03,4.047856226828955,4.103512052865201,4.030863888614545,4.099818229675293,442420000
2017-08-04,4.122475233426843,4.188228024354341,4.099819090857304,4.117796421051025,589096000
2017-08-07,4.146855759537585,4.24486891874967,4.137251065531045,4.2443766593933105,717412000
2017-08-08,4.282300929431514,4.298800541001937,4.154735779834138,4.193892002105713,755336000
2017-08-09,4.147840751576764,4.240928968740708,4.129124562329992,4.238466262817383,530784000
2017-08-10,4.239695943607912,4.252009469050086,4.046870785341834,4.056967735290527,1328088000
2017-08-11,3.869807102919632,3.9156123486089913,3.765637188238789,3.840747833251953,1497196000
2017-08-14,3.9321125377407444,4.150795703136088,3.920538101767251,4.147101879119873,1279020000
2017-08-15,4.152273766593007,4.178377605985298,4.07790173272504,4.112132549285889,764532000
2017-08-16,4.127153257098159,4.150548251270074,4.034803928406367,4.06706428527832,596632000
2017-08-17,4.0586923382131275,4.075684207977696,3.974223369819701,3.9764394760131836,525444000
2017-08-18,4.0306192672878804,4.047611611860987,3.9313742707063133,3.977179527282715,601204000
2017-08-21,4.001559394825823,4.012887466283256,3.875471717017157,3.919306755065918,623672000
2017-08-22,3.9557852433005176,4.012475928530424,3.9365596513816015,4.006560325622559,450456000
2017-08-23,3.9732852272089723,4.097758279365605,3.964657935157053,4.086666584014893,579520000
2017-08-24,4.118709437735313,4.123146492450236,4.04525827038042,4.07163143157959,469700000
2017-08-25,4.095787875288201,4.105893718517991,4.031209393272156,4.037618160247803,357200000
2017-08-28,4.0565971129000955,4.069414176529954,4.001138619297182,4.06620979309082,389496000
2017-08-29,4.0075463430784,4.08124432223607,3.999412213408034,4.059553623199463,324096000
2017-08-30,4.079271709157955,4.094800457781056,4.048954661158865,4.083708763122559,384400000
2017-08-31,4.103921044471777,4.180330255354886,4.096526892851023,4.176386833190918,612684000
2017-09-01,4.188956874900141,4.237020733205557,4.180329582520131,4.201527118682861,445432000
2017-09-05,4.150259765318706,4.15518951341106,4.031455939128873,4.089378833770752,695364000
2017-09-06,4.122160377233519,4.13596329291701,4.052159473301624,4.086913108825684,397672000
2017-09-07,4.103674130978046,4.138181420776897,4.0657161121993095,4.105892658233643,352868000
2017-09-08,4.094308108371186,4.109096880811328,4.01050428099938,4.034659385681152,498856000
2017-09-11,4.0802587974948095,4.176140176089492,4.074835887232931,4.165541172027588,567444000
2017-09-12,4.190190435728111,4.190190435728111,4.115506577369466,4.180577754974365,411488000
2017-09-13,4.155436199304922,4.22814834416494,4.123147427953092,4.199310302734375,580960000
2017-09-14,4.160364669856896,4.253288472927514,4.135963221516704,4.175400257110596,513712000
2017-09-15,4.260681824125503,4.439381122589111,4.255505731804394,4.439381122589111,1364792000
2017-09-18,4.563362682950798,4.712730831553845,4.5564612246763705,4.622764587402344,1684460000
2017-09-19,4.572483350202517,4.679456439529213,4.550546300202024,4.617835998535156,874280000
2017-09-20,4.621531570243472,4.668855914365321,4.540438979699561,4.580615520477295,724920000
2017-09-21,4.477094035298645,4.503221320582178,4.37776192818237,4.455403804779053,1075600000
2017-09-22,4.444065957057835,4.493608839626062,4.402164042305567,4.412023067474365,491232000
2017-09-25,4.381213517165557,4.382446189328537,4.194134125669365,4.21483850479126,874580000
2017-09-26,4.34917026223493,4.404135583014258,4.198816255680122,4.238499641418457,1125620000
2017-09-27,4.328713015744183,4.344734462812006,4.25797258434237,4.331424236297607,713720000
2017-09-28,4.338572574986505,4.342516468174495,4.282867728169017,4.330192565917969,435244000
2017-09-29,4.413994440079661,4.430015411810157,4.368888150606031,4.40635347366333,619092000
2017-10-02,4.456389856050485,4.485474708994688,4.362727001377151,4.412023067474365,503480000
2017-10-03,4.418185971358231,4.450968377182958,4.377023556874145,4.421144008636475,390332000
2017-10-04,4.427303936997239,4.4802975361325075,4.3908244713658515,4.458114147186279,427848000
2017-10-05,4.482517125076886,4.485967854391558,4.425825967601629,4.455650329589844,437364000
2017-10-06,4.428045462545445,4.482024941530211,4.412024014315431,4.468714714050293,318800000
2017-10-09,4.505438517355352,4.602552548668687,4.486705856796165,4.569523811340332,563492000
2017-10-10,4.718400205565456,4.755865538079302,4.615617357640483,4.656779766082764,974876000
2017-10-11,4.673293448992143,4.707801211423558,4.627448113519545,4.706322193145752,529508000
2017-10-12,4.709773118307905,4.759316001536056,4.681427774145952,4.708540916442871,528292000
2017-10-13,4.7706543646213495,4.806394332746527,4.72382316858834,4.79628849029541,628728000
2017-10-16,4.826112545219716,4.881571031834701,4.763013090665482,4.878612995147705,576640000
2017-10-17,4.857909185767853,4.902522326614614,4.839669681200413,4.874176979064941,478596000
2017-10-18,4.883049935464462,4.88378897449223,4.764985159892221,4.869986057281494,567316000
2017-10-19,4.792591150196985,4.8803384039268956,4.743541429209646,4.875409126281738,570772000
2017-10-20,4.892414961325911,4.919527625694992,4.84435064014019,4.853224277496338,451620000
2017-10-23,4.874916135675638,4.9012897700471125,4.826112759314769,4.846324443817139,428696000
2017-10-24,4.855442978753363,4.898823905679364,4.82956251245939,4.897098541259766,407244000
2017-10-25,4.857661524616627,4.910408782898703,4.711990933628069,4.773364543914795,828160000
2017-10-26,4.800972184149839,4.834986319415834,4.777063421823301,4.823401927947998,322744000
2017-10-27,4.875408469962976,4.975726425968318,4.849527532708483,4.975480079650879,572192000
2017-10-30,4.975481930248276,5.079743346618228,4.959706827660073,5.024285316467285,504056000
2017-10-31,5.056080600717276,5.124109338905308,5.050411343315498,5.097489356994629,411908000
2017-11-01,5.160095051692335,5.175376987141525,5.0430161321556355,5.1071014404296875,502576000
2017-11-02,5.077524054664331,5.122137190452961,5.019600693993222,5.076045036315918,342308000
2017-11-03,5.10710114333277,5.143826961517334,5.06125580977878,5.143826961517334,353640000
2017-11-06,5.107100466940725,5.175622346932733,5.09477657044455,5.166995525360107,389944000
2017-11-07,5.189674834280662,5.247598212856072,5.177597277664189,5.22615385055542,427700000
2017-11-08,5.221716046667525,5.225413592819289,5.108088314347517,5.155412673950195,522988000
2017-11-09,5.059530203692128,5.085657016917476,4.938754221318985,5.060762405395508,978564000
2017-11-10,5.25203312109238,5.389816419245245,5.216293155512763,5.327456474304199,1253256000
2017-11-13,5.327456091914961,5.352843397467768,5.225659112995033,5.240941047668457,582376000
2017-11-14,5.250061339039426,5.294428131390029,5.206434055911553,5.279146194458008,529292000
2017-11-15,5.224180925477437,5.225413597571365,5.121891237634284,5.175623893737793,501948000
2017-11-16,5.2495680618630285,5.279638769521863,5.206926639070606,5.215799808502197,441768000
2017-11-17,5.272738538992444,5.3079853487159525,5.194603950150629,5.209639072418213,515664000
2017-11-20,5.22516730305166,5.288759931879292,5.188441475086333,5.276682376861572,396100000
2017-11-21,5.316364105545761,5.336822132770991,5.284568036161533,5.325237274169922,399176000
2017-11-22,5.3523693121000955,5.3523693121000955,5.268753787221783,5.30131196975708,356640000
2017-11-24,5.317590541706115,5.35236878938502,5.2931716719628135,5.351381778717041,180752000
2017-11-27,5.360017753001197,5.361250811275046,5.27862179332618,5.2818284034729,422896000
2017-11-28,5.287005893719938,5.296378732240122,5.136300925012625,5.197224140167236,512752000
2017-11-29,5.179958749819488,5.1826718533812475,4.716744420488004,4.844757556915283,1396788000
2017-11-30,4.913328114727049,4.999163259213799,4.85043180242646,4.950572490692139,823768000
2017-12-01,4.916039395042334,4.936265115575482,4.747328790335551,4.875834941864014,811548000
2017-12-04,4.934292438453037,4.940459139041359,4.550747466791511,4.604024410247803,1240844000
2017-12-05,4.498951060295475,4.753003842062851,4.454060406045252,4.630663871765137,981488000
2017-12-06,4.580345092739146,4.689859060043696,4.559132830419592,4.668153762817383,467032000
2017-12-07,4.73475077596875,4.775202229266021,4.68936662021728,4.735490798950195,542600000
2017-12-08,4.78531416171226,4.804306828533258,4.7147715836452955,4.72315788269043,466876000
2017-12-11,4.737215536637411,4.804305439143078,4.72142995396142,4.801345348358154,372748000
2017-12-12,4.757936496844971,4.781121844490045,4.683693798607918,4.707125663757324,455016000
2017-12-13,4.748070183575902,4.749303241559217,4.584785738024282,4.5921854972839355,554280000
2017-12-14,4.585771589774533,4.670127139033691,4.553213406647107,4.599337577819824,438164000
2017-12-15,4.6432429967173015,4.7451107138953725,4.578373136114201,4.724884986877441,670036000
2017-12-18,4.765336041176935,4.884222877643476,4.735737943659035,4.881263256072998,477704000
2017-12-19,4.871889726726696,4.877069416582788,4.808746437616341,4.837111473083496,373100000
2017-12-20,4.876329071858899,4.885454922648854,4.798633258691984,4.854130268096924,288820000
2017-12-21,4.857584473220278,4.882496386005076,4.823299719644372,4.831686019897461,300904000
2017-12-22,4.794933165984722,4.825764782717347,4.717237360091629,4.816391944885254,466276000
2017-12-26,4.7611420095520245,4.877562237927142,4.731296929589327,4.869915962219238,355080000
2017-12-27,4.856597665426437,4.9323199401518965,4.842045134771584,4.863256931304932,329488000
2017-12-28,4.886935998174205,4.917767624290388,4.862764108680652,4.868930339813232,240248000
2017-12-29,4.895074086791796,4.895074086791796,4.77273416519165,4.77273416519165,279964000
2018-01-02,4.828972733285586,4.920728065591667,4.797401552373363,4.917027950286865,355616000
2018-01-03,5.034187351222553,5.270974459812394,5.025554534443815,5.240635871887207,914704000
2018-01-04,5.321784891005477,5.378268447512615,5.246062149382652,5.268260955810547,583268000
2018-01-05,5.2830602300766145,5.350149681258216,5.206350951554219,5.312905311584473,580124000
2018-01-08,5.436232596375194,5.549692755787042,5.391341473561443,5.475697040557861,881216000
2018-01-09,5.481122714718078,5.520587155055783,5.392820994178467,5.474216461181641,497000000
2018-01-10,5.3819687309479125,5.520587793610505,5.327705236820333,5.517134666442871,582664000
2018-01-11,5.5496913113668205,5.581016435129786,5.505540223060041,5.526999473571777,406032000
2018-01-12,5.5151599895743,5.549444733805357,5.459416465517084,5.4998674392700195,359916000
2018-01-16,5.526259129205168,5.61160073910741,5.344722555594821,5.429077625274658,702348000
2018-01-17,5.443631043911312,5.552651518824776,5.349903121083364,5.54278564453125,538408000
2018-01-18,5.523547156319014,5.590143580389749,5.492469013267313,5.535880088806152,408632000
2018-01-19,5.62590689433937,5.699902587922885,5.599021908382469,5.6757307052612305,609380000
2018-01-22,5.683624864195454,5.7657603578654495,5.626154764467906,5.764033794403076,550944000
2018-01-23,5.817310281065666,5.915478343550291,5.798811589921604,5.892786502838135,475228000
2018-01-24,5.8959936176410235,5.931758418408328,5.760581162508873,5.816078186035156,579972000
2018-01-25,5.870341226817161,5.913505784199402,5.814844678037979,5.829643726348877,409884000
2018-01-26,5.87329869529766,6.0020513460437765,5.860472733703044,6.001804828643799,516356000
2018-01-29,5.9872545657800655,6.1197073798196575,5.934717642105019,6.088628768920898,455116000
2018-01-30,5.947050609360371,6.078023388684311,5.88045418520516,5.986761569976807,570832000
2018-01-31,6.061990289415672,6.1483189276848345,6.029432103138454,6.062730312347412,478576000
2018-02-01,5.883167169125468,6.089862691392032,5.871821247817131,5.932004451751709,519224000
2018-02-02,5.845676578607228,5.869601950904901,5.70187782729948,5.759840965270996,718464000
2018-02-05,5.599021576457881,5.752686149007625,5.056384954170529,5.270973205566406,1165204000
2018-02-06,5.041586756070795,5.566957366578849,5.031720411614622,5.563997745513916,1114800000
2018-02-07,5.662659883318976,5.795605747375564,5.591623789659855,5.643420696258545,802932000
2018-02-08,5.7687204549270295,5.801771678249629,5.364949240065885,5.365196228027344,1144000000
2018-02-09,5.876508816965499,5.892294408157452,5.365197080618622,5.724323749542236,1674604000
2018-02-12,5.805225365688938,5.808185457886176,5.550433030499788,5.624428749084473,1093172000
2018-02-13,5.588169427876423,5.784012030050489,5.5558577625449335,5.737887859344482,625524000
2018-02-14,5.697684279601359,5.983555198711346,5.686584876006259,5.9546966552734375,744988000
2018-02-15,6.03781761733539,6.12611932497192,5.957162185061639,6.079995155334473,698900000
2018-02-16,6.05286503380497,6.166325191511204,6.00526080761794,6.014387130737305,637656000
2018-02-20,6.0368315366604435,6.212448425008004,6.033131422201149,6.143632411956787,686240000
2018-02-21,6.208008474526043,6.21491472726364,5.953215734733468,5.956915378570557,892292000
2018-02-22,5.990728629474634,6.062302201323417,5.911010217415333,5.976413726806641,534364000
2018-02-23,6.036140867773988,6.069706439971924,5.985545603419587,6.069706439971924,415300000
2018-02-26,6.1158613665822426,6.120303794151791,6.023555658460231,6.085751056671143,469312000
2018-02-27,6.059093516110488,6.143254823898359,6.049961993267326,6.072915077209473,455436000
2018-02-28,6.0837750668917785,6.123264036362615,5.9611124025141065,5.972712516784668,523116000
2018-03-01,5.97049055395094,6.024294423214244,5.630144774605524,5.731088638305664,1040120000
2018-03-02,5.62372624217417,5.844371246954212,5.475395748373735,5.837954044342041,913428000
2018-03-05,5.787852078754246,5.8554770169916,5.664695653000487,5.815988063812256,620776000
2018-03-06,5.901137596851519,5.995911392079758,5.858193360641316,5.976660251617432,636808000
2018-03-07,5.873989543534866,6.020839588107905,5.8727557192066815,5.96876335144043,581208000
2018-03-08,5.996159802635444,5.996159802635444,5.908296527015403,5.952475070953369,411912000
2018-03-09,5.999859627770322,6.0677312503585314,5.983817560932842,6.054897785186768,505524000
2018-03-12,6.096114908568405,6.244198290359063,6.087970068367301,6.164233207702637,605060000
2018-03-13,6.206930755721556,6.281219587830296,6.072421323424346,6.113637924194336,619772000
2018-03-14,6.156581622197187,6.18373045941531,6.076863217447864,6.139058589935303,505496000
2018-03-15,6.152634850782378,6.234820928300313,6.111911582761727,6.153868675231934,401952000
2018-03-16,6.170156714334644,6.201007497906318,6.132642056064475,6.182003498077393,399456000
2018-03-19,6.12523696257034,6.1541129626657165,5.8493076011333605,5.9480299949646,713772000
2018-03-20,5.950993181224361,6.198539955665495,5.950993181224361,6.159791469573975,554696000
2018-03-21,6.153373231955915,6.219517691114243,6.1042589350562935,6.134616374969482,438688000
2018-03-22,6.071436165633911,6.1178356905879525,5.931743778486854,5.969011306762695,551196000
2018-03-23,5.982586007528059,5.985054127575314,5.738741584106769,5.749847888946533,735620000
2018-03-26,5.8739887035492195,6.035153158563368,5.822159615755501,6.033919334411621,611424000
2018-03-27,6.114625963246568,6.170157474667709,5.4260366338613935,5.565975666046143,1409000000
2018-03-28,5.531670122241895,5.661490017910976,5.355697376563972,5.463057994842529,945904000
2018-03-29,5.531174174623569,5.812286451836281,5.447013349214397,5.715785503387451,916628000
2018-04-02,5.645445018202641,5.791307380969282,5.368034720519275,5.455650806427002,922092000
2018-04-03,5.622245798901898,5.685181177177983,5.4630556757831785,5.5617780685424805,667432000
2018-04-04,5.306580846417261,5.594110342828621,5.281653457528875,5.583744525909424,789168000
2018-04-05,5.6419902571185485,5.6550708623099535,5.392469251442145,5.463796138763428,701240000
2018-04-06,5.361372021845486,5.469226420048848,5.258700532256258,5.287823677062988,662988000
2018-04-09,5.350759990061053,5.478358880158885,5.296462309575235,5.31645393371582,499524000
2018-04-10,5.546231532085034,5.651864510462041,5.489219051217735,5.62496280670166,761676000
2018-04-11,5.610152880284994,5.651369477295768,5.551166109664647,5.583744525909424,460244000
2018-04-12,5.676543232912156,5.807844044270657,5.632364707292455,5.790073871612549,593920000
2018-04-13,5.853503883993969,5.8618953948193875,5.6654377269575935,5.713564872741699,503036000
2018-04-16,5.720227938489726,5.746636291414428,5.619284093660845,5.713317394256592,350792000
2018-04-17,5.765394171822404,5.883861059278752,5.709862671219252,5.862635612487793,447224000
2018-04-18,5.812289090097394,5.904841467141911,5.7449112533543225,5.833761215209961,391364000
2018-04-19,5.719736551739346,5.753055463025168,5.597567681103718,5.6528520584106445,471996000
2018-04-20,5.64421243710298,5.728373276907721,5.613608794921182,5.6447062492370605,386200000
2018-04-23,5.662475444237839,5.713564043088325,5.499583372585311,5.525497913360596,427508000
2018-04-24,5.551167230375891,5.646927720878305,5.394198508665177,5.459355354309082,414596000
2018-04-25,5.42973851030669,5.468734138552372,5.190336572729784,5.3473052978515625,588492000
2018-04-26,5.508715603710221,5.566715224983749,5.4428182838610635,5.558570384979248,375824000
2018-04-27,5.6642049954776486,5.683949481422303,5.543763301693283,5.585967063903809,400848000
2018-04-30,5.602253503422976,5.651861599836029,5.531420436416541,5.550671100616455,327844000
2018-05-01,5.5425292503028505,5.60867325197152,5.484035807069009,5.605958461761475,253788000
2018-05-02,5.602504189086487,5.6469289355165335,5.559312796500806,5.585474491119385,268248000
2018-05-03,5.617311962965465,5.776502154137623,5.572146266555971,5.750340461730957,443144000
2018-05-04,5.721710409008019,5.903359855054719,5.704434043880585,5.900151252746582,400660000
2018-05-07,6.004550013665405,6.194590959421235,5.994677536654166,6.13757848739624,687616000
2018-05-08,6.137823270618524,6.182742274013364,6.088955654229941,6.180027484893799,506616000
2018-05-09,6.200020247984949,6.315031869436815,6.172871408225406,6.31281042098999,596760000
2018-05-10,6.3656264397437985,6.42930230598553,6.347856266346499,6.420170783996582,994080000
2018-05-11,6.2387690999360315,6.4117803545020395,6.183484734377589,6.2819600105285645,1214456000
2018-05-14,6.3199665277634045,6.379693772004773,6.2787499370479365,6.302443027496338,523140000
2018-05-15,6.239015354185989,6.241730614738236,5.960371154923462,6.060574531555176,963528000
2018-05-16,6.022072909521446,6.133629261000511,5.98529873377014,6.071681022644043,553828000
2018-05-17,6.073408476923989,6.20717742641007,6.057365938004435,6.113637924194336,519784000
2018-05-18,6.165468693995751,6.228650767080164,6.0650181560818455,6.0699543952941895,483716000
2018-05-21,6.167196525302346,6.170898469455609,5.935445123946759,6.0279974937438965,640624000
2018-05-22,6.041324076730589,6.066498139443173,5.929520583332928,5.989988327026367,518264000
2018-05-23,5.9339281044020975,6.114455273058823,5.933187163680392,6.11322021484375,442956000
2018-05-24,6.109515820940645,6.15915460865383,6.056419623975266,6.116924285888672,437372000
2018-05-25,6.129520311527187,6.172491110798442,6.09395844942009,6.156191825866699,292112000
2018-05-29,6.138163809104283,6.2070656526294306,6.092476541050969,6.139151573181152,352684000
2018-05-30,6.172737978406287,6.2564567487014715,6.14804199393629,6.2478132247924805,390996000
2018-05-31,6.215956449360895,6.302392171326767,6.205337395971548,6.228057384490967,493868000
2018-06-01,6.272755959507304,6.368329309955514,6.264112435698902,6.362154960632324,421968000
2018-06-04,6.396235432700494,6.562685678984376,6.364130982871786,6.540706634521484,642024000
2018-06-05,6.543917371439187,6.5836780559166925,6.4992178664673546,6.546140193939209,391712000
2018-06-06,6.456247544609345,6.551326793959483,6.439948258178943,6.548116207122803,371356000
2018-06-07,6.54441104065344,6.55626515110124,6.402409480601927,6.492549896240234,369448000
2018-06-08,6.419944099483215,6.519715336481239,6.4011751689720855,6.477238655090332,360456000
2018-06-11,6.464643274833833,6.506132190042861,6.4234011828715065,6.436243057250977,265372000
2018-06-12,6.462668227507684,6.496748208520087,6.4125353135309435,6.484647274017334,319160000
2018-06-13,6.486126390097256,6.560954787703953,6.47106169869005,6.480199337005615,338208000
2018-06-14,6.525149137212087,6.648134485955446,6.510331262106211,6.591580867767334,430016000
2018-06-15,6.53453251050194,6.605656702720537,6.503662646855872,6.5508317947387695,432260000
2018-06-18,6.5068744613338465,6.5641690257451835,6.4797092965032785,6.546635150909424,356268000
2018-06-19,6.443651525723882,6.510824660757541,6.2979462048993335,6.4251298904418945,594932000
2018-06-20,6.4661250729939725,6.530828090550254,6.427846273595946,6.4779791831970215,369780000
2018-06-21,6.509836625133135,6.528111436405862,6.341904501110473,6.349560260772705,359516000
2018-06-22,6.370304401232539,6.383640391929357,6.182121947314975,6.197432994842529,434160000
2018-06-25,6.091242156538294,6.094946389709086,5.8168707737489385,5.905282020568848,665816000
2018-06-26,6.0183884672763535,6.066545376346424,5.924790646805313,5.976158142089844,478884000
2018-06-27,6.019623159983516,6.08580805821022,5.8158818800001555,5.821315288543701,453892000
2018-06-28,5.811437690587553,5.960107266810264,5.803781929511495,5.948253154754639,338012000
2018-06-29,6.013203224532054,6.025797805905708,5.849222133035027,5.850457191467285,392300000
2018-07-02,5.781061068269142,5.98603693927105,5.760563434065278,5.982332706451416,357572000
2018-07-03,6.016906835363435,6.0228338905295535,5.840578004004036,5.848974704742432,222732000
2018-07-05,5.904046169080395,5.999372222900518,5.865273724519082,5.994433403015137,306216000
2018-07-06,5.969984577675324,6.116431311579673,5.948746002347929,6.108034610748291,296352000
2018-07-09,6.182122327117943,6.191753614859191,6.076917689609045,6.155450344085693,303880000
2018-07-10,6.167799075238854,6.2762138368229605,6.12754474520081,6.254234790802002,360016000
2018-07-11,6.161625198114032,6.196199295933689,6.102354643227826,6.112974166870117,367508000
2018-07-12,6.1581671773918085,6.252258172985964,6.148288595545225,6.204348087310791,345508000
2018-07-13,6.222871574256367,6.222871574256367,6.115197269200693,6.157180309295654,246988000
2018-07-16,6.129519462585449,6.182368837422584,6.117171706725446,6.129519462585449,197036000
2018-07-17,6.08037541359184,6.280165176170636,6.0549384875144945,6.265100479125977,362136000
2018-07-18,6.257690504095585,6.271520139470533,6.165080934892665,6.215954303741455,277640000
2018-07-19,6.197185596529078,6.257690724461805,6.182121373623716,6.224103927612305,235752000
2018-07-20,6.221637601775569,6.260410058786595,6.185087496667378,6.195953845977783,222352000
2018-07-23,6.16952729890954,6.1712560036652295,6.008015873799267,6.159401893615723,301584000
2018-07-24,6.20731080752556,6.293746500016172,6.1245793470867955,6.14211368560791,354620000
2018-07-25,6.151499265351744,6.232748859308306,6.093710597044604,6.22015380859375,319112000
2018-07-26,6.200149426671353,6.33029638173515,6.183356028063561,6.29349946975708,325124000
2018-07-27,6.330051247936575,6.336966067788398,6.1700216851546745,6.223858833312988,295420000
2018-07-30,6.237935315883295,6.24386237118974,5.9941865206363545,6.029007911682129,340340000
2018-07-31,6.01863452769942,6.121616328452347,5.9798620879141415,6.047034740447998,283988000
2018-08-01,6.078400529764167,6.133472267190155,6.023081498023042,6.086796760559082,283556000
2018-08-02,6.015671956914451,6.193235380850384,5.956895992061863,6.189284324645996,269668000
2018-08-03,6.213731531261578,6.249540678019977,6.19693860433143,6.225832462310791,214288000
2018-08-06,6.213240203778207,6.27695546848067,6.1668119898836355,6.273498058319092,207508000
2018-08-07,6.322148260940575,6.364131294951758,6.295476747349991,6.345609188079834,258132000
2018-08-08,6.346844012338107,6.426858550158742,6.312022622276411,6.381911754608154,262100000
2018-08-09,6.399691950486458,6.40240841888095,6.325851302236531,6.333507061004639,204280000
2018-08-10,6.251765215114743,6.324618115629183,6.240652044831633,6.292266368865967,256396000
2018-08-13,6.300909521848901,6.4456275502576,6.299180817040954,6.325111389160156,375208000
2018-08-14,6.430317229593392,6.470324741922742,6.347338912298396,6.456247806549072,466220000
2018-08-15,6.476989992918695,6.510823613759955,6.319677410277158,6.398210525512695,591136000
2018-08-16,6.467851875242789,6.470321520061701,6.2976969742014575,6.357707977294922,801260000
2018-08-17,6.246578868545709,6.247319809341985,6.019129356595547,6.046048164367676,1143188000
2018-08-20,6.005545628542428,6.252998129799402,5.895401719260707,6.120628356933594,854388000
2018-08-21,6.136928107986746,6.260407544883716,6.117171416924697,6.255962371826172,673988000
2018-08-22,6.22336509341703,6.495513651438657,6.219907683542983,6.490574359893799,749856000
2018-08-23,6.452047705061095,6.655048033237471,6.438218067769765,6.589850902557373,720684000
2018-08-24,6.598248160623286,6.737285957048397,6.593802986980405,6.722715377807617,531512000
2018-08-27,6.7523487510189675,6.887682285885057,6.72098524788464,6.813594818115234,505776000
2018-08-28,6.807668521065264,6.830388975557091,6.656282511970752,6.776057720184326,475384000
2018-08-29,6.768397877723354,6.9062764484625845,6.7476420753376125,6.881319999694824,420108000
2018-08-30,6.850187050516337,6.961132583910305,6.827701593908492,6.864518642425537,346608000
2018-08-31,6.844503745123495,6.948283240284816,6.834619759253662,6.935434341430664,306592000
2018-09-04,6.922338244505937,7.047614894699558,6.893922491121525,7.010056972503662,391720000
2018-09-05,6.992511674357577,7.027846022671807,6.798789918528447,6.879589557647705,393156000
2018-09-06,6.863281933262914,6.865752929537149,6.705883288078337,6.738746643066406,322796000
2018-09-07,6.646827698670961,6.84277350719621,6.602103750427109,6.717496871948242,295420000
2018-09-10,6.73998283713233,6.818064533811941,6.696247189809734,6.788413047790527,220140000
2018-09-11,6.742206784512565,6.829678084094086,6.721450978773439,6.740724563598633,243112000
2018-09-12,6.700942906443708,6.720463451796885,6.471886728123998,6.62706184387207,419092000
2018-09-13,6.692787900291968,6.79508470247253,6.675491396456412,6.704648494720459,305536000
2018-09-14,6.7948387002450765,6.896394170650843,6.758021649203096,6.830420017242432,386936000
2018-09-17,6.804968893843612,6.8538934938683935,6.749372650339453,6.768645763397217,205528000
2018-09-18,6.772600198365273,6.87514397319947,6.690070884880213,6.696742057800293,299520000
2018-09-19,6.678208419188451,6.7382522577207355,6.628295523287287,6.720461368560791,224860000
2018-09-20,6.598644128958862,6.640897078892161,6.52575139250349,6.579617977142334,430584000
2018-09-21,6.5914801516658095,6.636945454613344,6.476581395932969,6.5096917152404785,435128000
2018-09-24,6.478804124086679,6.568746413902042,6.391827218478683,6.565287113189697,293912000
2018-09-25,6.631262004574622,6.657206762844947,6.545767310128303,6.6322503089904785,280388000
2018-09-26,6.637191797965088,6.6774681454405584,6.579618946290532,6.595432758331299,268548000
2018-09-27,6.630519451204281,6.651769641806608,6.575911989638935,6.607292652130127,214428000
2018-09-28,6.738995616931627,6.9660747124282265,6.7110737767990125,6.943836212158203,709396000
2018-10-01,7.021421488097252,7.216625455584431,6.9828747995319205,7.1499104499816895,622060000
2018-10-02,7.122483870144587,7.2339228320485205,7.056509731173536,7.0787482261657715,383964000
2018-10-03,7.148922712280652,7.156335701221132,6.981146162855355,7.084925651550293,320552000
2018-10-04,7.048849363688571,7.073064465721814,6.824240860442195,6.901087284088135,391220000
2018-10-05,6.876377774241846,6.93839822106676,6.610751584730088,6.66807746887207,426636000
2018-10-08,6.585054928878049,6.7002006335047914,6.426420533715067,6.567017078399658,408612000
2018-10-09,6.546507678404485,6.64089756978881,6.493629865346399,6.561333656311035,273500000
2018-10-10,6.455577424705536,6.501290152029572,6.06862824147266,6.070852279663086,684940000
2018-10-11,5.983875083899575,6.117059110065572,5.788424113329541,5.8099212646484375,725436000
2018-10-12,6.066405156008104,6.165984011373858,5.921607957536885,6.091855525970459,608236000
2018-10-15,6.078511094979969,6.078511094979969,5.8151089553857425,5.816097259521484,449760000
2018-10-16,5.9285267036712055,6.085431459598973,5.879355141777879,6.074312210083008,408712000
2018-10-17,6.136330663982225,6.174383435201505,5.956940509444776,6.005865097045898,329668000
2018-10-18,6.075051886774591,6.113351146909124,5.858350295551928,5.918641090393066,524020000
2018-10-19,5.97374399453984,5.993264063850521,5.626329837113125,5.662652492523193,613608000
2018-10-22,5.714789595901414,5.814615397268397,5.61076314788748,5.713306903839111,368844000
2018-10-23,5.4466914942437965,5.539599150491396,5.354772613405729,5.462258815765381,626436000
2018-10-24,5.423959349241996,5.470412943975676,4.913463252311688,4.927300453186035,884288000
2018-10-25,4.8299468279243145,5.182796949473837,4.785716789033116,5.135601997375488,951720000
2018-10-26,4.900119217719951,5.061471512206144,4.771877699752999,4.899625301361084,664784000
2018-10-29,5.040470462799425,5.043929763659891,4.349101379465867,4.586558818817139,758016000
2018-10-30,4.609537761042516,5.025890930686624,4.586557922121637,5.016006946563721,807192000
2018-10-31,5.18032509711425,5.252970878575338,5.040963830921203,5.209482192993164,745772000
2018-11-01,5.245805645899684,5.3987571790551225,5.119540687731207,5.389367580413818,566528000
2018-11-02,5.379977456977233,5.485486598792226,5.194162582349934,5.310544013977051,452960000
2018-11-05,5.297447335171757,5.320674605344344,5.072344905509968,5.232708930969238,379332000
2018-11-06,5.224802170685713,5.3088141591849825,5.1781011421070176,5.215165615081787,299012000
2018-11-07,5.281634509766608,5.372070725926416,5.218131356184044,5.282622814178467,483812000
2018-11-08,5.223567488669031,5.22430883483312,5.036517321039978,5.089890003204346,511352000
2018-11-09,5.001182950337626,5.172171874113618,4.967578242512255,5.081982612609863,413240000
2018-11-12,4.99080298204079,5.012794514344701,4.661673699808988,4.683418273925781,617116000
2018-11-13,4.781020630779805,5.045904974053743,4.774842905560006,4.924829006195068,644712000
2018-11-14,5.097548498019646,5.111880088075978,4.764713354751783,4.872446060180664,526580000
2018-11-15,4.866516727689467,5.072840482820242,4.830687981095732,5.000936031341553,840708000
2018-11-16,4.0355393745942125,4.216906185200407,3.9932859463314143,4.062966823577881,1963520000
2018-11-19,3.9977336989811865,3.9984745737201535,3.573720293229498,3.5754499435424805,1697820000
2018-11-20,3.312541631002466,3.8116713030415004,3.294009631303598,3.6836767196655273,1692032000
2018-11-21,3.820566870062842,3.837369220136449,3.548516455386355,3.5756967067718506,1025496000
2018-11-23,3.5411045220476995,3.6962793968253616,3.5282556215501684,3.5828633308410645,411968000
2018-11-26,3.703691637153496,3.7921512303935647,3.6214092989740174,3.781773328781128,814832000
2018-11-27,3.755828535667613,3.8796227224228974,3.7200000302761524,3.7985758781433105,738060000
2018-11-28,3.915945058544031,3.96042204772829,3.783749824743226,3.955233097076416,804524000
2018-11-29,3.9574594349031225,3.994560522752154,3.8619858052927607,3.8921613693237305,549172000
2018-11-30,3.9018082849210147,4.052933809984979,3.8515979921217385,4.042298316955566,729564000
2018-12-03,4.269110975711925,4.320558012378805,4.1390092078961525,4.205791473388672,890804000
2018-12-04,4.161268502328295,4.166215439909608,3.8708899653815085,3.8859779834747314,812112000
2018-12-06,3.7457351670932777,3.9201106952041593,3.7301527393398577,3.915163993835449,692308000
2018-12-07,3.919368571213714,3.929509650956116,3.60178260931714,3.651003360748291,681676000
2018-12-10,3.606235013243494,3.780857997862722,3.602524809979828,3.7561237812042236,629472000
2018-12-11,3.847639836085052,3.8558020941995017,3.5864475764226538,3.6653494834899902,671912000
2018-12-12,3.6710379820779226,3.778878709960328,3.5819952376689588,3.682910442352295,654136000
2018-12-13,3.7296581635361514,3.7937194925094015,3.6467988500627473,3.6826632022857666,471384000
2018-12-14,3.64110957786226,3.7247109734410984,3.598814351489918,3.62231183052063,471820000
2018-12-17,3.592384297015108,3.664360454269048,3.4934476571239874,3.551325559616089,662868000
2018-12-18,3.5951042522127103,3.718280203883711,3.567896805524452,3.6344316005706787,564372000
2018-12-19,3.600793542984009,3.6542193866108357,3.374476326159526,3.4259233474731445,745364000
2018-12-20,3.4175127323541115,3.5072975481679833,3.2819697004494497,3.341578960418701,749588000
2018-12-21,3.3680447950717873,3.400941264863486,3.1773447657012945,3.2047996520996094,863740000
2018-12-24,3.1286194197487287,3.214941507771103,3.079398423770106,3.1432125568389893,463840000
2018-12-26,3.1892178314133335,3.293101166837844,3.078408971744919,3.292111873626709,695100000
2018-12-27,3.239922220622022,3.2743026307070826,3.0962169090431018,3.2443742752075195,637044000
2018-12-28,3.264904030953203,3.398221073910107,3.2231034462481607,3.305715322494507,628728000
2018-12-31,3.349000259522261,3.381401853232403,3.2713350808799397,3.3020055294036865,465140000
2019-01-02,3.231265932474815,3.4251813233405146,3.2166727958069883,3.3692822456359863,508752000
2019-01-03,3.3091783624431126,3.3430641329189377,3.158300291681756,3.1657204627990723,705552000
2019-01-04,3.23868531328507,3.4066299466717007,3.208015107582364,3.368539571762085,585620000
2019-01-07,3.42567572255454,3.5837267346364183,3.3744759128738573,3.546872854232788,709160000
2019-01-08,3.6282484402620594,3.6304747038239435,3.3861013522102255,3.4585723876953125,786016000
2019-01-09,3.5097721385841463,3.5738337130783755,3.459314643836755,3.5265915393829346,617260000
2019-01-10,3.507298713645063,3.6007935267759525,3.4469473460181335,3.5921366214752197,523156000
2019-01-11,3.5698760153464897,3.703935157819665,3.5421739172799653,3.6811797618865967,874764000
2019-01-14,3.6289902806288747,3.7462300105912045,3.6054927992140615,3.721001148223877,730168000
2019-01-15,3.75365026760115,3.792977619724947,3.688599641824776,3.7069029808044434,617012000
2019-01-16,3.734110518255913,3.7670067578894963,3.675985415077157,3.681426763534546,470104000
2019-01-17,3.6485306844730516,3.792483229582444,3.6213229974567955,3.7526612281799316,493436000
2019-01-18,3.8023771065316745,3.9074971859100516,3.7509300807763277,3.881526231765747,651336000
2019-01-22,3.851349739237238,3.8629747583201457,3.6495193296018464,3.679694890975952,661552000
2019-01-23,3.7348515999340024,3.823399685903333,3.661391292602505,3.692556142807007,591020000
2019-01-24,3.776899835858294,3.921594196034208,3.7722003403482574,3.9040331840515137,708972000
2019-01-25,3.844671836656973,3.979225378987472,3.74227268118326,3.961169481277466,1154572000
2019-01-28,3.3774443033526267,3.5033409413140952,3.240170086234414,3.4135560989379883,2511528000
2019-01-29,3.3675510942287774,3.4157827988388343,3.240417705613786,3.2550108432769775,1153932000
2019-01-30,3.330943894703069,3.4125664706664187,3.2515473461054567,3.3982207775115967,974228000
2019-01-31,3.3950053487845215,3.5911469796792517,3.3732392490819145,3.555529832839966,842852000
2019-02-01,3.5740803453368715,3.6307215036138554,3.5265909738818233,3.5797691345214844,625048000
2019-02-04,3.595598668693,3.726936869555318,3.5735853658932677,3.689835786819458,528592000
2019-02-05,3.701707937419983,3.7454873368415127,3.6680696167812545,3.70888090133667,542424000
2019-02-06,3.7420251267197253,3.848629364647908,3.7365837785660503,3.784320592880249,702464000
2019-02-07,3.738068038238784,3.740294065936095,3.603514488462521,3.6463043689727783,637120000
2019-02-08,3.579275006850071,3.675490733915483,3.5649293111998634,3.6648552417755127,461604000
2019-02-11,3.6208276550645118,3.6749953415540433,3.5740801382067535,3.62231183052063,495180000
2019-02-12,3.660650038347677,3.7546397285891064,3.646304108199021,3.7390570640563965,591060000
2019-02-13,3.7684910030988537,3.8543184402777513,3.7548871599384235,3.7813527584075928,605372000
2019-02-14,3.7803630001780495,3.850360557914145,3.737325448318641,3.8221635818481445,827264000
2019-02-15,4.030426025239785,4.053181188149996,3.868912205653182,3.891667604446411,1516748000
2019-02-19,3.881031967375883,3.954739750833876,3.861986772108412,3.8743536472320557,551892000
2019-02-20,3.9035391980829384,3.9886245474128765,3.8924090597221137,3.9215950965881348,540988000
2019-02-21,3.934209605693475,3.9586961457160683,3.8382410884779223,3.8528342247009277,448548000
2019-02-22,3.9045284220580823,3.9562226446169366,3.8909245799602954,3.937424659729004,401740000
2019-02-25,4.020779204193187,4.088055860925728,3.9164009851696213,3.925058126449585,656020000
2019-02-26,3.9203588411644437,3.9762579212124023,3.852339857024358,3.8857309818267822,488464000
2019-02-27,3.8713846565324657,3.897850016459146,3.7870411676496665,3.8439297676086426,500256000
2019-02-28,3.8377399170082,3.8600236059193858,3.79713426228751,3.819417715072632,324944000
2019-03-01,3.8691848495966012,3.9157328559809574,3.810999841616156,3.8736417293548584,357188000
2019-03-04,3.912018758171207,3.9347976031872425,3.8253600213897,3.88181209564209,409992000
2019-03-05,3.866213574596318,3.9135044323983146,3.811990055268509,3.8753747940063477,362924000
2019-03-06,3.8664615395285744,3.8748796707694346,3.761975980751839,3.7646994590759277,403524000
2019-03-07,3.7411779968734797,3.7508343739462235,3.6495674434551257,3.69562029838562,450104000
2019-03-08,3.606485619695741,3.7404352313278832,3.5851922406276207,3.7297885417938232,422416000
2019-03-11,3.7533101469366255,4.012543063609408,3.706266746069921,3.989764451980591,859728000
2019-03-12,4.017494715873952,4.070232528479802,3.941482665201958,4.023932456970215,579576000
2019-03-13,4.061318860643894,4.20418172942845,4.053890807518709,4.1749653816223145,768900000
2019-03-14,4.184127258205856,4.196011956175132,4.091526164801752,4.099201679229736,519384000
2019-03-15,4.142282668685876,4.247015902836144,4.138816338373653,4.204429626464844,661484000
2019-03-18,4.2358752387379175,4.289603845788803,4.1561491471070315,4.1831374168396,486992000
2019-03-19,4.277472077433915,4.394832916479597,4.2606358102252875,4.350512981414795,854972000
2019-03-20,4.3794792829241125,4.4327124765415435,4.2834118854468475,4.318075656890869,719148000
2019-03-21,4.341104233323366,4.580529514806113,4.3361521961830345,4.55428409576416,824312000
2019-03-22,4.527046134854662,4.575574747568142,4.380964432142898,4.394829750061035,747644000
2019-03-25,4.354224869379565,4.4183519759540015,4.236616634310872,4.302724838256836,525212000
2019-03-26,4.4441028551164905,4.500059539757855,4.32302826643485,4.379232883453369,703508000
2019-03-27,4.404736150204706,4.4510362303693345,4.30074573851642,4.370072364807129,474372000
2019-03-28,4.396069894129766,4.4542551465713105,4.33565655567904,4.388642311096191,480264000
2019-03-29,4.455244268976183,4.470100375577985,4.404982477837846,4.445835590362549,456896000
2019-04-01,4.537446476833416,4.543388825178386,4.465891308838393,4.513182163238525,483824000
2019-04-02,4.53719947856981,4.57532911810016,4.494365263005259,4.531009197235107,440920000
2019-04-03,4.580527766879157,4.72908551863376,4.575575731628518,4.670157432556152,783504000
2019-04-04,4.654806651779727,4.703583209838008,4.598602512706384,4.6612443923950195,457376000
2019-04-05,4.704326590039095,4.745180179212573,4.667930116677095,4.727848052978516,481744000
2019-04-08,4.6973955672135235,4.77365534359059,4.673378703387859,4.748648166656494,424192000
2019-04-09,4.715220990409292,4.726362835470245,4.643913276469628,4.686004638671875,439972000
2019-04-10,4.685261180986691,4.782070970973484,4.680804537988265,4.756320953369141,444772000
2019-04-11,4.758796821130248,4.790241725729068,4.693184006452142,4.74245548248291,374600000
2019-04-12,4.781081803558154,4.785043527312434,4.695908756984894,4.7045745849609375,471708000
2019-04-15,4.696897168468491,4.701849203093612,4.533483803855596,4.573099136352539,440092000
2019-04-16,4.612220274177535,4.67882340302873,4.579537596114416,4.660006046295166,394964000
2019-04-17,4.694919793216801,4.715717786335707,4.614946220448383,4.637229919433594,351004000
2019-04-18,4.6439136499988285,4.677834108167068,4.58498554927499,4.612716197967529,380988000
2019-04-22,4.5891937719440214,4.682042311390829,4.557749338601909,4.666443824768066,279936000
2019-04-23,4.679568226735578,4.752114206431744,4.669912084206772,4.720916748046875,346856000
2019-04-24,4.731314342912897,4.773901097116765,4.670653554500126,4.733295440673828,318204000
2019-04-25,4.693183938079209,4.715467624296581,4.548340449918366,4.627818584442139,499296000
2019-04-26,4.474311954914001,4.478769073103389,4.2908433126992875,4.409441947937012,868988000
2019-04-29,4.41736259516939,4.467872324386639,4.3453120284149875,4.440141677856445,391920000
2019-04-30,4.407954333030912,4.50699270305737,4.388889511735497,4.481490612030029,362920000
2019-05-01,4.533731972172642,4.5758233241732675,4.468118690604232,4.468366622924805,354280000
2019-05-02,4.478023351332537,4.577309160901699,4.434941681120272,4.535713195800781,394684000
2019-05-03,4.544132641497214,4.554036242671163,4.469853507557636,4.531257629394531,336824000
2019-05-06,4.345312561647405,4.465149394147996,4.308173230879485,4.453017234802246,422176000
2019-05-07,4.404734701033539,4.404734701033539,4.238102448089224,4.286136150360107,555220000
2019-05-08,4.258654075863931,4.386165945195903,4.246769377249044,4.306192398071289,419168000
2019-05-09,4.237360513333889,4.247016653445677,4.095240473162634,4.213838577270508,660248000
2019-05-10,4.183137637306675,4.248503014696945,4.060577318573798,4.1799187660217285,569500000
2019-05-13,4.0481968668301915,4.07122340919331,3.9073146067804436,3.9231607913970947,656912000
2019-05-14,3.962774400407555,4.047205023815409,3.924149620408376,4.0120463371276855,524880000
2019-05-15,3.956586884250356,3.9875364070725627,3.8974115534020406,3.9511399269104004,502320000
2019-05-16,3.9456915503457264,4.0088285863067945,3.903352732938615,3.9662418365478516,781088000
2019-05-17,3.9243988357806634,4.053396399499504,3.8362546249082308,3.875622272491455,1022068000
2019-05-20,3.7770789611764095,3.8320453318194754,3.7325115825736925,3.7572712898254395,572064000
2019-05-21,3.8179321526537056,3.855071475846897,3.779307124302193,3.8392252922058105,361848000
2019-05-22,3.8006001103533396,3.8265975866981727,3.7575182070695625,3.7684125900268555,325868000
2019-05-23,3.7062662664840973,3.7062662664840973,3.5879153992055115,3.6475861072540283,591844000
2019-05-24,3.666403490211776,3.701562190682717,3.5871728021513483,3.593858003616333,357584000
2019-05-28,3.611437105644795,3.6441197858361125,3.5468143617202834,3.548795223236084,428356000
2019-05-29,3.501256504505184,3.5361675046529855,3.440100330190307,3.474763870239258,559800000
2019-05-30,3.477986413949264,3.5136809634789703,3.410067601899992,3.4482409954071045,394300000
2019-05-31,3.3994096038407324,3.4665847320548404,3.3560307690748328,3.3577659130096436,389720000
2019-06-03,3.368919825115276,3.407588942230268,3.2868721180272984,3.316121816635132,478644000
2019-06-04,3.380074213399917,3.549871243975112,3.358013069291645,3.544665813446045,641836000
2019-06-05,3.6182856963644894,3.6237391057275645,3.465840340709544,3.502030611038208,511616000
2019-06-06,3.5062456126518735,3.5885413164315154,3.5037667680065767,3.5640013217926025,408140000
2019-06-07,3.5699502850747518,3.6408434419612337,3.5508634658859393,3.6066362857818604,348856000
2019-06-10,3.6626563346899035,3.747678846182901,3.6626563346899035,3.6792643070220947,402780000
2019-06-11,3.739002925618497,3.7766806010339296,3.6973594777116645,3.736772060394287,383872000
2019-06-12,3.6933931797938406,3.6995902902123228,3.6088666266878255,3.6239871978759766,358892000
2019-06-13,3.646047592665866,3.6933924190920746,3.628448180935148,3.6750495433807373,308080000
2019-06-14,3.5820960184268884,3.6063880310336267,3.5407003108403656,3.5853183269500732,394428000
2019-06-17,3.5835827060581185,3.631919218635004,3.5607778612532806,3.594985246658325,276040000
2019-06-18,3.656210848388367,3.8448464608661426,3.6453042668386675,3.789569616317749,581920000
2019-06-19,3.8247695314867194,3.83617183775806,3.769492434784261,3.7955198287963867,331644000
2019-06-20,3.885994531773193,3.8998756789579057,3.8054339986390553,3.8198108673095703,350168000
2019-06-21,3.804938282152175,3.8540182552445104,3.7553623511778262,3.7618072032928467,434428000
2019-06-24,3.7831257786243837,3.8136149030253974,3.7360286803153007,3.7841172218322754,282948000
2019-06-25,3.789073742092333,3.863933118300273,3.752139775439426,3.754866361618042,311868000
2019-06-26,3.882028763883153,4.008694948974044,3.8691390588718604,3.947716474533081,584072000
2019-06-27,4.033235703770046,4.065211995295478,3.997293166334973,4.046125411987305,445440000
2019-06-28,4.089998939652155,4.099170615066074,4.024311229187271,4.0709123611450195,397668000
2019-07-01,4.277645125023439,4.311852525903724,4.081572872233405,4.119002819061279,709756000
2019-07-02,4.102392331026938,4.123462266558807,4.0081986322481065,4.021336078643799,400228000
2019-07-03,4.044637279281551,4.050338668097319,3.9744878338248797,4.034226417541504,246636000
2019-07-05,3.975975453073607,3.9804371836654626,3.9085521178492004,3.971761465072632,396552000
2019-07-08,3.9122694394222552,3.931108273185845,3.866907734708338,3.8969008922576904,329788000
2019-07-09,3.8547624323267926,3.9273909624271464,3.842120704699303,3.899380683898926,342860000
2019-07-10,3.942759683960401,4.024807400387666,3.9288785335889886,3.967547655105591,452076000
2019-07-11,4.040422057235071,4.162378504350351,4.003240351980227,4.1217265129089355,682560000
2019-07-12,4.149491032461163,4.2255900997530675,4.149491032461163,4.154696464538574,506392000
2019-07-15,4.175765807919174,4.191877587104491,4.118010105310479,4.146267890930176,289840000
2019-07-16,4.131394575199453,4.168576288590352,4.08603262955534,4.141557693481445,341444000
2019-07-17,4.143293304914357,4.213690967589586,4.114043605126142,4.206750392913818,348204000
2019-07-18,4.217160815944709,4.281113382454656,4.1606443085040645,4.218400001525879,442192000
2019-07-19,4.256574086615086,4.263018703350953,4.169320472162421,4.175269603729248,344896000
2019-07-22,4.196589261841573,4.259550421713457,4.189152725683572,4.2466607093811035,315940000
2019-07-23,4.285823730358957,4.356220919527254,4.27020696470607,4.354238033294678,428176000
2019-07-24,4.397368680660208,4.434302653600209,4.321517848638418,4.428601264953613,366236000
2019-07-25,4.387205625277258,4.399847588394193,4.274420818683589,4.2977213859558105,392700000
2019-07-26,4.324741319657999,4.386215058342815,4.324741319657999,4.339613914489746,274160000
2019-07-29,4.3324254955214725,4.3495291919370125,4.245420084948997,4.333416938781738,248160000
2019-07-30,4.287062718608438,4.36117840703827,4.2726856121064625,4.349032402038574,197772000
2019-07-31,4.317552133408954,4.318544049392739,4.140071036577182,4.182210445404053,359416000
2019-08-01,4.192621578676747,4.282849534099801,4.035962197152709,4.088016986846924,421212000
2019-08-02,3.995558023452759,4.064716511124463,3.9482134154985826,3.995558023452759,428348000
2019-08-05,3.812375055230867,3.8136144773001788,3.690914529185375,3.7377636432647705,589156000
2019-08-06,3.8123752856044586,3.8577370013835552,3.7288401715288244,3.776432752609253,361272000
2019-08-07,3.7157027559690916,3.826504692479021,3.6983513174803138,3.8146064281463623,372560000
2019-08-08,3.872113689689733,3.9241682321295746,3.8148537166454655,3.922928810119629,309300000
2019-08-09,3.88202880975371,3.8854990968057885,3.771474872818401,3.821794271469116,341816000
2019-08-12,3.769740219929557,3.8217947688812868,3.732310521570911,3.7541239261627197,279200000
2019-08-13,3.7526359861963545,3.9140050411375022,3.713719128664831,3.868147373199463,351956000
2019-08-14,3.7801511289732193,3.791305692199871,3.676290008782504,3.719916582107544,419880000
2019-08-15,3.7387550279949506,3.7585853080031844,3.6534847766804277,3.6876919269561768,477200000
2019-08-16,3.949947796045755,4.004232969258714,3.8887215756327413,3.955153226852417,1007960000
2019-08-19,4.068187082034116,4.24913849495694,4.052074827439502,4.233273983001709,815112000
2019-08-20,4.2278181442936065,4.228314102051175,4.140069080528869,4.161139011383057,463188000
2019-08-21,4.2270752941554735,4.299455828274941,4.205509873997716,4.244426727294922,427244000
2019-08-22,4.254095898234614,4.2964830534906335,4.211460527564616,4.2506256103515625,303488000
2019-08-23,4.1742780845028475,4.228563495368226,4.006711906139541,4.0265421867370605,568056000
2019-08-26,4.105119618507018,4.129163884209364,4.062980217889895,4.101153373718262,318208000
2019-08-27,4.139326156453118,4.142052742653511,3.981427644240295,4.010677337646484,290968000
2019-08-28,3.9843777508732217,4.052859785496101,3.945173900337365,4.00025749206543,255612000
2019-08-29,4.09156616161059,4.175928389541459,4.088092439516701,4.143672466278076,357976000
2019-08-30,4.189824543304017,4.239449565283456,4.1382146718883694,4.156327724456787,290616000
2019-09-03,4.083626605631765,4.1166269680501015,4.0506262432134275,4.073453426361084,296140000
2019-09-04,4.133995447646927,4.194786060258999,4.133995447646927,4.187342166900635,227728000
2019-09-05,4.289321283348777,4.465985607967333,4.287584422300351,4.459782600402832,695676000
2019-09-06,4.4364590608238235,4.493279507064552,4.394774390362867,4.432737350463867,376976000
2019-09-09,4.463753715638196,4.564988610694491,4.4622648419069675,4.478641033172607,417524000
2019-09-10,4.445887387995308,4.571686297593129,4.436210658009127,4.545137405395508,352812000
2019-09-11,4.559777879101155,4.621808918966737,4.530747208573242,4.573672771453857,361512000
2019-09-12,4.620070801973529,4.6746579318485,4.564242786613247,4.572182655334473,327840000
2019-09-13,4.505686610745012,4.54265715133636,4.470700919514769,4.514370918273926,324592000
2019-09-16,4.439437615064883,4.5059348042900425,4.429016445554475,4.471445560455322,231832000
2019-09-17,4.478144694804736,4.497002183008955,4.43174541109952,4.492784023284912,223048000
2019-09-18,4.485835712927259,4.501467463048874,4.37939026220508,4.465737342834473,258152000
2019-09-19,4.4716919031420375,4.4900534102224805,4.379637799741761,4.390307426452637,245476000
2019-09-20,4.389314514699541,4.412886128741642,4.274681231729443,4.284853935241699,350244000
2019-09-23,4.285104207214673,4.383609336281327,4.281382023128284,4.338202476501465,249712000
2019-09-24,4.369465611551954,4.3989922511248905,4.245403559873673,4.280885219573975,317268000
2019-09-25,4.2803884946278545,4.441917517803333,4.235726083182854,4.42231559753418,308432000
2019-09-26,4.412639281386251,4.421323587396591,4.349367368157565,4.400232791900635,234564000
2019-09-27,4.358547547226562,4.409164976470412,4.201236688798003,4.261779308319092,362056000
2019-09-30,4.287584600438513,4.329269267332629,4.256320627008765,4.319096088409424,186184000
2019-10-01,4.3421709941375335,4.4910455228740656,4.312644360103868,4.317358493804932,366008000
2019-10-02,4.295525327069913,4.307435369491787,4.2213362596719195,4.2935404777526855,293372000
2019-10-03,4.298004972473487,4.504940341880381,4.267733902360388,4.498737335205078,450588000
2019-10-04,4.500971908211548,4.544393918211177,4.435963597026066,4.515115261077881,265524000
2019-10-07,4.57987578078856,4.673170328447725,4.571191473068121,4.573672771453857,480984000
2019-10-08,4.482115054814931,4.482115054814931,4.3793917524468515,4.397504806518555,444436000
2019-10-09,4.474174700465516,4.533228465686125,4.445392491319718,4.483851432800293,292412000
2019-10-10,4.4816184414725875,4.59228159976039,4.476407857066908,4.541416168212891,309124000
2019-10-11,4.625282179727991,4.697982369452037,4.606424692488743,4.614861011505127,446404000
2019-10-14,4.606175961127843,4.64910151719913,4.575160446115078,4.628259181976318,200040000
2019-10-15,4.718327556763277,4.944864861870506,4.704432195996048,4.872412204742432,664124000
2019-10-16,4.838420492650064,4.943129094185844,4.807404976671537,4.81881856918335,428944000
2019-10-17,4.863232748568946,4.908143152806004,4.766464021904346,4.820803642272949,263436000
2019-10-18,4.82130013821803,4.853804529516834,4.652327658247658,4.7265167236328125,307440000
2019-10-21,4.787803578592873,4.876880437999623,4.768946089803577,4.863481521606445,261868000
2019-10-22,4.920302288404607,5.025258895954558,4.845865226462714,4.853557109832764,328720000
2019-10-23,4.771674947710298,4.854796296784841,4.739914997500526,4.840653419494629,279916000
2019-10-24,4.881841793248821,4.918067891470254,4.847849005161255,4.884571552276611,232020000
2019-10-25,4.964965167530452,5.095974711378305,4.957273283459132,5.075132369995117,423092000
2019-10-28,5.11880100719679,5.183313342999633,5.089522349919318,5.130959510803223,330792000
2019-10-29,5.117062478727796,5.123513946836008,5.015580109240692,5.034933567047119,211236000
2019-10-30,5.0617311428153435,5.067438174606939,4.968932600496484,5.036918640136719,205960000
2019-10-31,5.0160772916046446,5.036919627567306,4.908143428041418,4.987791061401367,209732000
2019-11-01,4.952556747800937,5.059002197409222,4.927496255656585,5.0267462730407715,283640000
2019-11-04,5.107635161973665,5.235419415070301,5.0845599881369195,5.223012924194336,376716000
2019-11-05,5.222763922024642,5.248816837915492,5.153041018598312,5.200929164886475,300868000
2019-11-06,5.176860644912417,5.202417109724963,5.064460188210242,5.151800155639648,269012000
2019-11-07,5.238147862634401,5.252787188243311,5.124754967800568,5.169417381286621,280340000
2019-11-08,5.152546026326252,5.187035266304387,5.115079039244236,5.155523300170898,189100000
2019-11-11,5.154779035818744,5.18852384014965,5.068679926912906,5.1654486656188965,243436000
2019-11-12,5.2036584503713526,5.256757179837685,5.168672768132822,5.200929164886475,283504000
2019-11-13,5.169666553241721,5.197208349649521,5.108876400162783,5.175125598907471,300188000
2019-11-14,5.184057390287869,5.207629485656896,5.124259667709916,5.2053961753845215,518080000
2019-11-15,5.203162361898849,5.254772221671864,4.978361886515721,5.066446304321289,1053628000
2019-11-18,5.059002242127451,5.293727427889438,5.056024968744003,5.267178535461426,574588000
2019-11-19,5.236162195523095,5.259733810842297,5.10267142478321,5.160732269287109,414564000
2019-11-20,5.137905552880523,5.32350216574159,5.1252510770289295,5.239884376525879,472588000
2019-11-21,5.235419469967482,5.29099903524504,5.193486334907724,5.215073108673096,288388000
2019-11-22,5.237653889473887,5.284053186010345,5.209119661428024,5.232691764831543,224100000
2019-11-25,5.360473574841742,5.493716391664909,5.347571109090329,5.488753795623779,506476000
2019-11-26,5.4711371035358365,5.475851712081747,5.377842563094921,5.384294033050537,385244000
2019-11-27,5.42973343957815,5.4639994792560005,5.39273562678228,5.419055938720703,215784000
2019-11-29,5.388265940558016,5.4165725647475265,5.357972055708968,5.381809711456299,141556000
2019-12-02,5.374857125280522,5.388265925001773,5.18068101535842,5.195827484130859,372036000
2019-12-03,5.0125777583707425,5.160320379056722,4.975331771281079,5.156347751617432,465232000
2019-12-04,5.239777074208175,5.262124754628618,5.171492705638278,5.200047969818115,273424000
2019-12-05,5.221900073212716,5.237543357075451,5.1526220643241505,5.183164119720459,184884000
2019-12-06,5.252194284022518,5.30111093009585,5.2422617681542905,5.268333911895752,232236000
2019-12-09,5.245489883172307,5.322961801954157,5.236799168591819,5.268333911895752,211880000
2019-12-10,5.298378948189027,5.3649256652269965,5.245737847541008,5.313277721405029,256388000
2019-12-11,5.3237060196867665,5.402171084009661,5.321222891078075,5.396708011627197,233796000
2019-12-12,5.367905134665788,5.581945822911809,5.358966249624642,5.563819408416748,404348000
2019-12-13,5.566799639646705,5.6857388190319105,5.5079504769970145,5.561833381652832,454704000
2019-12-16,5.60925852527263,5.66289277086458,5.581199601512894,5.590635299682617,320976000
2019-12-17,5.609259353915085,5.691200706121203,5.599823654351449,5.668604850769043,321196000
2019-12-18,5.703368234873497,5.759237451477673,5.694925691278481,5.698898792266846,343548000
2019-12-19,5.733413606342329,5.860050342253355,5.7284473483987375,5.846641540527344,445360000
2019-12-20,5.912938697658913,5.9690560776033506,5.893819128514462,5.943728923797607,603044000
2019-12-23,5.972285029087965,6.00431658720451,5.919395756254453,5.930072784423828,355060000
2019-12-24,5.914677192066785,5.942239305321778,5.880410678591197,5.925106048583984,138864000
2019-12-26,5.928582504727154,5.96731846159525,5.909711104693334,5.939260005950928,182852000
2019-12-27,5.954405695747302,5.967814494817426,5.855331095356012,5.881651878356934,254644000
2019-12-30,5.859801344894404,5.865015772917134,5.73738589814169,5.768672466278076,258056000
2019-12-31,5.733413701629686,5.852104710968625,5.714294129198366,5.8426690101623535,231004000
2020-01-02,5.928336042088875,5.957139492034912,5.877929886281179,5.957139492034912,237536000
2020-01-03,5.837701493917199,5.905489527898822,5.812870682746855,5.86178731918335,205384000
2020-01-06,5.7686728146404915,5.891584610374977,5.742600672952375,5.8863701820373535,262636000
2020-01-07,5.914678168348962,6.003323936985491,5.869734620146879,5.957635402679443,314856000
2020-01-08,5.95341258476723,6.010026777884842,5.913435305232208,5.968807697296143,277108000
2020-01-09,6.054970904760999,6.106618845916107,5.980727107752627,6.034361362457275,255112000
2020-01-10,6.141382911321963,6.171676330159924,6.052488968749053,6.0666422843933105,316296000
2020-01-13,6.149575543562408,6.281923026165789,6.12697921604719,6.2568440437316895,319840000
2020-01-14,6.214135205399541,6.239462833086717,6.126979427600585,6.140140056610107,359088000
2020-01-15,6.152804323990373,6.17515201126615,6.07185611872183,6.09768009185791,263104000
2020-01-16,6.151065616620908,6.187070273217819,6.127724774613784,6.181110858917236,284192000
2020-01-17,6.200230072148521,6.207679457997126,6.1423745488552575,6.189801216125488,253792000
2020-01-21,6.153299405091713,6.190049040692616,6.1225091826587485,6.156527519226074,217916000
2020-01-22,6.201721310324639,6.296822835062308,6.182849907874976,6.21041202545166,239240000
2020-01-23,6.250388957043602,6.287138126517481,6.161743200933652,6.278695583343506,244516000
2020-01-24,6.393909849337127,6.443571474503476,6.165467226066961,6.219598293304443,373512000
2020-01-27,5.91566936319543,6.015240772317174,5.766436808495874,5.9643378257751465,470536000
2020-01-28,6.030139760177138,6.1895530171885635,5.977001849970545,6.157273292541504,310976000
2020-01-29,6.142871972143197,6.1788766302299125,6.057205684032846,6.096935272216797,258848000
2020-01-30,5.9993496142246245,6.117047448911372,5.944474034228208,6.103638648986816,290504000
2020-01-31,6.057949635579352,6.069868462638404,5.829010687452668,5.870726108551025,370420000
2020-02-03,5.85260089433316,5.986935186573986,5.846393308772589,5.967567443847656,255564000
2020-02-04,6.109102012462837,6.155535525631463,6.059192213756811,6.136415481567383,271544000
2020-02-05,6.257093118185327,6.267273804534784,6.143368372698854,6.226551532745361,208220000
2020-02-06,6.260817085167685,6.313209533691406,6.1798688956538586,6.313209533691406,218284000
2020-02-07,6.273233532588743,6.295333049251141,6.221833756661078,6.247161388397217,189752000
2020-02-10,6.269756297361858,6.5304786470167295,6.26479004009398,6.529734134674072,529608000
2020-02-11,6.637747932218731,6.766370970308543,6.575919305118348,6.6519012451171875,638556000
2020-02-12,6.704542714595026,6.773820731779094,6.66580675646444,6.767364501953125,374644000
2020-02-13,6.709510014197988,6.790706399592257,6.682196065816272,6.723663330078125,528016000
2020-02-14,7.132871241875488,7.324316034279077,7.1015846769682796,7.195693016052246,1041924000
2020-02-18,7.0926467000611995,7.382421632395123,7.073278958095728,7.364046573638916,620164000
2020-02-19,7.486213518147479,7.831857176120988,7.486213518147479,7.814227104187012,694332000
2020-02-20,7.766304072638066,7.854453011250892,7.358583618194485,7.665243148803711,810052000
2020-02-21,7.553256665361849,7.578335650197736,7.21729687382683,7.301969528198242,768180000
2020-02-24,6.709012959273748,6.999036101511777,6.654633708905705,6.785739898681641,856916000
2020-02-25,6.8607273723321756,6.9225559983296225,6.405332082047458,6.506889820098877,1055496000
2020-02-26,6.507138012452967,6.839621511425255,6.505648514112078,6.645941734313965,747732000
2020-02-27,6.3331371030939225,6.6337688114067115,6.183815236866364,6.275992393493652,906416000
2020-02-28,6.024056430486508,6.7694234632079855,6.007410040360973,6.710042476654053,1133252000
2020-03-02,6.879738703863825,6.896882208415457,6.484694089276187,6.868061065673828,890744000
2020-03-03,6.92371612752799,6.983345447200676,6.520969308117952,6.606189727783203,652792000
2020-03-04,6.713272817524511,7.0782541898391145,6.638735826633761,7.068812847137451,597408000
2020-03-05,6.869801250527407,7.036266618537501,6.745573378098731,6.7900471687316895,540328000
2020-03-06,6.610909484146133,6.668302976848197,6.410157130141035,6.609915733337402,515412000
2020-03-09,5.96045217762715,6.444940981492417,5.917718051294053,6.09809684753418,614160000
2020-03-10,6.373881985811504,6.48668098449707,6.111761635809377,6.48668098449707,580648000
2020-03-11,6.347048975596242,6.3753730040323875,6.026789699293367,6.123687267303467,499964000
2020-03-12,5.601683509592118,5.86653734889985,5.36167534133843,5.374346733093262,816540000
2020-03-13,5.726903790319086,5.988279202422606,5.456335828036192,5.98380708694458,634836000
2020-03-16,5.2774487368082355,5.6175850257486974,4.820041769777359,4.879671096801758,726972000
2020-03-17,4.991724142434878,5.487393549135659,4.745504698988345,5.398197650909424,833632000
2020-03-18,4.971599051150128,5.216079295688167,4.4890981795830935,5.039178848266602,874268000
2020-03-19,5.017811170475434,5.384780539879821,4.804885019488233,5.291361331939697,765512000
2020-03-20,5.441180167876771,5.72243203505823,5.096572300669886,5.111976623535156,804636000
2020-03-23,5.11098266460325,5.378569879183568,4.932343026928404,5.284404754638672,643876000
2020-03-24,5.689635534109391,6.277482011070205,5.666032412800152,6.191019058227539,1101644000
2020-03-25,6.305805593471,6.505067080541429,6.053871523402629,6.102569103240967,793432000
2020-03-26,6.309285031074328,6.515006644099514,6.211393690193772,6.391275882720947,696108000
2020-03-27,6.211392945580001,6.53736691560444,6.178596798409605,6.279221534729004,638828000
2020-03-30,6.344565416561682,6.60792883445587,6.3005887404953445,6.598735809326172,602252000
2020-03-31,6.638735812991768,6.842469875227869,6.403945263646195,6.549292087554932,949960000
2020-04-01,6.351771317564638,6.497863134076744,5.994740340164623,6.03921365737915,656912000
2020-04-02,6.068280746680098,6.360464739134366,6.020329082949919,6.347296714782715,675764000
2020-04-03,6.309780672048575,6.351272726729449,5.922935360375219,6.060082912445068,663212000
2020-04-06,6.341583727049638,6.705323069101554,6.284190233065796,6.668551445007324,727884000
2020-04-07,6.889676590192596,6.913280185472903,6.392765179884151,6.435748100280762,784520000
2020-04-08,6.544571154388917,6.65737015384119,6.474755072203678,6.632524490356445,542444000
2020-04-09,6.75799563614717,6.780853326872135,6.47028368318691,6.533143043518066,525564000
2020-04-13,6.473514021643792,6.71327383532628,6.385312352581156,6.704577922821045,398408000
2020-04-14,6.832533575246531,7.088939823782434,6.804954970014636,7.054901599884033,530948000
2020-04-15,6.8871921794394515,7.060365936147796,6.841973436906401,6.977630138397217,366148000
2020-04-16,7.132667896610643,7.4288270178174205,7.119499866635537,7.321990966796875,745620000
2020-04-17,7.4039809765502635,7.425348280462446,7.129189174090118,7.2628583908081055,539120000
2020-04-20,7.136641245852962,7.292174366409352,7.08769535135848,7.131920337677002,449388000
2020-04-21,7.014153273806916,7.075272975745173,6.636500486196766,6.69612979888916,735160000
2020-04-22,6.887937472455997,7.152294614390537,6.842470411605959,7.109560012817383,483356000
2020-04-23,7.1515491508620865,7.28323037195008,7.031296300850552,7.056390285491943,424160000
2020-04-24,7.04620405491623,7.197016283498686,6.971667057923223,7.195028781890869,352328000
2020-04-27,7.3291959080035864,7.540631698077307,7.304598558829222,7.381123065948486,479388000
2020-04-28,7.5282088970585805,7.558023795022882,7.233540652145725,7.239006519317627,442904000
2020-04-29,7.373419918837021,7.46808167070093,7.298386285060615,7.415409088134766,379160000
2020-04-30,7.361494217734316,7.4154093460717885,7.247950249284272,7.261863708496094,375916000
2020-05-01,7.064837231995706,7.1778845491023535,6.977629328735813,7.025829792022705,342096000
2020-05-04,6.9786235872010405,7.250931203108053,6.9786235872010405,7.2372660636901855,317556000
2020-05-05,7.341121062746931,7.460379689479762,7.237266284339808,7.29813814163208,368896000
2020-05-06,7.37739587501728,7.503362917200423,7.339630499507867,7.3987627029418945,323464000
2020-05-07,7.537650366405477,7.637778003139427,7.486468637437542,7.574670314788818,373732000
2020-05-08,7.646224657266343,7.770452516763413,7.612434759096941,7.7642412185668945,339216000
2020-05-11,7.759272663656854,8.062388970419114,7.730700310360557,8.015679359436035,469060000
2020-05-12,8.073319236258097,8.122016340245983,7.744612362664973,7.754302024841309,493060000
2020-05-13,7.868592632588932,8.02859789180375,7.547836208662022,7.731942176818848,625852000
2020-05-14,7.793311639813385,7.986361863355957,7.640014298285512,7.98089599609375,602312000
2020-05-15,7.841012401949906,8.447989319934127,7.8253597631626945,8.438300132751465,987660000
2020-05-18,8.706386193673236,8.861422715441426,8.626880430887004,8.696199417114258,774460000
2020-05-19,8.735950260536658,9.031363868480941,8.708619983245251,8.751106262207031,717320000
2020-05-20,8.935459111696986,8.987137932047638,8.833840652951878,8.914588928222656,587536000
2020-05-21,8.995587993509218,8.996581270452394,8.683527484566827,8.721044540405273,761068000
2020-05-22,8.770734713042978,9.036831514550855,8.65942703996952,8.97049331665039,1038764000
2020-05-26,9.100187815628933,9.125033957478843,8.618432356392493,8.663899421691895,770780000
2020-05-27,8.571721934524938,8.579423621709141,7.947352618383713,8.472588539123535,1175892000
2020-05-28,8.360286872605021,8.706386109655163,8.327490722077602,8.434576034545898,734896000
2020-05-29,8.50165488848995,8.820672035217285,8.432584249513795,8.820672035217285,745256000
2020-06-01,8.778683763704354,8.786137130114783,8.63582157154475,8.751850128173828,389876000
2020-06-02,8.741914591556846,8.78266074460048,8.604518233665114,8.770734786987305,391320000
2020-06-03,8.76775582766167,8.811483716127622,8.64626040545039,8.715331077575684,365440000
2020-06-04,8.67804533176041,8.892063372207687,8.62783444992384,8.716325759887695,424280000
2020-06-05,8.74416371287131,8.945504066976902,8.658158641672431,8.868945121765137,481748000
2020-06-08,8.826439266640982,8.838867531118344,8.636035637772176,8.754603385925293,387736000
2020-06-09,8.749633194746389,9.057609939303413,8.701162292308348,8.994224548339844,468488000
2020-06-10,9.11527853442806,9.44562653759529,9.10110934363464,9.313138961791992,632180000
2020-06-11,9.097631494473028,9.208244702326745,8.735715402553208,8.745906829833984,583652000
2020-06-12,9.110055503157145,9.134663594854963,8.653433738749419,8.88137149810791,570908000
2020-06-15,8.76479584104821,9.129694925278905,8.693704301366452,9.121243476867676,400004000
2020-06-16,9.17220189162035,9.213712893600825,8.788162066934026,9.016596794128418,535716000
2020-06-17,9.061585161810198,9.245774160091079,9.018333252047503,9.183135032653809,408304000
2020-06-18,9.174187646326033,9.229370011265214,9.062331373041776,9.165239334106445,254408000
2020-06-19,9.18959858782948,9.390938922555518,9.174435670130153,9.208240509033203,524160000
2020-06-22,9.246771661468518,9.476697912993025,9.220174203686891,9.472223281860352,398468000
2020-06-23,9.496335851720122,9.587312445139947,9.353657775615257,9.395914077758789,375108000
2020-06-24,9.422009526009353,9.501800926783156,9.092158480480832,9.182638168334961,449372000
2020-06-25,9.302201948489339,9.450597738483603,9.129694924322715,9.435683250427246,376072000
2020-06-26,9.445624728572614,9.445624728572614,9.0727711208658,9.102599143981934,592084000
2020-06-29,9.117265272317514,9.151816358411867,8.849058649941636,9.14734172821045,342248000
2020-06-30,9.260688628625926,9.471723508714437,9.213460850621935,9.443387031555176,367892000
2020-07-01,9.466257584270018,9.520943092607503,9.359124357158036,9.475454330444336,326648000
2020-07-02,9.583830317693366,9.681766795044908,9.52342801780693,9.557233810424805,364056000
2020-07-06,9.685992386533162,9.852036371881187,9.656909656197096,9.782934188842773,315892000
2020-07-07,9.889320247098922,10.012361669196572,9.79436687152817,9.81524658203125,357800000
2020-07-08,9.936550928389142,10.16647813998509,9.908462873664314,10.1575288772583,365480000
2020-07-09,10.320837695475568,10.509501363844844,10.174927184561719,10.448850631713867,494548000
2020-07-10,10.528144672391011,10.594263768223163,10.319346579441985,10.419271469116211,497676000
2020-07-13,10.534359608582058,10.73048006085884,9.967621368178744,9.994715690612793,457076000
2020-07-14,10.01733260465022,10.343206836594302,9.729489407314276,10.317604064941406,542676000
2020-07-15,10.354646445772193,10.373288375236228,9.99819777260471,10.168716430664062,403984000
2020-07-16,9.957680388870466,10.148332500176572,9.838864177081126,10.07674503326416,344964000
2020-07-17,10.166973074910793,10.189841196144675,10.0300118318398,10.143110275268555,266284000
2020-07-20,10.21544491768399,10.470973936765288,10.098617130568732,10.450591087341309,284852000
2020-07-21,10.452829106890468,10.499560985576702,10.22787433658931,10.26938533782959,277036000
2020-07-22,10.308160418707741,10.541815020884213,10.232595203292092,10.379002571105957,367292000
2020-07-23,10.390187215275384,10.486632138396008,9.97383420149178,10.071770668029785,411660000
2020-07-24,9.818475397082876,10.305421971950022,9.721036774904764,10.136146545410156,473292000
2020-07-27,10.17368489136173,10.381985159654809,10.15926726913902,10.361851692199707,292132000
2020-07-28,10.31487394684012,10.322579150159058,10.150818353408443,10.157032012939453,271636000
2020-07-29,10.331278432812663,10.456059859977755,10.287779025754707,10.405600547790527,284508000
2020-07-30,10.315616995996077,10.562197671691823,10.23632339743743,10.55324935913086,308880000
2020-07-31,10.502789580184212,10.704877134724839,10.373285104214844,10.553995132446289,386080000
