Date,Open,High,Low,Close,Volume
2016-04-01,20.651218281565686,20.943109413953668,20.51986894219918,20.93581199645996,23026400
2016-04-04,20.891632294476345,20.921087512886412,20.626528305940294,20.722259521484375,17890000
2016-04-05,20.35405136970124,20.493967459277123,20.22149943268919,20.30986785888672,24245700
2016-04-06,20.398236918290163,20.648612494958797,20.339325100519222,20.619155883789062,20395800
2016-04-07,20.54551536629011,20.54551536629011,20.273048741039677,20.324596405029297,17016800
2016-04-08,20.405597947749524,20.582334790744326,20.309866778648384,20.390871047973633,14495600
2016-04-11,20.53079115470174,20.75171156458123,20.331964611749612,20.33932876586914,18762900
2016-04-12,19.985848639510046,20.36877607779527,19.84593397921094,20.354047775268555,27741400
2016-04-13,20.589694851341605,20.82534347639247,20.412959435979626,20.788522720336914,25433300
2016-04-14,20.898980508083262,20.913708809327666,20.692789908934053,20.80324935913086,15049100
2016-04-15,20.692795302118423,20.714886355174528,20.420327276355774,20.545515060424805,23804400
2016-04-18,20.54551325155209,20.803252949539704,20.47187313718872,20.759069442749023,15762900
2016-04-19,20.862165451049805,20.943169719989122,20.766434282404756,20.862165451049805,20307700
2016-04-20,20.913715842439156,21.119907915497187,20.810620508194436,20.943172454833984,19937800
2016-04-21,20.92844082635445,20.994716789153255,20.736977089887713,20.795888900756836,17339900
2016-04-22,20.84007565216611,21.024175265363933,20.670704345120573,20.729616165161133,23147600
2016-04-25,20.70015571494004,20.82534347639247,20.604423153763825,20.788522720336914,16434800
2016-04-26,20.81798478050667,20.979991935900188,20.781164014802282,20.950536727905273,18151500
2016-04-27,20.94316576360574,21.097808715565236,20.847433208477174,21.090444564819336,20931000
2016-04-28,20.950537187834026,21.053632524932382,20.464514306415182,20.58970069885254,29616200
2016-04-29,20.41295875237532,20.493963008416582,19.985847828411888,20.243587493896484,33890100
2016-05-02,20.236219051335418,20.265675648946388,20.030028486330156,20.155216217041016,27361700
2016-05-03,20.00058206211984,20.022674521565513,19.595563470929353,19.7796630859375,35319600
2016-05-04,19.735477543159714,19.75020584899123,19.352551423520122,19.470375061035156,32850800
2016-05-05,19.485100187512515,19.566104457639096,19.301000595092773,19.301000595092773,23082200
2016-05-06,19.286274140146475,19.5440138563944,19.00644196665383,19.536649703979492,25625300
2016-05-09,19.529281494024527,19.64710509904627,19.433548937089256,19.52191734313965,16990400
2016-05-10,19.63974612267321,19.956397671310846,19.521922486608304,19.904850006103516,22642500
2016-05-11,19.949033468105995,19.963761773719046,19.64711022588109,19.66183853149414,19326100
2016-05-12,19.74284295790157,19.74284295790157,19.448283845287794,19.639747619628906,19681900
2016-05-13,19.55137660424085,19.801752168073868,19.485100637075142,19.536649703979492,20865100
2016-05-16,19.566109046334365,19.97112908738521,19.558744892362302,19.860668182373047,20885900
2016-05-17,19.8091148417131,19.92693846241902,19.551375144705776,19.625015258789062,25921300
2016-05-18,19.59556040013636,19.85329869710308,19.507191980770358,19.676563262939453,32345500
2016-05-19,20.611790968818244,20.832711330716528,20.17731580211028,20.30250358581543,50174600
2016-05-20,20.346685608129732,20.72961308375646,20.339322860716624,20.597061157226562,32703000
2016-05-23,20.457146621995477,20.803253340061616,20.457146621995477,20.574970245361328,19850000
2016-05-24,20.62651887734752,21.046265730946295,20.62651887734752,20.965261459350586,26514800
2016-05-25,21.04626861392106,21.355556033345362,21.002085098165775,21.29664421081543,25696800
2016-05-26,21.252454741897196,21.385006656601725,21.208269833950187,21.281909942626953,19366300
2016-05-27,21.318736670977394,21.385012646894648,21.200913025917533,21.29664421081543,16673300
2016-05-31,21.20827442939746,21.414466497456825,21.178819222285295,21.39237403869629,28606300
2016-06-01,21.237726439248192,21.385006656601725,21.208269833950187,21.281909942626953,22268700
2016-06-02,21.340828632827026,21.466016436590415,21.296645115195446,21.41446876525879,19538200
2016-06-03,21.45128631591797,21.510198135969837,21.281915008839917,21.45128631591797,18677700
2016-06-06,21.40709532314385,21.65747082203415,21.399731172639065,21.429187774658203,16167100
2016-06-07,21.281916689122188,21.613296580932925,21.223004864419025,21.4071044921875,21566600
2016-06-08,21.42182932388822,21.554381259106425,21.399736866495697,21.458648681640625,17772900
2016-06-09,21.333460898886596,21.495469443961497,21.230365573525088,21.458648681640625,18349900
2016-06-10,21.200911941353713,21.377647399902344,21.186183635332515,21.377647399902344,18244200
2016-06-13,21.333455452657297,21.49546395637296,21.222996003030868,21.23772430419922,17137000
2016-06-14,21.105174749885236,21.35555027931857,21.08308229567585,21.326093673706055,19279700
2016-06-15,20.97998902780292,21.252457037973418,20.92107721541043,21.09781265258789,30738600
2016-06-16,20.898986386319542,21.296642204358022,20.89162363819454,21.259822845458984,17504100
2016-06-17,21.26718034450333,21.3555487504462,21.127265691565345,21.318729400634766,32333500
2016-06-20,21.385007859201778,21.517558376792124,21.193544127702395,21.208271026611328,22100800
2016-06-21,21.333458936778467,21.355551392139073,21.156723507598617,21.186180114746094,19098600
2016-06-22,21.2598234530781,21.414466450356073,21.119907357039537,21.149362564086914,18273300
2016-06-23,21.377642482851034,21.524921295481814,21.3260934236336,21.51755714416504,19415600
2016-06-24,20.736983805145755,21.038907109192877,20.39824113409535,20.435060501098633,44408900
2016-06-27,20.23623173925611,20.287779412827316,19.978491966831317,20.11104393005371,29973100
2016-06-28,20.287778803996613,20.50869920426043,20.250959439570337,20.464515686035156,24646900
2016-06-29,20.71488487526732,20.862165106438983,20.54551359261777,20.810617446899414,25593000
2016-06-30,20.898990897845213,21.127275466918945,20.670707733340294,21.127275466918945,25184400
2016-07-01,21.193544127702395,21.304003594645184,21.053628053805095,21.208271026611328,20901300
2016-07-05,20.977906513354423,21.267719155265766,20.97047527460143,21.052217483520508,22116900
2016-07-06,21.141393675957836,21.37918767747076,20.933323215951997,21.342031478881836,24844000
2016-07-07,21.342032966305936,21.475792455820283,21.26029215844151,21.356895446777344,17394900
2016-07-08,21.483221311076974,21.75817149981753,21.460927592844826,21.743309020996094,24647400
2016-07-11,21.802764406578774,22.070283440419928,21.743315889876786,21.869644165039062,22045200
2016-07-12,22.085135873225397,22.099998350932083,21.936515348250214,22.003395080566406,22157500
2016-07-13,22.08513769334583,22.166879910105393,21.98110317555293,22.107431411743164,18038100
2016-07-14,22.174307114864668,22.285772851841696,22.025685187319468,22.114858627319336,19332200
2016-07-15,22.241190840243483,22.25605331914353,22.040551627184854,22.159448623657227,17800400
2016-07-18,22.107436593570977,22.293213371668212,22.100005352363368,22.226333618164062,17484900
2016-07-19,22.22632959387812,22.30064057513518,22.122295070536683,22.233760833740234,18516000
2016-07-20,22.32293595234309,22.805955240335148,22.278348509859505,22.761367797851562,50168800
2016-07-21,22.76879867088437,22.828247175872416,22.56816085240231,22.724212646484375,21582700
2016-07-22,22.813384310347537,22.939712550637484,22.694487309764533,22.82081413269043,19399600
2016-07-25,22.791092722118496,22.909989733817977,22.761367760511536,22.880266189575195,15174200
2016-07-26,22.887695051334585,23.14778278501514,22.82081530789204,22.9471435546875,21328200
2016-07-27,22.99916191642331,23.014022979032394,22.783660208904422,22.85797119140625,22723000
2016-07-28,22.776225922322133,22.843105655891396,22.568156899985688,22.679622650146484,22470500
2016-07-29,22.739069023803648,22.8059487511349,22.642464343274604,22.68705177307129,23807200
2016-08-01,22.813378175429413,22.850532946608514,22.560721762793268,22.835670471191406,22438700
2016-08-02,22.902561155492545,22.902561155492545,22.590456109162872,22.75394058227539,24485200
2016-08-03,22.672195276952035,22.843109550831826,22.672195276952035,22.8282470703125,15962500
2016-08-04,22.87283615562547,22.969439451215177,22.82081747006951,22.887697219848633,18586500
2016-08-05,22.96200600266633,23.08833424928464,22.80595421309531,23.066041946411133,18873300
2016-08-08,23.03631570857509,23.177506427521838,22.932281187963824,23.043746948242188,19019900
2016-08-09,23.11805605837799,23.222090570577723,22.91741685568086,22.991727828979492,19159500
2016-08-10,23.043747466486593,23.132919509769106,22.84310824305482,22.924850463867188,16684300
2016-08-11,22.999160766601562,23.051178026543056,22.93228102742992,22.999160766601562,24020900
2016-08-12,22.97686730554226,23.028884566067354,22.887693846524922,22.939712524414062,13430600
2016-08-15,23.02146177370678,23.21466982466875,22.954582009244383,23.177515029907227,21944700
2016-08-16,23.19980166730109,23.20723290790932,23.02145614479631,23.125492095947266,23399700
2016-08-17,23.014023824711618,23.014023824711618,22.538435787006406,22.8282470703125,55071200
2016-08-18,22.597883174519524,22.791091159626436,22.337795447746213,22.649900436401367,48710500
2016-08-19,22.568156899985688,22.776225922322133,22.471552210446127,22.679622650146484,25131300
2016-08-22,22.62017848207942,22.872834986696347,22.568161216546088,22.761367797851562,28680000
2016-08-23,22.909986195988385,23.080900446742767,22.880262656335603,23.021451950073242,23493600
2016-08-24,23.021453598682633,23.18493803925422,22.999161296687646,23.080902099609375,24474700
2016-08-25,23.08090391678148,23.326129179581514,23.051180372659992,23.251819610595703,22917100
2016-08-26,23.288970738334474,23.526764723425497,23.17750498499355,23.296401977539062,21106200
2016-08-29,23.355855617982556,23.556494868605757,23.340993136299886,23.467321395874023,21101700
2016-08-30,23.4896107188654,23.526765498748823,23.340988764603704,23.437593460083008,17794800
2016-08-31,23.37071630496793,23.467319593758322,23.22209433428286,23.363285064697266,20418800
2016-09-01,23.34842437714122,23.51190742355776,23.22952735840842,23.467321395874023,15980500
2016-09-02,23.51933576145552,23.742268707086566,23.51933576145552,23.653095245361328,18156500
2016-09-06,23.727403476117402,23.734834715179886,23.556489229772126,23.682817459106445,17656500
2016-09-07,23.623380661010742,23.727415224669997,23.593655690042596,23.623380661010742,14050500
2016-09-08,23.571352993946032,23.593646713690354,23.34842146595916,23.385576248168945,19913700
2016-09-09,23.14035074960333,23.28897271155962,22.924850463867188,22.924850463867188,25450500
2016-09-12,22.746506295873278,23.407871088957123,22.73907505560261,23.363285064697266,22612500
2016-09-13,23.22952406060826,23.296403801321354,22.962005097755892,23.080902099609375,23617900
2016-09-14,23.043745249739477,23.207228258273503,22.895123302080222,23.036314010620117,24262900
2016-09-15,22.761364911294383,23.32612635485342,22.746503849715356,23.266677856445312,25554500
2016-09-16,23.125487974096654,23.140349035300073,22.81338301100133,22.917417526245117,37416300
2016-09-19,22.924853533842057,23.22209608019571,22.902559811353935,23.05118179321289,16833500
2016-09-20,23.095765647791392,23.199800174885706,23.066042104634786,23.110628128051758,15878900
2016-09-21,23.11806006574196,23.31869788585442,23.014024118144356,23.303836822509766,21169400
2016-09-22,23.40787072296948,23.630802258147344,23.400439482815,23.52676773071289,20261900
2016-09-23,23.563923573215718,23.630803320247853,23.266681040497446,23.28897476196289,20442200
2016-09-26,23.110626849039562,23.15521286998901,22.880264087209355,23.088333129882812,20361500
2016-09-27,23.103194127464963,23.489610063879322,23.006589434679395,23.39300537109375,18045400
2016-09-28,23.363292836640742,23.474758643052258,23.303844312063628,23.407878875732422,15841000
2016-09-29,23.415299553947474,23.459885572922808,23.222091581902365,23.326126098632812,15417100
2016-09-30,23.489611204099994,23.630800504464812,23.45245500608502,23.571352005004883,30380600
2016-10-03,23.45896459256307,23.661261982748066,23.376548248807442,23.601322174072266,14070500
2016-10-04,23.571355643327948,23.69872793748975,23.33908902306043,23.48893928527832,18460400
2016-10-05,23.5338934441487,23.73619086642663,23.5338934441487,23.668758392333984,11808600
2016-10-06,23.653770509977402,23.698725011461132,23.384040642919352,23.58633804321289,14077100
2016-10-07,23.586338633064173,23.676249067357965,23.39902653827349,23.578845977783203,13073200
2016-10-10,23.631294564750007,23.73618888052787,23.55636944101816,23.578845977783203,12759400
2016-10-11,23.616310808202165,23.623803463976174,23.114314303967355,23.256671905517578,19412000
2016-10-12,22.87455056690434,22.94947425185194,22.432493966140605,22.732192993164062,36899900
2016-10-13,22.54488044732387,22.664760055605818,22.372553689053273,22.604820251464844,24286600
2016-10-14,22.739684576012614,22.889533367924837,22.597327008980024,22.61231231689453,20545100
2016-10-17,22.574850026498748,22.79213271345288,22.55237349272948,22.642282485961914,13957500
2016-10-18,22.99443721943883,22.99443721943883,22.799632434947917,22.807125091552734,14444900
2016-10-19,22.80712134257187,22.814613997945063,22.619809245475697,22.739688873291016,14830900
2016-10-20,22.68724435394068,22.754676831065886,22.507424891299486,22.597333908081055,17315300
2016-10-21,22.484943713652786,22.627301303831608,22.417511246151125,22.5898380279541,15140500
2016-10-24,22.732194500834968,22.852074119595148,22.702223881606034,22.82210350036621,14115300
2016-10-25,22.852072603973447,22.859565258283745,22.64977522482848,22.732192993164062,15257800
2016-10-26,22.919512252618333,23.12180969521588,22.71721481002079,22.889541625976562,18008600
2016-10-27,22.927000627166947,22.979447784916275,22.74718118813589,22.762165069580078,16926200
2016-10-28,22.747181196513182,23.0768494536526,22.739688541249397,22.91950798034668,19946800
2016-10-31,22.732193935760094,23.054370939073593,22.71720862651813,22.9869384765625,23225400
2016-11-01,23.114306267468653,23.121798920637577,22.649771774537616,22.83708381652832,17542100
2016-11-02,22.799629665136692,22.98694177026719,22.649779409401113,22.7696590423584,19174000
2016-11-03,22.852069951382738,22.89702444294867,22.657265249160336,22.717205047607422,15937100
2016-11-04,22.462463405552064,22.852072859579277,22.200226218069222,22.61980628967285,18524000
2016-11-07,23.009415420633744,23.271652620721746,22.934491731246688,23.181743621826172,23061100
2016-11-08,23.181745326348334,23.376550077049497,23.024402423095214,23.226699829101562,19399800
2016-11-09,23.25667396833412,23.593834933602132,23.001929365734416,23.49643325805664,38564100
2016-11-10,23.53389155122474,23.796128770594688,23.084342236458813,23.226699829101562,38345000
2016-11-11,23.17425617658772,23.578849620724952,23.16676352014913,23.49643325805664,23150300
2016-11-14,23.54887409891929,23.728693517912436,23.48893429258824,23.50391960144043,22917600
2016-11-15,23.42899224065809,23.86355615217596,23.42899224065809,23.751169204711914,24160200
2016-11-16,23.691237542884274,23.893533546184194,23.60881975286108,23.65377426147461,27097100
2016-11-17,22.410017343150695,22.514911651611328,22.185243416712826,22.514911651611328,75252300
2016-11-18,22.559865168271372,22.747177229969868,22.484940057776452,22.61231231689453,38748600
2016-11-21,22.702223733335476,22.72470169761037,22.484942461655905,22.514911651611328,27481700
2016-11-22,22.537386631393723,22.619804393743138,22.36505988200638,22.395029067993164,26769300
2016-11-23,22.350074677393792,22.439985093923326,22.147777312010533,22.260164260864258,24496800
2016-11-25,22.177748443027706,22.589834408101613,22.14028517315341,22.544879913330078,17678900
2016-11-28,22.537390609591014,22.544883264679676,22.34258586451936,22.417510986328125,21468900
2016-11-29,22.43249444551185,22.552374058883,22.32010748661111,22.35007667541504,23553700
2016-11-30,22.29763011105542,22.439987691590925,22.237690302789588,22.34258460998535,26224900
2016-12-01,22.357569308982118,22.365061963445523,22.02789965798082,22.06536293029785,25996200
2016-12-02,21.960474226448156,22.14778636075889,21.818118033308288,21.91551971435547,27069500
2016-12-05,21.975458717011776,22.17775615746844,21.9454895197653,22.125308990478516,20865800
2016-12-06,22.042884883934818,22.170257151177843,21.90801996225659,21.975452423095703,27352100
2016-12-07,22.087847076267145,22.507427296342456,21.967967421696546,22.43999481201172,30180100
2016-12-08,22.55987446658232,22.72470863434734,22.417516840875404,22.43999481201172,21369900
2016-12-09,22.46246581189333,22.529898279586423,22.27515371920761,22.52240562438965,21362000
2016-12-12,22.53738779317154,22.62729821392183,22.49992595148755,22.604820251464844,17287800
2016-12-13,22.702225264930462,22.956969827587745,22.627301570448328,22.91950798034668,25052900
2016-12-14,22.926999238589705,23.279145440063004,22.784641655407825,22.82210350036621,27556000
2016-12-15,22.91950705130295,23.076848518231028,22.859567240700187,22.94947624206543,20914100
2016-12-16,23.00192575917047,23.016909640620174,22.679748728216968,22.91950798034668,45875500
2016-12-19,22.9644635296409,23.129299094802175,22.88204717613819,23.03938865661621,18178500
2016-12-20,23.099327280379743,23.12929790125446,22.822104753600055,22.897029876708984,17475200
2016-12-21,22.99443263944997,22.99443263944997,22.784642583535017,22.79213523864746,14488900
2016-12-22,22.77714900060059,22.83708880998068,22.664762036647645,22.82210350036621,12935800
2016-12-23,22.88204251980328,22.92699701520937,22.777146791752212,22.874549865722656,9167500
2016-12-27,22.95696785807857,23.091832783100756,22.92699866867239,22.9869384765625,14175500
2016-12-28,23.001925294562415,23.054372451271693,22.739688081938183,22.79213523864746,12022200
2016-12-29,22.75467246525667,22.889535964553534,22.724701846027735,22.82210350036621,10995600
2016-12-30,22.897027015249947,22.926997632379212,22.574850026498748,22.642282485961914,20190000
2017-01-03,22.754673466676618,22.89702962704573,22.634792413562764,22.88204574584961,22370600
2017-01-04,22.85181625595056,22.987839203405095,22.685566787588666,22.746021270751953,22281000
2017-01-05,22.74602789178329,22.94250537959279,22.723356913492157,22.798925399780273,18372500
2017-01-06,22.798918760056193,22.93494170749107,22.693123774872877,22.84425926208496,15923200
2017-01-09,22.836706934790104,22.91983240660759,22.73091192800339,22.806480407714844,17177800
2017-01-10,22.814030692877406,23.086075121973714,22.74601922526622,22.957609176635742,21046000
2017-01-11,22.919830719716202,22.980285210766162,22.69312673861604,22.7838077545166,22291300
2017-01-12,22.7838076176012,22.79136460910563,22.519318680341243,22.70068359375,18611100
2017-01-13,22.746025315322782,22.836706335517814,22.678013829502092,22.72335433959961,17136600
2017-01-17,22.670450285011565,22.85937070405333,22.54954133213271,22.662893295288086,21983500
2017-01-18,22.76113624782136,22.80647675184061,22.63267028530962,22.693124771118164,15724000
2017-01-19,22.67801116776441,22.814034123440656,22.609999689926283,22.65534019470215,16866000
2017-01-20,22.761135251879917,22.85937324651454,22.670452806460702,22.746021270751953,22754400
2017-01-23,22.77625128685622,22.897160271737235,22.7384677695867,22.87449073791504,17155300
2017-01-24,22.927387671653378,23.237217117917716,22.889604155318217,23.123865127563477,24934200
2017-01-25,23.456364306296546,23.463919856084466,23.161647417363877,23.199432373046875,23630500
2017-01-26,23.2447778343725,23.305232335005694,23.09364086211502,23.229663848876953,20116800
2017-01-27,23.244772706550076,23.411022186279297,23.146533263849747,23.411022186279297,18461900
2017-01-30,23.380793911341456,23.4261344130795,23.1465315294397,23.29766845703125,15481800
2017-01-31,23.18431586900605,23.343008341567558,23.108747407208345,23.214542388916016,16603100
2017-02-01,23.3127887638067,23.3127887638067,22.987845290257937,23.04829978942871,19504600
2017-02-02,23.191878432977035,23.622616894989356,23.07096944158231,23.562162399291992,27456700
2017-02-03,23.63016997815616,23.690624463852984,23.51681799764319,23.667953491210938,21288800
2017-02-06,23.645286017803542,23.66039855953154,23.516820044348616,23.652841567993164,16774200
2017-02-07,23.713296355810332,23.90977381422155,23.675512838994198,23.76619529724121,18420200
2017-02-08,23.773751248896556,23.841762733392855,23.615058745971055,23.630172729492188,20434300
2017-02-09,23.690629775080385,23.947561757230904,23.652844812205924,23.80398178100586,18706900
2017-02-10,23.788862002040037,23.902213980358454,23.60749854846085,23.811532974243164,21557700
2017-02-13,23.932439514248692,24.18181441777809,23.841757075988703,24.159143447875977,26518800
2017-02-14,24.106247721588286,24.416078567504883,24.008009727528314,24.416078567504883,31463500
2017-02-15,24.446311689758264,24.816597140308954,24.40097261442011,24.801483154296875,41169400
2017-02-16,25.133977248735754,25.670513557059014,25.1264216985667,25.39090919494629,50143700
2017-02-17,25.330456980087817,25.519377450211355,25.262445495535438,25.496707916259766,31841200
2017-02-21,25.458918154469952,25.85187302636469,25.436248623511656,25.791419982910156,26992700
2017-02-22,25.723408808838254,25.806534266922608,25.436248921646108,25.761192321777344,26632700
2017-02-23,25.904775515438843,25.904775515438843,25.655401978720928,25.723413467407227,17450100
2017-02-24,25.678063758552838,25.934995651245117,25.54204082226299,25.934995651245117,21137300
2017-02-27,25.851872555087088,25.934998010681767,25.783861080754818,25.88965606689453,15625400
2017-02-28,25.81409057716568,25.912330019860207,25.723409566900067,25.829204559326172,23093100
2017-03-01,25.904779161448847,26.0785856830659,25.829212111249497,26.02568817138672,22754200
2017-03-02,26.00300994710717,26.093690953595942,25.851873014494405,25.987895965576172,16137700
2017-03-03,26.010565275162396,26.025679256564768,25.866986775885657,25.912328720092773,14175000
2017-03-06,25.723407128499275,25.904769131838638,25.662951205588108,25.83675765991211,17605100
2017-03-07,25.69317955567701,25.8820999935864,25.685624006547364,25.844316482543945,21033700
2017-03-08,25.82920479784669,25.86698831224816,25.640284343141957,25.708295822143555,18686700
2017-03-09,25.72340514851544,25.776302635642548,25.594937763566147,25.746074676513672,17490200
2017-03-10,25.87454496832929,25.919884029419357,25.753636000927166,25.88965606689453,19038400
2017-03-13,25.85942547591397,25.94255091379298,25.693174600155945,25.768741607666016,16164800
2017-03-14,25.64784390305346,25.798980866987392,25.5722768624354,25.78386688232422,14578400
2017-03-15,25.74607674838925,25.957666713925054,25.73096276760854,25.874544143676758,14961700
2017-03-16,25.882103118523414,26.055909596461337,25.76874968901294,25.866989135742188,14521600
2017-03-17,25.95767014973209,25.98034256525266,25.83676117017973,25.866989135742188,26787200
2017-03-20,25.844318758357655,25.987897266041152,25.844318758357655,25.90477180480957,14974100
2017-03-21,26.033245141412483,26.048359127141687,25.526936708927224,25.602506637573242,21406000
2017-03-22,25.52692372439792,25.844311497872646,25.52692372439792,25.768741607666016,16646100
2017-03-23,25.75363822585323,25.88965830357174,25.62517081537267,25.662954330444336,16709300
2017-03-24,25.746078881477654,25.919885350810258,25.655397871977453,25.753637313842773,18125100
2017-03-27,25.557157674162696,25.715850156768447,25.504260179960777,25.685625076293945,17740600
2017-03-28,25.617614811040546,25.8518743299481,25.557158881840298,25.708295822143555,21179300
2017-03-29,25.693183936801297,25.730967454286485,25.428696431707387,25.496707916259766,16504100
2017-03-30,25.542046984162948,25.640286435782517,25.48159393272617,25.496707916259766,12801600
2017-03-31,25.481592545116932,25.60250152410395,25.436250596985257,25.54204559326172,14038500
2017-04-03,25.466484026797918,25.647846092844922,25.285119078052848,25.375802993774414,19367800
2017-04-04,25.34530573297279,25.474889359016835,25.101381218693756,25.467267990112305,18602600
2017-04-05,25.52825236153876,25.558740747103002,25.13187427110582,25.154741287231445,17572500
2017-04-06,25.154740452994123,25.368173683914367,25.07089085290126,25.215723037719727,15316800
2017-04-07,25.23096320186223,25.269078767331777,25.093755308038162,25.12424659729004,13942800
2017-04-10,25.124240866658027,25.322431293780255,25.05563693539398,25.162353515625,14824100
2017-04-11,25.185229591310716,25.215720881065653,24.880322509380203,25.0937557220459,18945800
2017-04-12,25.048018968519845,25.12424427679994,24.773603206216904,24.865074157714844,25455100
2017-04-13,24.933679163229375,25.040395762503117,24.712621688842773,24.712621688842773,16234900
2017-04-17,24.758359066895995,24.903188324549188,24.73549205458478,24.857454299926758,11961200
2017-04-18,24.81934582493788,24.948929460278908,24.735496221924375,24.9031925201416,13349600
2017-04-19,25.00228697486111,25.07089092898076,24.857457697412833,24.887948989868164,16373800
2017-04-20,24.99466472973138,25.116626987468923,24.941306423709303,25.025156021118164,11927500
2017-04-21,25.109009060160204,25.109009060160204,24.903197152969096,25.01753807067871,13877700
2017-04-24,25.337681404679184,25.429152359897806,25.25383181747493,25.3681697845459,15400500
2017-04-25,25.452020834733645,25.551116071471878,25.421529545305052,25.47488784790039,15058800
2017-04-26,25.596852207970578,25.63496486466396,25.43677439736347,25.459644317626953,17949700
2017-04-27,25.92462802467247,26.000856259520408,25.6273451782901,25.7264404296875,26639000
2017-04-28,25.825528649832307,25.977982170211387,25.665450854139298,25.97035789489746,20461700
2017-05-01,26.000849206163572,26.023716216509808,25.77217037927407,25.894132614135742,13577300
2017-05-02,25.96274477659823,26.099952697753903,25.863649520694697,26.099952697753906,15983600
2017-05-03,26.038962891927827,26.176170775064364,26.008471605051003,26.107566833496094,14432200
2017-05-04,26.16854962834271,26.29051186907127,25.970359169778057,26.054208755493164,13638500
2017-05-05,26.107568294618424,26.221909172901068,25.970360403802985,26.214284896850586,15091800
2017-05-08,26.267648981430725,26.374365607159156,26.031348712406334,26.138065338134766,13232700
2017-05-09,26.02371835691609,26.115189313633408,25.795039511218143,25.840776443481445,18855900
2017-05-10,25.84077901422831,25.84077901422831,25.596854500175983,25.71881675720215,17481400
2017-05-11,25.703569844539928,25.77979516099516,25.520625014114163,25.634965896606445,17515600
2017-05-12,25.612096843916444,25.62734248928635,25.2614557238372,25.497758865356445,20194300
2017-05-15,25.917006540261216,26.267647695578628,25.89413952381307,26.092327117919922,31531000
2017-05-16,26.09995306744511,26.168557028994684,25.939875218622767,26.145687103271484,18950000
2017-05-17,26.069459981880716,26.153309585552364,25.764552860858327,25.77979850769043,38787800
2017-05-18,23.70643336821873,24.01896179086937,23.149980464855844,23.91986656188965,85500500
2017-05-19,24.194284061920936,24.224775351145396,23.645453941022893,23.790283203125,39859200
2017-05-22,23.744551460556305,24.377231272499944,23.744551460556305,24.07994842529297,35085200
2017-05-23,24.262888179322168,24.29337946876096,24.02658650179034,24.209529876708984,29827500
2017-05-24,24.339120130232462,24.34674295421488,23.797911258721072,24.00372314453125,23446300
2017-05-25,24.0494510041492,24.156169052138672,23.9122445777134,23.96560287475586,21586500
2017-05-26,24.018963917405927,24.079945042983,23.904624488687013,24.011341094970703,16403100
2017-05-30,23.935115357882538,24.247643821696016,23.927492535118212,24.148550033569336,17108300
2017-05-31,24.224770641925556,24.308618763183624,23.988467558086654,24.034204483032227,30196700
2017-06-01,24.026591105285455,24.25527000427246,23.9884769861843,24.25527000427246,15525500
2017-06-02,24.339120838133457,24.43821609888202,24.14855459474551,24.377233505249023,20085200
2017-06-05,24.430585909521415,24.430585909521415,24.064699159684128,24.209529876708984,15976000
2017-06-06,24.20191196896944,24.209534792877086,24.011345732993306,24.05708122253418,16186600
2017-06-07,24.09518814086914,24.179036270983985,23.965603080977576,24.09518814086914,14948400
2017-06-08,24.034207021738084,24.247640211744493,24.026584200108633,24.09518814086914,21828600
2017-06-09,24.118053241479164,24.262883933157692,23.698808262399325,23.912242889404297,25376600
2017-06-12,23.889383762552637,24.118062667074614,23.744553014272707,23.82077980041504,25784400
2017-06-13,23.858882729017758,24.240015050273023,23.84363854113491,24.163789749145508,27781000
2017-06-14,24.293378207040952,24.36960351886963,23.88175454442389,24.087566375732422,24940400
2017-06-15,23.820779289020393,24.118062149297774,23.79791081749714,24.07232666015625,19328000
2017-06-16,24.095193200633,24.11806021641865,23.78266471772023,24.110437393188477,36367400
2017-06-19,24.217153718430406,24.407719923730163,24.072322995309257,24.384851455688477,18459200
2017-06-20,24.34674307666164,24.51444084340314,24.27051629035913,24.278139114379883,18190100
2017-06-21,24.18666773526168,24.29338582230314,24.01896996120379,24.270517349243164,20386100
2017-06-22,24.32387460459938,24.392478566881135,24.16379966187863,24.278139114379883,19436600
2017-06-23,24.278135258074297,24.621153561093497,24.201908483879546,24.461078643798828,25792200
2017-06-26,24.56017282732756,24.773606041183346,24.529681537402606,24.57541847229004,22175000
2017-06-27,24.461077198960208,24.590660817360963,24.209529876708984,24.209529876708984,23224200
2017-06-28,24.22477844929504,24.60590943601145,24.209532802733015,24.453458786010742,17732300
2017-06-29,24.232399021496388,24.415340947626667,23.82077532598902,23.942737579345703,27664500
2017-06-30,24.23240160989171,24.23240160989171,23.858890533447266,23.858890533447266,23604600
2017-07-03,23.69881434633863,24.118059433046707,23.653078862347982,23.881757736206055,14112100
2017-07-05,23.73557675604352,24.058719184735583,23.64324971892216,23.935617446899414,24270300
2017-07-06,23.843284224303837,23.866366344468283,23.5970808125021,23.635549545288086,20789100
2017-07-07,23.66632849104741,23.904837890867018,23.658634450087,23.7740421295166,15860600
2017-07-10,23.758655231297027,23.9202271645389,23.712492450722923,23.835594177246094,15528800
2017-07-11,23.889454695341865,23.943312993081005,23.74327228965846,23.920230865478516,12806000
2017-07-12,24.04332784837974,24.189511692594603,23.966388905767268,23.974082946777344,18586200
2017-07-13,24.05101605912166,24.066404137411546,23.91252628948853,24.0587100982666,15934200
2017-07-14,24.135653121918345,24.197203978045017,24.05871418488796,24.174121856689453,13573100
2017-07-17,24.235673904418945,24.343387541064573,24.197205167756433,24.235673904418945,16427500
2017-07-18,24.1664311086399,24.243370056152344,23.98177851510306,24.243370056152344,15530700
2017-07-19,24.24336439532599,24.65883226690003,24.20489419680838,24.543424606323242,21567900
2017-07-20,24.55112399759358,24.658837641945883,24.435716311860634,24.51265525817871,16389500
2017-07-21,24.51265676046217,24.643451069483923,24.397247600167912,24.497268676757812,13973800
2017-07-24,24.51265525817871,24.566512080354865,24.358777365542558,24.51265525817871,15504100
2017-07-25,24.54342966220933,24.81271523735268,24.528041579632376,24.71269416809082,14990000
2017-07-26,24.712697042735048,24.797330039264683,24.243372209451557,24.358779907226562,21941500
2017-07-27,24.412633431061785,24.428021513346124,24.012552096598768,24.289531707763672,21437400
2017-07-28,24.197203670848765,24.312611341185093,24.051019839095733,24.251060485839844,15771000
2017-07-31,24.26645140097993,24.30492013975598,24.13565563465771,24.197206497192383,19256400
2017-08-01,24.304917166414295,24.35877398110752,24.181815456404596,24.3510799407959,12962800
2017-08-02,24.28952922012257,24.28952922012257,24.04332579874156,24.251060485839844,15845600
2017-08-03,24.304921495773957,24.404941102664967,24.18181976383653,24.28183937072754,14420800
2017-08-04,24.36647019387777,24.55112277535552,24.29722529238758,24.466489791870117,16929500
2017-08-07,24.458799934985347,24.528043376678095,24.381860983951988,24.497268676757812,11877400
2017-08-08,24.42802119776796,24.620367821372433,24.312613517102932,24.366470336914062,15375700
2017-08-09,24.274142736316513,24.37416380001264,24.127960362434855,24.328001022338867,16131300
2017-08-10,24.281832890770602,24.281832890770602,23.850976943969727,23.850976943969727,23517400
2017-08-11,24.027936705660252,24.274140116667933,23.881754347554494,24.212589263916016,20756600
2017-08-14,24.381860983951988,24.535737418530275,24.281839907362087,24.497268676757812,21761600
2017-08-15,24.50496075509386,24.781938902136645,24.497266713858185,24.689613342285156,25251500
2017-08-16,24.69730207450615,24.981977153481637,24.666528849326678,24.881956100463867,29052000
2017-08-17,24.22798271675436,24.44341148290344,23.735575785543226,23.881759643554688,53288800
2017-08-18,23.85098294395768,23.89714572585569,23.358576023743222,23.366270065307617,34802200
2017-08-21,23.366270771393406,23.697105763729486,23.358576729596507,23.604780197143555,24198400
2017-08-22,23.7355677916186,24.10487286564834,23.65862886765709,24.0587100982666,24747200
2017-08-23,24.01255001476309,24.158733848813892,23.781734670462388,23.7894287109375,22436600
2017-08-24,23.812517443433318,24.15874055600631,23.774047230377267,24.0356388092041,22576100
2017-08-25,24.151040142551054,24.466488468955134,24.127959488294486,24.189510345458984,19558300
2017-08-28,24.31261366099958,24.358776440041154,24.16642981529826,24.266450881958008,12958900
2017-08-29,24.05102281671497,24.33569500762234,23.99716599505619,24.220287322998047,16362700
2017-08-30,24.212597121366443,24.77425048591906,24.174128376220683,24.61267852783203,22988700
2017-08-31,24.69730936961481,24.88196345011578,24.61267783916443,24.78194236755371,27800200
2017-09-01,24.789631642238778,24.889649764667137,24.643446342575892,24.851181030273438,14686600
2017-09-05,24.735776383007224,24.805021283262008,24.20489783606173,24.328001022338867,32475500
2017-09-06,24.42802057255289,24.55112229111,24.335693549890934,24.520347595214844,16962300
2017-09-07,24.589591136813826,24.59728517769377,24.4203266399198,24.435714721679688,14751700
2017-09-08,24.37416521415599,24.451104159734964,24.204899240384584,24.220287322998047,15339500
2017-09-11,24.397246779878394,24.85118496147554,24.36647208099282,24.766551971435547,22440800
2017-09-12,24.85118472925671,24.981981967635413,24.76655174000756,24.93581771850586,18923100
2017-09-13,24.881959449265157,24.920428187149042,24.5895917583898,24.75885772705078,22705100
2017-09-14,24.551124676771398,24.789635563704397,24.551124676771398,24.766551971435547,18194800
2017-09-15,24.774251202973826,25.005066615506134,24.712698860977365,24.95890235900879,29336100
2017-09-18,24.951205686155294,25.128164237868422,24.820408448381496,25.020450592041016,17290900
2017-09-19,24.97428808003218,25.120473410944868,24.92812676288243,24.997371673583984,12927700
2017-09-20,25.043528182493326,25.19740605839483,24.9204264687674,25.08199691772461,19865400
2017-09-21,25.17433126093728,25.312821087969983,25.00506526456908,25.15894317626953,19870000
2017-09-22,25.128163314433937,25.797528756746264,25.112775232027417,25.674427032470703,28234900
2017-09-25,25.628263904948472,26.03603778742006,25.543630925195558,25.94371223449707,32396900
2017-09-26,25.9744873046875,26.23607883567265,25.905242401339176,25.9744873046875,26138300
2017-09-27,25.9898771955845,26.097590844960052,25.620571997021123,25.759061813354492,22594600
2017-09-28,25.559018512193845,25.743669614468626,25.559018512193845,25.65903663635254,15496900
2017-09-29,25.62826630293109,25.905242987616187,25.574409480772044,25.874469757080078,14802700
2017-10-02,25.859081324789223,25.982183050199765,25.789836420809756,25.966794967651367,16555200
2017-10-03,25.94371545828037,26.082205272361897,25.859082468010904,26.043733596801758,13346900
2017-10-04,26.020450562742667,26.043733623947563,25.834203835133632,25.950607299804688,14652200
2017-10-05,26.059253740301696,26.129094040388306,25.92732626601551,26.067012786865234,14524800
2017-10-06,26.113578867195688,26.2144612854933,26.012693488559496,26.191181182861328,15464700
2017-10-09,26.20670228488319,26.299825655916045,26.082536803393186,26.19894027709961,8728400
2017-10-10,26.292067481833893,26.315347585280772,25.97389323992557,26.035974502563477,18011000
2017-10-11,25.904046165986642,26.098054893795897,25.803160798631115,26.067012786865234,12561400
2017-10-12,25.81092071533203,25.966128294879443,25.741077452552613,25.81092071533203,17905600
2017-10-13,25.919569999128885,26.051494527224722,25.8574857786095,25.973892211914062,13578800
2017-10-16,26.074771793614573,26.105813900497836,25.973889386751342,26.02821159362793,10509100
2017-10-17,26.06702046165005,26.129101733451403,25.96613506459133,26.074779510498047,9303100
2017-10-18,26.167901996219395,26.191182099666275,25.950610176140003,26.035974502563477,9971200
2017-10-19,26.00493148078978,26.29982560892865,25.95837127552583,26.191181182861328,13203100
2017-10-20,26.40070545831423,26.68783751854768,26.392943452170158,26.579193115234375,24361400
2017-10-23,26.734410326220598,26.912898047579482,26.594723768576422,26.65680503845215,22632000
2017-10-24,26.695606273634144,26.905133127087375,26.57919983474794,26.83529281616211,16280200
2017-10-25,26.95169531888145,26.95169531888145,26.509355603671406,26.618000030517578,17400900
2017-10-26,26.703367186169476,26.780969510620316,26.439515138562133,26.594722747802734,14616100
2017-10-27,26.50159467612671,26.866329088901463,26.45503151349363,26.718883514404297,20356600
2017-10-30,26.48607442128385,26.680083164269412,26.245502514259897,26.416231155395508,18345100
2017-10-31,26.369668961346612,26.571439719263143,26.354147906096216,26.501596450805664,13935100
2017-11-01,26.610244865989237,26.967220309241714,26.602482857031248,26.866334915161133,22051300
2017-11-02,26.812008757676356,26.881852026349726,26.509355580204623,26.54815673828125,19827600
2017-11-03,26.60247897545482,26.76544857606421,26.40847022455952,26.749927520751953,13414400
2017-11-06,26.67232892956846,26.819777511823354,26.586964584123912,26.703371047973633,12786900
2017-11-07,26.633514396639352,26.75767984761263,26.548150094031875,26.695598602294922,11332900
2017-11-08,26.625761130883525,26.77320671081543,26.47831259061312,26.77320671081543,13061300
2017-11-09,26.610236104195433,26.63351620272602,26.28429992307686,26.423986434936523,16785000
2017-11-10,26.431752173291486,26.45503227510904,26.12909604797087,26.377429962158203,19319400
2017-11-13,26.276552206509983,26.548163340935957,26.253272097941856,26.34639549255371,16441500
2017-11-14,26.276544623618822,26.5093545231338,26.229981459580433,26.416231155395508,17468500
2017-11-15,26.361902327264442,26.62575426991066,26.19117372898226,26.47054672241211,30829600
2017-11-16,27.9682988441608,28.457198705620094,27.805332223674366,27.844133377075195,61177100
2017-11-17,27.859651565551758,28.185584773007236,27.78980831247731,27.859651565551758,27988000
2017-11-20,27.882930107746027,28.356311801028813,27.882930107746027,28.32526969909668,26897800
2017-11-21,28.5192851283643,28.690013768958057,28.387360604515287,28.441682815551758,24146400
2017-11-22,28.480482963404846,28.496004017485415,28.216630964711893,28.286474227905273,17226400
2017-11-24,28.255435916935905,28.37960140592845,28.185592644356426,28.317520141601562,6155800
2017-11-27,28.333036518307992,28.783138238807545,28.325277470864954,28.612409591674805,20942200
2017-11-28,28.713297086463,29.33412453950795,28.697776030094523,29.279802322387695,30966600
2017-11-29,29.29532811791201,29.51261702154424,28.891789468066943,29.085798263549805,36788600
2017-11-30,29.194435005492537,29.334121538177932,28.946104049682617,28.946104049682617,30749500
2017-12-01,28.783134710576718,29.225474369072742,28.503761671455397,29.178911209106445,26920900
2017-12-04,29.341890325327014,29.48157689028768,29.13236047788601,29.27204704284668,29414400
2017-12-05,29.287562245939633,29.349643506655543,28.84521957177278,28.953866958618164,23288200
2017-12-06,29.00042532918096,29.272039338601196,28.90730196382982,29.03146743774414,16581800
2017-12-07,28.915057163294332,29.318595639904686,28.915057163294332,29.023704528808594,17092000
2017-12-08,29.1711549705745,29.248757284316618,29.039227484806684,29.186676025390625,14044400
2017-12-11,29.171142847385273,29.520359034771626,29.155621799019517,29.458274841308594,16749500
2017-12-12,29.326367430180802,29.566936418948515,29.14787971065221,29.419490814208984,16658600
2017-12-13,29.559164996722174,29.776453788608798,29.48932174785322,29.605728149414062,20199500
2017-12-14,29.644533970063467,29.69885617659923,29.37291997704643,29.411724090576172,16738300
2017-12-15,29.4970856350942,29.706615416095474,29.256516707541007,29.63677215576172,47167700
2017-12-18,29.861814498901367,30.17998860320612,29.72212801795417,29.861814498901367,21591400
2017-12-19,30.001508576457002,30.15671614573555,29.706614490861572,29.722135543823242,19695200
2017-12-20,29.86957850334272,30.11014737859535,29.652286762689805,30.063587188720703,18939500
2017-12-21,30.17224308287112,30.257607410638936,29.86958989194068,29.9006290435791,16387500
2017-12-22,29.89287094220235,30.063599603143473,29.854069781171773,29.91615104675293,11441600
2017-12-26,29.916136690343343,30.01702202888019,29.768691165049038,29.861814498901367,8186100
2017-12-27,29.908400524178678,29.993764878982656,29.838557230279033,29.923921585083008,10543000
2017-12-28,30.055845237795403,30.055845237795403,29.83855631249756,29.947200775146484,8807700
2017-12-29,29.807499854943355,29.970466470533662,29.722135543823242,29.722135543823242,12583600
2018-01-02,30.00927826191667,30.226570120078083,29.823031481023122,30.156726837158203,20135700
2018-01-03,30.048070240990196,30.482647860951914,29.90062172535632,30.39728355407715,29536000
2018-01-04,30.530197204708745,30.913291908076417,30.436379250128113,30.48328971862793,20731400
2018-01-05,30.921110532801695,31.179113650144544,30.780382101963625,30.905473709106445,24588200
2018-01-08,30.8976583533633,31.24165954482413,30.764746836431613,31.226022720336914,16582000
2018-01-09,31.108749380179976,31.241657907727795,30.913293557960827,31.03056526184082,21449800
2018-01-10,30.999287727009534,31.460563484517746,30.98365090680706,31.202560424804688,19473000
2018-01-11,31.382378375728788,31.437105753470743,31.077467847618344,31.351104736328125,21685600
2018-01-12,31.444928385053494,32.00002211173404,31.3120168972685,31.95311164855957,23770500
2018-01-16,31.976569048563796,32.17984176178745,31.5231101755298,31.695112228393555,32845000
2018-01-17,31.929667521218555,32.30494239234198,31.828029644949847,32.211124420166016,24427100
2018-01-18,32.24239533503094,32.430031263456726,32.07821016963424,32.289302825927734,19610200
2018-01-19,32.27366660765459,32.46130552202393,32.13293816748243,32.28148651123047,24582000
2018-01-22,32.2111245870565,32.570762634277344,32.07039613685364,32.570762634277344,22995100
2018-01-23,32.476933911096054,32.93820968242063,32.476933911096054,32.91475296020508,23984500
2018-01-24,32.99293532815948,33.37602697597959,32.84438703080935,32.969478607177734,26696200
2018-01-25,33.047662226232354,33.204027440025435,32.69584124080252,32.75838851928711,19207500
2018-01-26,32.95384383258718,33.274391174316406,32.797478620968896,33.274391174316406,23380400
2018-01-29,33.071126906994756,33.60276702034872,33.071126906994756,33.501129150390625,23625900
2018-01-30,33.376033166148936,33.508944668301474,32.81312245929878,33.03203201293945,28993900
2018-01-31,32.82094132866869,32.8443950729748,32.328391821306134,32.4769401550293,36512100
2018-02-01,32.125111507082664,32.922571432155685,31.796744252090964,32.60202407836914,26148500
2018-02-02,32.44567346415331,32.797494616272665,31.95312385118621,32.00003433227539,27224200
2018-02-05,31.95312392588907,32.37530930941932,30.27220527893092,30.31911277770996,52399600
2018-02-06,29.96729157904401,31.51530151314468,29.201102042317267,31.40584373474121,55171600
2018-02-07,31.515295951943315,32.21893508014127,31.296383416185275,31.53874969482422,32690800
2018-02-08,31.616936254799207,31.867119496549623,30.27220207599558,30.31129264831543,42982100
2018-02-09,30.491108319649445,31.210384315115874,29.88910402826863,30.905473709106445,51304200
2018-02-12,31.679488675426562,31.984399364178138,31.452759143947702,31.742033004760742,38210700
2018-02-13,31.66383898257961,32.29711683590196,31.4449294452222,32.23456954956055,30999100
2018-02-14,32.08602293093139,33.03984515002327,32.04693236974559,32.90693664550781,43835900
2018-02-15,35.23677966376819,35.283690140459896,33.821678265640216,34.46277618408203,72267500
2018-02-16,34.3142256521715,35.25241424945806,34.23604451173901,34.65822982788086,39267500
2018-02-20,34.40021783427193,34.93967472209324,34.25167251274917,34.44712829589844,29006900
2018-02-21,34.48622539264673,34.72858870094207,33.83731063803337,33.86076736450195,28499200
2018-02-22,34.001488712880125,34.05621609254471,33.42293829331647,33.57148361206055,25887600
2018-02-23,33.907677058994686,34.431500242064594,33.55585596326405,34.40022659301758,25781400
2018-02-26,34.63476358189477,35.53386136188554,34.50185508320003,35.463497161865234,27771100
2018-02-27,35.50259162188384,35.658956859376985,34.884950574116246,35.21331787109375,27419300
2018-02-28,35.39313880175954,35.877868380536846,35.01004409790039,35.01004409790039,26885200
2018-03-01,34.9318675355504,35.182050769092626,33.8920410479248,34.24386215209961,32154300
2018-03-02,33.84512412590845,34.572219877817226,33.69657582196712,34.44712829589844,28848100
2018-03-05,34.337678363678975,35.00222996701837,34.165679263423684,34.8067741394043,22101700
2018-03-06,34.908413823310426,35.01786861528901,34.50968224405198,34.626956939697266,21930000
2018-03-07,34.42368711990693,34.70514405193721,34.24386807609201,34.55659866333008,22034400
2018-03-08,34.59567431054337,34.720765894968366,34.3533080609118,34.666038513183594,20285600
2018-03-09,34.88496115373768,35.604240271375645,34.87714423158085,35.47132873535156,22230900
2018-03-12,35.596400840535516,35.86222078434946,35.49476599614938,35.612037658691406,18299800
2018-03-13,35.791869964581856,36.08896365569252,35.119501444793165,35.3071403503418,23411200
2018-03-14,35.44786566806389,35.77622999588704,35.252409858906596,35.40095520019531,21141100
2018-03-15,35.41659911732544,35.76060331909992,35.27587066794853,35.44005584716797,23520400
2018-03-16,35.44004746811926,35.651137109857395,35.15859063590994,35.18986129760742,56129000
2018-03-19,34.861499889872064,35.04131888491365,34.32204290474732,34.6113166809082,26734100
2018-03-20,34.783319844480324,34.900591549742956,34.54095354840018,34.68949890136719,22809700
2018-03-21,34.587850753717724,35.1038538132492,34.50184974672614,34.642578125,22528200
2018-03-22,34.21257542320181,34.41585108675688,33.63402803521516,33.673118591308594,29520800
2018-03-23,34.17349649037167,34.275134356718794,33.16494369506836,33.16494369506836,31759200
2018-03-26,33.81385048482411,34.525309416190716,33.48548620069425,34.44712829589844,29731900
2018-03-27,34.78331866343446,34.806772407206786,33.02421630245148,33.36821746826172,30942000
2018-03-28,33.23531132946453,33.49331448230964,32.53948898258347,32.570762634277344,36696800
2018-03-29,32.78966182057546,33.56366805094418,32.50820799195092,33.53239440917969,55021200
2018-04-02,33.24311943160988,33.329120452026125,31.687290110015955,32.062564849853516,36791800
2018-04-03,32.3205749548882,32.4456665620959,31.835845349760767,32.35184860229492,28003900
2018-04-04,31.831693456561947,32.74589895570697,31.674071196765656,32.470062255859375,30117600
2018-04-05,32.70649999972635,33.116316746032496,32.61192782946957,32.95869445800781,29331600
2018-04-06,32.627685471497294,32.84835483783997,31.878981970327242,32.09965133666992,32208700
2018-04-09,32.27303697257047,33.14783770688139,32.233632157034656,32.44641876220703,25725800
2018-04-10,33.1793666327137,33.660113298523555,32.90352986039428,33.50249099731445,22724400
2018-04-11,33.431555099050854,33.8098497564703,33.30545788204263,33.43943786621094,21693000
2018-04-12,33.71527445002943,34.39304811605459,33.675869633575715,34.1566162109375,22297000
2018-04-13,34.32211557630217,34.47185807614073,33.60493714956372,33.88865661621094,18272300
2018-04-16,33.98323180673266,34.39304851669373,33.91230193373181,34.125091552734375,15807900
2018-04-17,34.55855260370825,35.26785137583614,34.4482179072428,35.141754150390625,21474600
2018-04-18,35.15751246680508,35.401824120735206,34.91319780648032,35.173274993896484,17605300
2018-04-19,35.00777295765874,35.425472445329774,34.97625090717376,35.11811065673828,21472300
2018-04-20,35.070812513210626,35.2678395498017,34.377276502619736,34.74768829345703,23539200
2018-04-23,34.881670500806564,35.055055281225954,34.57430875834997,34.8737907409668,20716800
2018-04-24,35.01564875777261,35.393940345875095,34.14873091083703,34.47185516357422,21421500
2018-04-25,34.51914535684368,34.66888786842592,33.69163218515394,34.44821548461914,21706000
2018-04-26,34.66101671986128,35.06295379933016,34.23543734385745,34.842281341552734,20549300
2018-04-27,35.22055796922992,35.732829554054355,34.9604838000197,35.23632049560547,20077400
2018-04-30,35.401829174039676,35.606739049082364,34.897440260696236,34.90532302856445,19958500
2018-05-01,34.60582957679109,35.425462793997006,34.542782486602825,35.33089065551758,16865500
2018-05-02,35.39395003088831,35.504284731810316,34.51914917872793,34.566436767578125,23601600
2018-05-03,34.684657380657484,35.31514665154945,34.23543572930413,35.02354431152344,23750200
2018-05-04,34.68464866691688,35.85893148222549,34.59795927002387,35.70130920410156,19504100
2018-05-07,35.748596209446426,36.25298508614351,35.70130862485801,36.04019546508789,17822400
2018-05-08,36.111117890592205,36.1505226997576,35.7643513609848,36.0244255065918,20285300
2018-05-09,36.17416546156262,36.3317846872056,35.614606387511586,36.28450012207031,20438300
2018-05-10,36.252978532976165,36.544577735907524,35.99290137434424,36.489410400390625,18469400
2018-05-11,36.323915978815165,36.465775730165134,36.079601294513566,36.197818756103516,17551500
2018-05-14,36.055956787410594,36.434248432281635,35.99290667673472,36.01655197143555,22037700
2018-05-15,35.63038053431086,35.89833751426556,35.4097111413111,35.843170166015625,24753600
2018-05-16,35.74859900297162,35.89833852294387,35.47275924757633,35.59097671508789,31253700
2018-05-17,33.9911046208686,34.80285503587912,33.904412245208455,34.25117874145508,48210400
2018-05-18,34.2511881592184,34.337880558715625,33.97535143935883,34.054161071777344,24456000
2018-05-21,34.274837087671536,34.6294834775471,34.21966673145603,34.47974395751953,21785900
2018-05-22,34.51126700522275,34.605839169918646,34.26695232283053,34.40093231201172,16381800
2018-05-23,34.203898831035225,34.440330701842605,33.80196194490776,34.42456817626953,20638800
2018-05-24,34.36152910305368,34.65313141016005,33.89654497178155,34.337886810302734,18377500
2018-05-25,34.25117767341611,34.37727485051867,34.054150646293756,34.09355545043945,15362000
2018-05-29,33.69951569409119,34.01476027379522,33.510371351384876,33.865020751953125,25197400
2018-05-30,33.95171053611523,34.15661739260027,33.75468344063562,33.770442962646484,22498800
2018-05-31,33.778320285027505,33.991109874611475,33.5812932213084,33.66010284423828,31439600
2018-06-01,33.817732161912616,34.432455767102084,33.79408987137303,34.4088134765625,18352700
2018-06-04,34.28272166296284,34.54279892554482,34.05416946367484,34.34577178955078,18087700
2018-06-05,34.47185735698879,34.479737116944804,34.19601765621654,34.41668701171875,16728800
2018-06-06,34.487606442173195,34.9210682684659,34.40879684088011,34.88166046142578,17730200
2018-06-07,34.86591638082599,34.98413083509713,34.164497390679614,34.40093231201172,19722000
2018-06-08,34.29847757185518,34.46397961259816,34.132975531112194,34.26695251464844,18812400
2018-06-11,34.37727819367532,34.61371004793615,34.23541847984,34.43244552612305,15069000
2018-06-12,34.42456782233806,34.63735740579524,34.25906581511392,34.62947463989258,17564900
2018-06-13,34.69252555783619,35.0944594428942,34.55066583219351,34.68464279174805,24383200
2018-06-14,34.85802530158717,35.31512950034631,34.71616558517186,35.22055435180664,24020500
2018-06-15,34.96048313117649,35.0944600932137,34.35363940610307,34.8737907409668,49379800
2018-06-18,34.57432429070541,35.007783430088956,34.19603251416727,34.842281341552734,17625400
2018-06-19,34.37728602048599,34.69253056886947,34.23542627435291,34.534908294677734,22199200
2018-06-20,34.637357169670125,34.66888222027724,34.440330112967104,34.47185516357422,21276500
2018-06-21,34.43245169999192,34.50338156962758,33.93594561893701,34.01475524902344,20924400
2018-06-22,34.15661459062084,34.24330698654339,33.801965246571626,34.04627990722656,27460000
2018-06-25,33.64433923577289,33.74679414740049,32.95080615840195,33.329097747802734,28626700
2018-06-26,33.47883306803062,33.99898431460647,33.40790321593418,33.534000396728516,22171200
2018-06-27,33.67586003952269,34.00686701750051,33.32121077968714,33.360618591308594,20794800
2018-06-28,33.36061856587223,34.038389031893026,33.32121075428083,33.84136199951172,22197700
2018-06-29,33.9280702700003,34.28271969571782,33.865023153425696,33.91230773925781,20522900
2018-07-02,33.541895016612955,33.754684648110235,33.25817550794991,33.738922119140625,21810900
2018-07-03,33.84137161694452,34.06992376099398,33.58917718433643,33.62858200073242,13474700
2018-07-05,33.80331802368164,33.86685651759463,33.32676568511447,33.80331802368164,18118700
2018-07-06,33.66829479120157,34.05747906099026,33.604756295419214,33.922454833984375,20258300
2018-07-09,33.954223742598124,33.97805029848704,33.64446639673614,33.890682220458984,23210000
2018-07-10,34.049532819600095,34.18455703853307,33.922452805806635,34.04159164428711,20224600
2018-07-11,33.80331141999135,33.962159138655224,33.70799915300181,33.81125259399414,17721600
2018-07-12,33.962171923801066,34.65317248538712,33.954230746808804,34.613460540771484,17999500
2018-07-13,34.56580153768063,34.772305450541765,32.51663264243582,33.18380355834961,50831300
2018-07-16,33.39824752348667,34.105130292821734,33.3585355870864,33.75566101074219,24468000
2018-07-17,33.52532473616208,33.763599364477706,33.469727423882645,33.628578186035156,21188400
2018-07-18,33.54915917700367,33.73183651948727,33.47767647517734,33.52532958984375,20364000
2018-07-19,33.993937552396055,34.16072951246325,33.53327361080665,33.676239013671875,24498800
2018-07-20,33.5650368479023,33.65240491904253,33.24733835173252,33.36647415161133,20732100
2018-07-23,33.29499891436455,33.453849712928616,32.91375881570698,33.40619659423828,15656500
2018-07-24,33.533268009875606,34.05747338954989,33.414129184111644,33.66828918457031,17493900
2018-07-25,33.644480190909945,34.327536684824935,33.588882851156654,34.27988052368164,20658300
2018-07-26,34.613453064008596,34.81201577402289,34.32752227681577,34.57373809814453,23518700
2018-07-27,34.35928449496695,34.645215236283555,33.69211377517021,33.81125259399414,22050900
2018-07-30,33.723886609638335,33.843025435806204,33.42207350171182,33.493553161621094,15300400
2018-07-31,33.549155253313536,33.85096837699177,33.294992208902144,33.5888671875,20900300
2018-08-01,33.350594615137524,33.628581201461365,32.826389173907884,33.24734115600586,21650000
2018-08-02,32.87403841509528,33.835081105884306,32.72313186169222,33.779483795166016,18033200
2018-08-03,33.922452762572505,34.05747698133339,33.72389005190913,34.017765045166016,13394300
2018-08-06,33.938340915278246,34.47843177478639,33.882743594137125,34.39106369018555,14345800
2018-08-07,34.391068197235064,34.66111366237938,34.34341507562717,34.613460540771484,18040500
2018-08-08,34.66111075289595,34.915270812894164,34.50225995794034,34.81996154785156,13917100
2018-08-09,34.859676445736376,35.034412637990386,34.708769844134295,34.772308349609375,14098900
2018-08-10,34.70082563730793,34.90733259721306,34.61346057100809,34.772308349609375,14322100
2018-08-13,35.010582195109286,35.25679804253658,34.70876599554405,34.748477935791016,18113200
2018-08-14,34.819956730745616,35.169426007439725,34.613452846750576,34.94703674316406,15981300
2018-08-15,34.6770027513974,35.34417379363897,34.160738326750334,34.835853576660156,27902200
2018-08-16,36.352863583621264,36.607023625928456,35.8048315604889,35.868370056152344,48648500
2018-08-17,35.820711796337065,36.59908028848467,35.677746402254975,36.43228530883789,23153900
2018-08-20,36.52759641828827,36.797641817345124,36.36080144399843,36.71027374267578,19288500
2018-08-21,36.734104406883716,36.87706981236692,36.31315239619805,36.36080551147461,18617300
2018-08-22,36.495820949573286,36.662612872516405,36.31314364875568,36.527591705322266,13202900
2018-08-23,36.440238901373945,36.73411094054667,36.416409309670485,36.55143356323242,15379000
2018-08-24,36.694390299694206,36.885008809192506,36.59113683965045,36.78969955444336,15575200
2018-08-27,36.93266387948406,37.218594665258756,36.80558386689825,37.004146575927734,17209900
2018-08-28,37.15505679325861,37.54424107430402,37.02797676819156,37.29008102416992,19147300
2018-08-29,37.385390115315644,37.822227510130745,37.250368914845815,37.71103286743164,20220600
2018-08-30,37.57601267560477,37.7586900263464,37.30596723758957,37.44893264770508,16238500
2018-08-31,37.2583080577909,37.989020431097906,37.17093997762985,37.94136428833008,24904200
2018-09-04,37.996963574187056,38.17169974355726,37.73485932013175,37.90959548950195,19122200
2018-09-05,37.774568685889236,37.84605137822534,37.139165629645476,37.54423522949219,20818100
2018-09-06,37.6792536103446,38.04461124949004,37.38538168805088,37.55217361450195,16537600
2018-09-07,37.33773988202534,37.71898304568391,37.2344894287856,37.369510650634766,17229700
2018-09-10,37.56805708665109,37.69513707604618,37.15504636366055,37.385379791259766,16597200
2018-09-11,37.258309362778874,37.46481326235247,36.885010472589116,37.35361862182617,17291500
2018-09-12,37.2185898293927,37.337725621435006,36.88500294605682,37.24241638183594,16649400
2018-09-13,37.20271844981956,37.64750011835478,37.17094768138978,37.52042007446289,17972100
2018-09-14,37.54424180059012,37.7189779746226,37.40921756706679,37.64749526977539,13937000
2018-09-17,37.5124731173518,37.790462775991735,37.385393082776325,37.41716384887695,14430200
2018-09-18,37.38539108961839,37.846058084036464,37.38539108961839,37.69514846801758,16469600
2018-09-19,37.66336823213601,37.82221898439584,37.42509361865931,37.55217361450195,12721900
2018-09-20,37.65543544123262,37.973137016482674,37.456872714158024,37.90959548950195,17007800
2018-09-21,38.0684383226476,38.632355622549326,37.98107025621824,38.568817138671875,59664600
2018-09-24,38.2908372037226,38.616479968894616,38.27495182129629,38.473514556884766,21819300
2018-09-25,38.57675738700825,38.82297620196042,38.46556277052213,38.49733352661133,15810800
2018-09-26,38.71178838208066,38.965948415764835,38.33848950705791,38.449684143066406,20080100
2018-09-27,38.38614273071289,38.72766778827264,38.290830452958836,38.38614273071289,15910100
2018-09-28,38.33847704327295,38.75942889411901,38.17168514348401,38.64029312133789,15474300
2018-10-01,38.918294053607305,39.02948869470248,38.65618980260292,38.815040588378906,13669500
2018-10-02,38.71973129850634,39.02948866412211,38.65618977231504,38.92623519897461,15671600
2018-10-03,39.12479304273634,39.29158801326736,38.973886481597795,39.029483795166016,16737500
2018-10-04,38.885551210100395,38.997497607714735,38.413774927075266,38.685646057128906,22110900
2018-10-05,38.701646263701015,39.061473167865515,38.069945126989445,38.485748291015625,19103300
2018-10-08,38.31783237223087,38.781613962112964,37.702126958549954,37.99798583984375,23791400
2018-10-09,38.00596627052068,38.40577657187372,37.80606111984416,37.97398376464844,17008400
2018-10-10,37.933993990016425,37.98996717887883,36.414716927549755,36.4866828918457,33055800
2018-10-11,36.350766137088414,36.462712577364165,35.11934919343174,35.279273986816406,36496300
2018-10-12,35.926963547988436,36.66261323540023,35.55114078793904,36.55066680908203,35424000
2018-10-15,36.39873460041464,36.558659350346666,35.71905517578125,35.71905517578125,26160500
2018-10-16,36.21482049470417,36.73457209454,35.86298545141328,36.63861846923828,22669400
2018-10-17,36.69459675040492,36.966467934981644,36.15885229714821,36.73457717895508,17803400
2018-10-18,37.02243524789149,37.174365122617566,36.10287333646566,36.35075378417969,19044600
2018-10-19,36.302796323009375,36.942492542953715,36.08689827684463,36.254817962646484,21356300
2018-10-22,36.59864275224394,37.006447999946786,36.310778789013156,36.59064483642578,19195400
2018-10-23,36.102872661797676,36.59863659827189,35.53513969630605,36.31876754760742,21836200
2018-10-24,36.37474751198857,36.526674349077155,35.15132574905712,35.23928451538086,29588800
2018-10-25,35.67907379786695,36.63062435687504,35.351229441903115,36.3587532043457,27054500
2018-10-26,35.63908755970266,36.07088338744716,35.007386595073896,35.383209228515625,31806600
2018-10-29,35.89497533117255,36.02291453041374,34.33571424333168,35.05537414550781,28214200
2018-10-30,35.11934209989702,35.74304836308754,34.98340803567914,35.6470947265625,25924600
2018-10-31,36.02291785347271,37.02244389297147,35.89497864242933,36.5826530456543,26023700
2018-11-01,36.518675276326206,36.686597938672364,36.06289172919559,36.502685546875,24662100
2018-11-02,36.55866295340616,36.85452178723686,35.966942235433564,36.36675262451172,25581300
2018-11-05,36.57465426420824,37.134386346159864,36.26279961100668,36.894500732421875,17525200
2018-11-06,36.81453304526757,37.278311405710184,36.782547489289314,37.18235778808594,15446700
2018-11-07,37.566185191662605,38.32582556928159,37.38227277187044,38.30183792114258,19990400
2018-11-08,38.27785128386398,38.73363494873047,38.27785128386398,38.73363494873047,21002000
2018-11-09,38.44576473882589,38.581698793742696,37.34228731820278,37.67013168334961,22015400
2018-11-12,37.69411872701232,37.78207749070178,36.41472684692242,36.478694915771484,25913500
2018-11-13,36.54266944571801,36.83053340818434,36.00692194883654,36.078887939453125,26196700
2018-11-14,36.35075075895317,36.494682707077985,35.24727655707686,35.447181701660156,36613500
2018-11-15,37.42225730408863,37.66214296270676,36.10288465653312,37.39826965332031,45983300
2018-11-16,37.1503824841127,37.614164022850794,36.886509200250025,37.06242370605469,31327400
2018-11-19,37.062424324489136,37.24633980003094,36.1828426298548,36.5826530456543,28370400
2018-11-20,35.91896459773615,36.21482648770241,35.29526135459553,35.575130462646484,28430600
2018-11-21,35.942959735950225,36.12687217522883,35.50316885503951,35.894981384277344,20117400
2018-11-23,35.54314630837026,36.07889079737865,35.495167960721645,35.6151123046875,9372900
2018-11-26,36.09488350480397,36.49469391677621,36.05490307366902,36.438720703125,18275900
2018-11-27,36.34275378516485,37.09439598704428,36.15084351537103,36.87849807739258,21472700
2018-11-28,37.02244938707398,37.96600235240824,36.87851737200185,37.8140754699707,24293800
2018-11-29,37.50220628274476,38.189877416728216,37.50220628274476,37.85403823852539,22650800
2018-11-30,37.79806472389427,38.30982140083357,37.51819569410468,38.277835845947266,41619100
2018-12-03,38.637672274165965,39.013494982127,38.445765012878866,38.973514556884766,24690100
2018-12-04,38.94153132123621,39.29336335480628,37.78208061813082,37.86204147338867,30802700
2018-12-06,37.574178319023474,38.74961868269295,37.15837518584462,38.69364547729492,40133000
2018-12-07,38.509732733350155,38.7736090281113,37.07041608552918,37.13438415527344,38298000
2018-12-10,37.02243760014637,37.68612424171401,36.63862003225494,37.4702262878418,28682000
2018-12-11,38.26985268048002,38.301838245143486,37.350287523429145,37.654144287109375,26048500
2018-12-12,38.31783646639539,38.54173241833195,37.8700506631463,37.918025970458984,23157200
2018-12-13,38.125912155137506,38.35780287157076,37.686121415553835,37.95799255371094,20051700
2018-12-14,37.07840922304114,37.278314388434325,36.49468650613033,36.63861846923828,27364500
2018-12-17,36.638623630714946,36.77456074849409,35.11134807396805,35.343238830566406,36610300
2018-12-18,35.62310905642009,35.671087406608315,34.967420188738714,35.23129653930664,30513800
2018-12-19,35.09534762120806,35.91895586252805,34.039848673977026,34.49563217163086,34820100
2018-12-20,34.37569767698416,34.567604950442025,33.480120233143765,33.975887298583984,38810900
2018-12-21,34.311725665323785,34.751516460133054,33.37617086820104,33.46412658691406,77915100
2018-12-24,33.344188102249134,33.432146878647636,32.184737327590454,32.20872497558594,24069400
2018-12-26,32.528566826882546,33.9838761005765,32.304674031025186,33.95988845825195,33335900
2018-12-27,33.49610465268832,34.327710764241615,32.90438714854065,34.31171798706055,28404100
2018-12-28,34.519618276449826,34.80748216747877,33.95188840820407,34.199771881103516,22447300
2018-12-31,34.535618284387795,34.823482235685994,34.2957326750763,34.64756774902344,20581200
2019-01-02,33.80796811907992,34.54362087760623,33.751994904337984,34.34371566772461,23833500
2019-01-03,34.085844359705874,34.17448416470688,33.00605623992086,33.094696044921875,29606700
2019-01-04,33.72322319409125,34.6499080099758,33.46536365946614,34.58544158935547,27515000
2019-01-07,34.537104588306846,35.17369683879404,34.45652153980461,34.81913757324219,19488100
2019-01-08,35.10923016871156,35.407379761383304,34.730497528068426,35.101173400878906,22071400
2019-01-09,35.35097573086603,35.35097573086603,34.78690664983684,34.907779693603516,22640000
2019-01-10,34.73855489188852,34.88360129396173,34.31147552685558,34.84331130981445,23277600
2019-01-11,34.738556049616015,35.08505545790213,34.5612764247453,35.04476547241211,17378400
2019-01-14,34.71438422108277,34.964183986617215,34.64991778228098,34.81913757324219,16243600
2019-01-15,34.9158458247472,35.4879717772412,34.77079937567411,35.47185516357422,17744100
2019-01-16,35.55243370587251,35.64913338392479,35.2623408195749,35.42350387573242,17262500
2019-01-17,35.35098554185792,35.882821548959726,35.29457892549335,35.624961853027344,18826200
2019-01-18,35.842524749000326,36.54358047221528,35.70553815636511,36.28572082519531,24416500
2019-01-22,36.16484207456094,36.454934875591626,35.76193608955803,36.084259033203125,21338400
2019-01-23,36.37435399273998,36.97065623845834,36.277657411301206,36.6322135925293,24770400
2019-01-24,36.76920269908137,36.86589927911339,36.44687666706949,36.75308609008789,17360600
2019-01-25,37.16404785529008,37.59918706455585,37.02706129344461,37.1721076965332,24196600
2019-01-28,36.84978152383208,36.88201474081636,36.44687553331488,36.86589813232422,18296700
2019-01-29,36.91425195184882,37.10764512682172,36.78532214389052,37.03512191772461,14470100
2019-01-30,37.01901619108987,37.816771725698466,37.00289957611565,37.63949203491211,18329300
2019-01-31,37.64754462035691,38.179380516240094,37.486381575619404,38.10685729980469,23693600
2019-02-01,38.171310062347956,38.324416295555814,37.91345049202042,38.14713668823242,16266500
2019-02-04,38.050451404756515,38.25190444595251,37.969868343920446,38.15520477294922,15743100
2019-02-05,38.211617221051064,38.24385045031389,37.93764399410683,38.08268737792969,16946300
2019-02-06,37.96986731129891,38.34860000210487,37.832880722497244,38.25996017456055,18160500
2019-02-07,38.026270139594835,38.131026568466346,37.46220415473838,37.63142395019531,20331200
2019-02-08,37.38969010013777,38.03433929346501,37.30910702976573,38.02627944946289,18407100
2019-02-11,38.147134193445815,38.44528372577673,37.97791443784678,38.34053039550781,19363600
2019-02-12,38.09073703638888,38.79985252089727,38.00209721658419,38.59033966064453,23909200
2019-02-13,38.56616629383061,38.63868950333563,37.96986400746391,38.27607345581055,28325600
2019-02-14,39.36392144163053,40.03274698706744,38.952958606599296,39.00130844116211,47598600
2019-02-15,39.347801413870336,39.96021718100522,39.03353215194276,39.8312873840332,30189600
2019-02-19,39.645955568321824,40.23419802701295,39.645955568321824,40.00857162475586,20204500
2019-02-20,40.04886494876612,40.12944493515809,39.766828848535354,39.99245834350586,17550900
2019-02-21,39.91992670744691,40.064973111507086,39.64595050799199,39.81517028808594,17120600
2019-02-22,40.0488666958472,40.46788940600953,39.95217009317269,40.379249572753906,22008100
2019-02-25,40.56457666903613,41.09641247218966,40.56457666903613,40.92719268798828,24264300
2019-02-26,40.70155948324639,41.42679145429867,40.67738610885418,41.241455078125,19382500
2019-02-27,41.265636552205564,41.62019584050398,41.00777692831354,41.57184600830078,19940900
2019-02-28,41.539605002110946,41.86998777542786,41.37844199889886,41.71688461303711,30708500
2019-03-01,41.90223675119871,41.97475997622528,41.313994181063066,41.42680740356445,23683700
2019-03-04,41.620198731869635,41.83776530707547,40.79826997089077,41.22534942626953,18725900
2019-03-05,41.19311503984312,41.50738127730261,41.07224506524372,41.33816146850586,14994200
2019-03-06,41.394567557267195,41.733010244586154,41.03195149011449,41.63631057739258,19686900
2019-03-07,41.53961846289482,41.878061186704386,41.26564219083169,41.330108642578125,22209200
2019-03-08,40.87078381451663,41.20116659693512,40.70156096582134,41.15281677246094,18182200
2019-03-11,41.20922474107219,41.97474674755243,41.17699152367898,41.8377571105957,17859300
2019-03-12,41.910293140628234,42.12786281373269,41.644376700564834,42.023109436035156,19485300
2019-03-13,42.23260861713154,42.59522464754488,42.01503899888353,42.377655029296875,20568000
2019-03-14,42.409891519068154,42.675807912592695,42.3131918542145,42.498531341552734,19215900
2019-03-15,42.659681213719786,43.207633555928496,42.65162444718516,42.86919403076172,43670700
2019-03-18,42.925613914576076,43.465506583554415,42.78056748059664,43.1190071105957,19073800
2019-03-19,43.34463321625071,43.51385301802224,42.82085412627692,42.95784378051758,20596400
2019-03-20,42.836972964087764,43.4090988420671,42.59522993842755,42.91755294799805,21140800
2019-03-21,42.77250411285337,43.699186104836855,42.74027089384639,43.46549987792969,20082700
2019-03-22,43.441330019406834,43.62666643281587,42.46629811993485,42.498531341552734,23938500
2019-03-25,42.466297507330374,42.651633918065805,42.10368145418316,42.49047088623047,18774900
2019-03-26,42.861153612218835,43.102899752800035,42.708050387256634,42.89338684082031,17742700
2019-03-27,42.94977634673967,43.23986914074741,42.498523621775306,42.82084655761719,20447500
2019-03-28,42.861141153567935,43.264047172182174,42.724154582725006,42.998130798339844,13095000
2019-03-29,43.27211208392473,43.51385510863126,42.99813583620951,43.50579833984375,19582300
2019-04-01,43.900640873556966,44.33578012581741,43.82811766484689,44.30354690551758,19741700
2019-04-02,44.319673695396325,44.65005659453209,44.29550031158364,44.55335998535156,17264000
2019-04-03,44.69033427056909,44.96431048265041,44.37606807193177,44.82732391357422,21110400
2019-04-04,44.90030837615492,45.151692835723374,44.486743587462534,44.71379852294922,16412100
2019-04-05,44.80299852069064,45.09492805576809,44.7056897067953,44.77056121826172,13817500
2019-04-08,44.762450029600046,45.054379542439946,44.429975438508194,44.997615814208984,13862800
2019-04-09,44.665144730926464,44.94085252204908,44.486742660537544,44.74623489379883,15508400
2019-04-10,44.689468660398504,45.28143547773779,44.689468660398504,45.26521682739258,13460200
2019-04-11,45.354417971653035,45.37063662203903,44.85165218325239,45.086814880371094,13186000
2019-04-12,45.354417528585,45.703110774999246,45.24089007038339,45.64634704589844,14331700
2019-04-15,45.735556906070244,45.90584812625248,45.60581077258971,45.86530303955078,12198400
2019-04-16,45.91394978231879,46.65188139807635,45.90584200341658,46.18155288696289,19718300
2019-04-17,46.36806143220609,46.48158889399421,45.64634848793195,45.662567138671875,26093600
2019-04-18,45.922063602091036,45.978827338224086,45.50038792410867,45.73555374145508,18332000
2019-04-22,45.54093250271183,45.8977335677881,45.49227654654124,45.68689727783203,11951500
2019-04-23,45.759874488291686,45.978821626201125,45.57336465082614,45.97071075439453,18796600
2019-04-24,45.9301732649169,46.34374118043535,45.88152039960302,46.124794006347656,13212000
2019-04-25,45.78420000099495,46.04369221257238,45.41928811177945,45.67878341674805,15526900
2019-04-26,45.42740457557946,45.71122325024587,45.15169368016428,45.31387710571289,18010900
2019-04-29,45.1435787889265,45.58958394283055,45.04626997961619,45.5166015625,16259500
2019-04-30,45.41118488313561,45.50849369887843,45.030054305838306,45.37063980102539,20846000
2019-05-01,45.41118866182511,45.69500735360482,45.01383939994178,45.07060623168945,17648500
2019-05-02,44.98950714469809,45.32198175206411,44.45430404275787,44.551612854003906,24220600
2019-05-03,44.30833927919314,44.59216102763182,43.93531959159055,44.551612854003906,26887100
2019-05-06,43.675821184186155,44.405641805320556,43.43254764380802,44.26778793334961,17025900
2019-05-07,43.675824038825546,43.98397219325347,42.9297816270618,43.34334945678711,25289700
2019-05-08,43.116292891793485,43.74069699950595,43.08385868503026,43.35956954956055,21525100
2019-05-09,42.83248404321263,43.14874005855706,42.35404458340153,42.91357421875,24322800
2019-05-10,42.66218499817839,43.4244430260333,42.1269818949204,43.27037048339844,21795900
2019-05-13,42.02967822826926,42.378368436558404,41.405274015803336,41.599891662597656,28869900
2019-05-14,41.72152560879505,42.5243287305331,41.66476187668797,42.183746337890625,25478300
2019-05-15,41.97290459228723,42.7432734616554,41.9161408633919,42.52432632446289,30577200
2019-05-16,44.00829890710799,45.735546426684245,43.886660581482055,45.35441589355469,46057800
2019-05-17,45.23278654453662,46.08424880611166,45.02195024412038,45.69500732421875,27299300
2019-05-20,45.24900124984916,45.72744064065348,45.046272746853965,45.41929244995117,21004100
2019-05-21,45.962608979334895,46.01937271583023,45.51660686684659,45.832862854003906,18562300
2019-05-22,45.58958417409098,45.654455682829834,45.143579017924495,45.15979766845703,19479200
2019-05-23,44.527279371938704,44.608369519568114,43.74069194769188,43.94342041015625,22734200
2019-05-24,44.25157703551138,44.33266719871003,43.838012253772,44.089393615722656,13057600
2019-05-28,44.389435009056186,44.624597724901975,43.64339249884615,43.73259353637695,29769200
2019-05-29,43.424449890610255,43.424449890610255,42.86492026937774,43.124412536621094,19762100
2019-05-30,43.33524269872932,43.61095358025313,43.25415253673642,43.4406623840332,12954300
2019-05-31,42.80815278512099,42.8811351722369,42.17563773231919,42.191856384277344,20480400
2019-06-03,42.20807144079271,42.62974707561013,41.7539615982134,41.9891242980957,22380500
2019-06-04,42.55677335374849,43.49743362484796,42.500009611876344,43.16495895385742,21689300
2019-06-05,43.6677247202263,44.42998598319357,43.58663454447707,44.39754867553711,22521900
2019-06-06,44.51107474708982,44.84354940654295,43.959652907988264,44.681365966796875,15927300
2019-06-07,44.93274028301353,45.654453178469915,44.624592126581305,45.35441589355469,17394900
2019-06-10,45.52471127566384,45.9382791462425,45.37874650879978,45.751766204833984,16871000
2019-06-11,46.01126485079951,46.67621412855836,46.003153977948614,46.311302185058594,26723700
2019-06-12,45.45173721628904,45.88963159707746,45.127373414269144,45.297664642333984,23183000
2019-06-13,45.346309433179684,45.63013118945243,45.23278196802716,45.54903793334961,15785300
2019-06-14,45.403083559144,45.42740999319039,44.32456628000603,44.39754867553711,22530500
2019-06-17,44.592169797461864,44.9814082123879,44.48675009340108,44.924644470214844,20392600
2019-06-18,45.46794747191479,45.93827907404682,45.20845524087346,45.45172882080078,21173200
2019-06-19,45.443619182169456,45.71121918112061,45.22467204117781,45.5166015625,21096300
2019-06-20,46.22209086474689,46.659985099563585,45.962598672275725,46.5545654296875,20969800
2019-06-21,46.554566142567296,47.15464378021505,46.205872923583904,46.24641799926758,57588800
2019-06-24,46.42483625422082,46.457273563450094,45.970723205187205,46.368072509765625,17794100
2019-06-25,46.27075819631913,46.38428567178616,45.41929594353299,45.4760627746582,25520600
2019-06-26,45.8490751094673,46.26263985957427,45.703110352161026,45.897727966308594,19286100
2019-06-27,46.17343917589367,46.42482361388665,44.98139777350602,45.19223403930664,23959900
2019-06-28,45.338199679974366,45.39496341007881,43.81368055893347,44.38132095336914,103123400
2019-07-01,44.8111112335895,44.88409362539469,43.975870711123754,44.38943862915039,28410000
2019-07-02,44.462407766549106,45.346300891132024,44.42185959944019,45.257102966308594,20307100
2019-07-03,45.51008438469303,46.138429113426106,45.322397483317744,46.0894660949707,13866800
2019-07-05,45.69777541137737,46.293478181583154,45.4611254701834,46.18739318847656,14273900
2019-07-08,45.90178055530832,46.08946746225149,45.66513062845722,45.85281753540039,15835100
2019-07-09,45.999699678035114,46.26082953678788,45.730410873095956,45.9752197265625,19564000
2019-07-10,46.26083239302506,47.04422513056509,46.18738942115924,46.61988830566406,19362600
2019-07-11,46.81573173434643,47.01973963309997,46.44851689400736,46.758609771728516,15994600
2019-07-12,46.98709358046241,47.3216663589568,46.97893152252353,47.289024353027344,13660400
2019-07-15,47.32983121557942,47.51751810374677,47.22374623951495,47.37063217163086,8809700
2019-07-16,47.435911230730156,47.54199308278703,46.88916851549709,47.01973342895508,11501100
2019-07-17,46.97893343004348,47.15846135703199,46.668840586948754,46.68516159057617,9266900
2019-07-18,46.55460432932229,47.15846911117625,46.43220145135996,47.11766815185547,10287400
2019-07-19,47.17479392991814,47.386960803280644,46.77493702526729,46.807579040527344,13882400
2019-07-22,46.88917579039126,47.33799255548032,46.81573282061934,47.10950469970703,10485600
2019-07-23,47.378790692267025,47.41142958692261,46.90549092125956,47.093177795410156,12692200
2019-07-24,46.98710142507002,47.06870334060428,46.60356557364923,46.70148849487305,18177000
2019-07-25,46.80756567754652,46.92180958542756,45.99969315152438,46.20370101928711,15127200
2019-07-26,46.25266261491467,46.38322752177679,45.99969174596991,46.13025665283203,15243000
2019-07-29,46.260827541081966,46.63620442064449,46.138424676085926,46.4566764831543,12051100
2019-07-30,46.39139239064708,46.43219645849384,45.983376615486016,46.081302642822266,9623400
2019-07-31,45.967058544165,46.37507431773118,44.80013318273264,45.20814895629883,17441200
2019-08-01,45.5672080029994,46.42404062311735,45.012306225360135,45.19999313354492,19020600
2019-08-02,44.245229696008884,44.326831602263525,42.90693851078843,43.453678131103516,29021900
2019-08-05,42.75190075169456,42.874306753253805,41.56865415063968,41.91954803466797,29931800
2019-08-06,42.39284484499149,43.029348535932805,42.10723189971019,42.92326354980469,20708400
2019-08-07,42.29492671294073,42.83350753853742,41.7889847912332,42.71110153198242,24128600
2019-08-08,43.07831056208717,43.54344834288062,42.915103613249514,43.38024139404297,26093500
2019-08-09,43.070148092101896,43.14359106273327,42.46628643394485,42.78453826904297,17425000
2019-08-12,42.653972196452344,42.7274151651254,41.8950625578019,42.05826950073242,16388300
2019-08-13,42.001143607196944,43.30679280263207,41.780814721796034,43.021183013916016,21499500
2019-08-14,42.53156467228424,42.53156467228424,40.90766358680583,41.29935836791992,28688100
2019-08-15,38.64725440431613,39.1205510809058,37.53745100691512,37.741458892822266,61129100
2019-08-16,37.880184936949085,38.6472566242865,37.86386704450289,38.32084274291992,24471800
2019-08-19,39.08791222570454,39.65913181650913,38.75333941698472,39.57752990722656,26384800
2019-08-20,39.61017216891239,39.65097312381408,39.10423036680878,39.11239242553711,18201600
2019-08-21,39.57752650557543,39.928420288575424,39.463282597233665,39.797855377197266,18365400
2019-08-22,40.18139704531327,40.25484001326618,39.120553483123814,39.316402435302734,21515100
2019-08-23,39.08791403206973,39.59385274141181,37.88834661011803,38.03523254394531,25871100
2019-08-26,38.39428434114368,38.57381228078329,38.0841914761971,38.43508529663086,14820100
2019-08-27,38.79413725667811,38.88390121742938,38.10050863181748,38.18211364746094,20859000
2019-08-28,37.96995509537436,38.320848985485235,37.73330826139236,38.247406005859375,11187600
2019-08-29,38.83493657595394,39.09606638921256,38.443241856066,38.57380676269531,14733400
2019-08-30,38.777826116782,38.81862707852502,37.986274384729214,38.19844436645508,19248400
2019-09-03,38.051550055450946,38.329000892438074,37.700656258293314,37.945465087890625,17009400
2019-09-04,38.369799947161205,38.68805172118591,38.26371498484864,38.61460876464844,13691300
2019-09-05,39.18584200042278,39.748902744049985,38.98999302577506,39.51225280761719,18434200
2019-09-06,39.6999317972114,39.977382618288985,39.389838970615756,39.854976654052734,17939100
2019-09-09,39.96105875557782,39.993697645846986,39.544880997290164,39.64280700683594,21175100
2019-09-10,39.63465027321847,40.27115385619591,39.12871160759315,40.15690994262695,16119200
2019-09-11,40.760784146018125,40.85870707866273,40.25484536228807,40.82606506347656,18656000
2019-09-12,41.03007089559224,41.046391902352596,40.320124222542205,40.74446105957031,16546700
2019-09-13,40.80974405588348,40.98111307915393,40.60573613034076,40.82606506347656,15867800
2019-09-16,40.63837503408962,40.94846792878849,40.63021608737471,40.76893997192383,13025600
2019-09-17,40.78525181685178,40.81789382220652,40.13242727432191,40.32011413574219,16070600
2019-09-18,40.36908164636264,40.589410537712155,39.8060178863872,40.262996673583984,12563800
2019-09-19,40.27115941780554,40.73629719466695,40.01819160651359,40.140594482421875,15349400
2019-09-20,40.22219472492255,40.6954913920088,39.87945986476547,40.475162506103516,48301300
2019-09-23,40.52412652899501,40.597569492794996,40.21403366929361,40.328277587890625,16450000
2019-09-24,40.597566282113796,40.96478107207231,39.92842071503964,40.083465576171875,26717200
2019-09-25,40.026350938252044,40.61389470958932,39.64281818788566,40.48332977294922,14013500
2019-09-26,40.336450085492544,40.38541311166838,39.381691309005454,39.846832275390625,20172900
2019-09-27,39.98554156321201,40.369077345766804,39.65912773385733,39.854976654052734,16065300
2019-09-30,39.94474041290163,40.524121999839835,39.94474041290163,40.32011413574219,14903600
2019-10-01,40.5159719853038,40.69549682849896,38.647258791176995,38.95735168457031,24185600
2019-10-02,38.639100867214765,38.663583935704224,37.54561823307646,37.99443817138672,30722400
2019-10-03,38.084875090922075,38.709758221705115,37.57510432164517,38.69331359863281,15915500
2019-10-04,38.84953168811671,39.16197324446086,38.60286862215704,39.071529388427734,16718800
2019-10-07,39.03041748205114,39.573077455090065,38.90708438688692,39.27708053588867,14625200
2019-10-08,39.05508163073993,39.08797087329203,38.10953629455727,38.142425537109375,23022400
2019-10-09,38.57819600116771,38.78374905693648,38.3644222032241,38.512420654296875,16768600
2019-10-10,37.86287957153879,38.01087805124834,37.45177338045479,37.94510269165039,24698500
2019-10-11,38.37265203502037,38.89064673647642,38.19998818003218,38.28221130371094,25153600
2019-10-14,38.273990766313716,38.273990766313716,37.821774524299784,37.862884521484375,15076900
2019-10-15,38.02731966257538,38.298651232710554,37.854655828757224,38.11776351928711,18794400
2019-10-16,38.117761943932685,38.545312707496436,38.08487269985295,38.4713134765625,16454200
2019-10-17,38.76731168692987,38.89064165158561,38.31509240705233,38.668643951416016,14352400
2019-10-18,38.726195107500544,38.865972818763574,38.36442285236286,38.40553283691406,17226200
2019-10-21,38.759084695268385,39.038636983795826,38.619310119250066,38.964637756347656,13277700
2019-10-22,39.055089042897656,39.37575137741124,38.972869057403905,39.09619903564453,15067100
2019-10-23,39.030412219941105,39.2195206402705,38.51241768117508,38.685081481933594,15647100
2019-10-24,38.83308449640247,38.83308449640247,37.90398376838103,38.158870697021484,18338800
2019-10-25,38.26575921947404,38.635755362672995,38.199980733353854,38.5617561340332,15701200
2019-10-28,38.76730332946159,39.13729628015666,38.6933041120245,38.78374481201172,13859700
2019-10-29,38.643983861666996,38.99753545429944,38.56998461817436,38.84131622314453,13713900
2019-10-30,38.890638951275655,39.120860514998526,38.77552973765963,39.10441589355469,12062000
2019-10-31,39.13730031148514,39.17841343156644,38.72619420259773,39.06330108642578,12488300
2019-11-01,38.52064548463629,39.04686399790369,38.34798165222362,38.668643951416016,24404100
2019-11-04,39.05509132335529,39.367532932159776,38.90709283163167,39.03864669799805,15018900
2019-11-05,39.12908527140657,39.40041371183613,38.857753694485844,39.26885986328125,18988900
2019-11-06,39.30996219741294,39.87728742546344,39.29351757879681,39.68817901611328,15904500
2019-11-07,39.967738143621276,40.271955799192355,39.6306312451531,39.81151580810547,16717800
2019-11-08,39.81152574515532,40.16507735331936,39.507308013650785,40.14863586425781,14407000
2019-11-11,39.47441308689425,39.85263314725318,39.104420042866444,39.54841232299805,19590400
2019-11-12,39.70463708481247,40.07463328778737,39.56485934747023,39.77041244506836,15632900
2019-11-13,39.66352535746771,40.1650722590137,39.58952612010991,39.84440994262695,25187000
2019-11-14,37.45997998054298,37.8217521326757,36.67065407404179,36.925540924072266,65568900
2019-11-15,37.0571103692943,37.53399503788361,36.84333653831747,37.07355499267578,32385000
2019-11-18,36.98310893552068,37.15577276603316,36.53911354006773,37.122886657714844,22742800
2019-11-19,37.320211660593934,37.49287547170731,37.06532788318581,37.385990142822266,19612600
2019-11-20,37.56687348732048,37.60798660563578,36.94199360870906,37.06532669067383,18660800
2019-11-21,37.10644235268816,37.122886975233484,36.7446669296732,36.86800003051758,19868800
2019-11-22,37.12288690434273,37.139328390365606,36.7446668595047,36.876220703125,18725700
2019-11-25,36.999560197726375,37.45177641728916,36.942005577227015,37.36955642700195,19653300
2019-11-26,37.43531721371199,37.63264950464351,37.20509882136719,37.254432678222656,29422000
2019-11-27,37.29554109897683,37.34487181728067,36.94198964751154,37.196876525878906,14889900
2019-11-29,37.19687808013646,37.44354109143308,37.12287886309843,37.254432678222656,9808900
2019-12-02,37.20510769180353,37.27088618329372,36.72822303797297,36.752891540527344,17630100
2019-12-03,36.506226172185805,36.58022540220812,35.963566197519114,36.40755844116211,19625500
2019-12-04,36.604885712957014,36.62955107406212,36.0622258132113,36.086891174316406,17202200
2019-12-05,36.21844431470879,36.25955429460935,35.68400830302064,35.78267288208008,22632800
2019-12-06,36.08689779949867,36.226675523233816,35.88956860144925,36.0457878112793,16541000
2019-12-09,36.08689941110985,36.48156096132501,35.97179018435849,36.095123291015625,17508500
2019-12-10,36.0540141512448,36.32534576129729,36.012904156643636,36.25956726074219,21862400
2019-12-11,36.473336928511245,36.54733615853356,36.300673103956136,36.40755844116211,16440500
2019-12-12,36.62955721778115,37.632657224174245,36.51444799799656,37.55043411254883,27061600
2019-12-13,37.74776194908899,37.86287115516678,37.16399204027128,37.246212005615234,21796900
2019-12-16,37.65731847677731,38.30686687347,37.65731847677731,37.80531692504883,21871300
2019-12-17,38.002659556965625,38.24932265891844,37.76421719926492,38.18354415893555,22510000
2019-12-18,38.249319708093715,38.44664891983598,38.02732199251521,38.347984313964844,21921200
2019-12-19,38.76730487397738,39.457963218743046,38.734415634586036,39.36751937866211,30764700
2019-12-20,39.67174243148398,39.77040702667124,38.98930473491897,39.013973236083984,52575300
2019-12-23,39.096196163026484,39.71285541839438,38.98930768054519,39.54841232299805,20253500
2019-12-24,39.5977427489284,39.67174197859681,39.1784158718013,39.285301208496094,7044700
2019-12-26,39.285302750670716,39.46619046062571,39.17841740978005,39.342857360839844,11091700
2019-12-27,39.45796823906528,39.48263360350176,39.20308130608832,39.27708053588867,11056800
2019-12-30,39.260635562709524,39.367524035129115,38.882418674444374,39.12908172607422,12128600
2019-12-31,39.08797236778264,39.44974464021534,38.98108389364694,39.43330001831055,14892600
2020-01-02,39.8060172603246,40.10418701171875,39.65693080485328,40.10418701171875,16708100
2020-01-03,39.6817666006007,39.872265205951045,39.3256160724747,39.44985580444336,15577400
2020-01-06,39.04402221729941,39.607237053252156,38.9363479564279,39.59067153930664,22183600
2020-01-07,39.52440672357444,39.52440672357444,39.01088534681868,39.33390808105469,16501900
2020-01-08,38.90322402723051,39.58239437002254,38.77070306179667,39.3587646484375,25175900
2020-01-09,39.58238927311845,39.65693250404809,38.986043425681316,39.19310760498047,18203600
2020-01-10,39.325624642353866,39.39188668972307,38.97775837231048,39.035736083984375,13502600
2020-01-13,39.18481899737707,39.7397493760838,39.176534662428836,39.731468200683594,18237400
2020-01-14,39.7231881306026,39.74803797856728,39.441580743540435,39.5823860168457,17948700
2020-01-15,39.6900594319677,40.087625427214014,39.55753848673511,39.76460266113281,16289400
2020-01-16,40.07105756827601,40.65083785455778,39.946817807091215,40.6259880065918,20094900
2020-01-17,40.84134575362131,41.03184444690945,40.47691072337522,40.60115051269531,27176200
2020-01-21,40.55143952993076,40.75022249017217,40.31124437450721,40.41891860961914,21771800
2020-01-22,40.81648455116658,41.02354870276065,40.61770473498328,40.64255142211914,15186000
2020-01-23,40.58458709716797,40.73367358824803,40.095915411860915,40.58458709716797,16767700
2020-01-24,40.766788159687366,40.98213347120597,40.20357345627196,40.460330963134766,14066700
2020-01-27,39.66521479463029,39.814301260675215,39.15169650022484,39.31734848022461,20666000
2020-01-28,39.358762222814505,39.73147840248629,39.342196708212555,39.565826416015625,14035100
2020-01-29,39.731472554264734,39.739753730572346,38.87008487904718,38.96947479248047,14273600
2020-01-30,38.54706977322046,39.151696819534386,38.31515573550986,39.12685012817383,14822600
2020-01-31,38.91978875299029,38.92806993085914,37.96729216107521,38.07496643066406,20069900
2020-02-03,38.431105320696155,38.78725589122847,38.27373455352494,38.53877639770508,15374900
2020-02-04,39.11028851923563,39.51613259654229,39.01917976241808,39.44158935546875,13947300
2020-02-05,40.029657450579414,40.25328403293576,39.880570955975635,40.12904739379883,17042300
2020-02-06,40.32781982421875,40.4354940858695,39.93854130210236,40.32781982421875,9814800
2020-02-07,40.25326755869343,40.39407281688119,39.648640648941374,39.731468200683594,16807500
2020-02-10,39.74804216960491,40.49347133662757,39.65693342307411,40.476905822753906,19012700
2020-02-11,40.90759463265507,41.17263650267352,40.46861962785233,40.6922492980957,23168300
2020-02-12,40.94073003727514,41.644746987431695,40.91588334666096,41.3548583984375,31686200
2020-02-13,39.05230547964039,39.48299619217984,38.5801994036022,39.19310760498047,47044700
2020-02-14,39.06059260787472,39.11028915591578,38.497377701605814,38.90322494506836,26747200
2020-02-18,38.77898057541432,38.80382726672621,38.34000551131113,38.58848190307617,18546300
2020-02-19,38.67130475644684,38.7706978367891,38.01698435504436,38.340003967285156,27626400
2020-02-20,38.17434791979323,38.89493029787232,38.01698029869843,38.8038215637207,20416700
2020-02-21,38.70443246887509,38.80382238115774,38.141217700026175,38.34828186035156,20028700
2020-02-24,37.27156292308461,37.83477790446407,36.44330596923828,36.44330596923828,35295900
2020-02-25,36.48470285214766,36.617223782688534,34.84475515187385,35.399688720703125,48024700
2020-02-26,35.59019687621701,35.929782048990646,34.737090195698606,34.919307708740234,38513200
2020-02-27,34.190431339710756,34.86960149701541,33.138545081556416,33.163394927978516,51442900
2020-02-28,32.05353690305992,33.58581062894656,31.763645144413285,33.07229232788086,80188000
2020-03-02,33.254504307052784,34.11588878412645,32.23574589170196,34.09932327270508,48864300
2020-03-03,34.17386582861208,34.70395270512505,32.890068734172694,33.163394927978516,49294700
2020-03-04,33.72662077448737,34.3312479107468,32.96462281073698,34.281551361083984,30022100
2020-03-05,33.27107700448224,33.552684467114204,32.54221323259298,32.77412414550781,30255900
2020-03-06,31.473758863066404,33.08886027873882,31.308106868719413,32.865230560302734,48605600
2020-03-09,30.562670430472735,32.7658329052642,30.057433388585704,31.44062042236328,61535300
2020-03-10,32.50908229599841,33.254514746223165,31.366086925503538,33.196537017822266,50536500
2020-03-11,32.31858138483601,32.43453683371095,30.123699555535143,30.686914443969727,63594300
2020-03-12,28.574856250835182,29.668154845929337,27.332471196451042,27.498123168945312,51855300
2020-03-13,29.13806851800897,31.208710094561354,27.60579501517953,31.175579071044922,53859600
2020-03-16,27.522967514817612,30.637214221910753,26.835516152907932,27.920530319213867,44211300
2020-03-17,28.74050210019193,30.024299084300726,27.82941802535337,29.403106689453125,41572400
2020-03-18,27.961946978815,31.23356183044085,27.589233962435763,30.744890213012695,56904300
2020-03-19,30.68691874201846,32.56706235945906,29.941489397895623,31.23356819152832,58319700
2020-03-20,31.697380039371964,31.863031989077392,29.320284513675723,29.485933303833008,48582500
2020-03-23,29.411395938429873,29.66815666955585,27.94538426454731,28.657682418823242,39823400
2020-03-24,30.15682412863039,32.0369670801156,29.43624173668045,31.970705032348633,48235600
2020-03-25,32.01211843204387,33.08885136594775,31.059622090774205,31.200424194335938,42873900
2020-03-26,31.448909922142896,33.89226481582881,30.951953974618732,33.610660552978516,38473300
2020-03-27,32.47594317882581,33.25450646849331,31.81333847664486,32.152923583984375,31278600
2020-03-30,32.674734478246805,33.53612238990213,32.2688872177104,33.39531707763672,27120300
2020-03-31,33.23794330341674,33.478135352731286,32.39312106364,32.558773040771484,26014200
2020-04-01,31.614551949387188,32.1860510082158,31.366075608810796,31.7470760345459,26790700
2020-04-02,31.63837575277598,33.402566870104074,31.329016207641427,33.27714920043945,28180500
2020-04-03,33.29388925828012,33.686861852787196,32.2236698224376,32.658447265625,21235200
2020-04-06,33.828991189494566,34.84904584792824,33.26043644769594,34.640018463134766,31641400
2020-04-07,35.66843389035864,35.73532418647417,33.93768734718023,33.9794921875,30366100
2020-04-08,34.422626534881246,35.28382148751458,34.17179432314037,34.89921188354492,22683500
2020-04-09,35.191848887243424,35.28382144231501,34.155071706670086,34.44771194458008,27643900
2020-04-13,34.313939406049755,34.66510391380659,33.887521715767804,34.464439392089844,19592000
2020-04-14,35.041353838528025,35.80221346062948,34.723631291753385,35.768768310546875,22882400
2020-04-15,35.283833533949995,35.42597066631257,34.47280602256961,34.71527862548828,18428800
2020-04-16,34.915938288000405,34.94102374687216,34.01294150624876,34.698551177978516,26178000
2020-04-17,35.32562428625963,35.651706461658236,34.89920986985478,35.51792907714844,30701500
2020-04-20,35.04970977340053,36.19518211962869,34.941017831543185,35.56809997558594,23438800
2020-04-21,34.97446985575728,35.10824727854683,33.78719243768286,33.90424728393555,31661000
2020-04-22,34.50624359820167,35.19185321550742,34.37246618969092,34.91593551635742,18330700
2020-04-23,35.02462383226955,35.576455933529424,34.72362392439973,34.79887390136719,16100200
2020-04-24,34.982825380983485,35.66843498977602,34.82396570706984,35.5513801574707,14639200
2020-04-27,35.701876350886515,36.13665367439411,35.601544103770806,36.00287628173828,17937900
2020-04-28,36.3707639153175,36.47945904536711,35.459404416066135,35.52629470825195,16427700
2020-04-29,36.245347759754765,36.354042894445236,35.89418327929992,36.23698806762695,17430100
2020-04-30,36.094842568269364,36.094842568269364,35.25873313812733,35.43431854248047,26679900
2020-05-01,34.88249032886123,34.957740313530095,34.08818564391309,34.213600158691406,22095300
2020-05-04,34.23869340429381,34.62330310700642,33.85408370158121,34.57313537597656,15997700
2020-05-05,34.790517802051255,35.05807259455619,34.60657268613984,34.66510009765625,15060200
2020-05-06,34.74871529215461,34.85740724110835,34.255410512386725,34.40591049194336,16040300
2020-05-07,34.77380417200775,34.92430418018567,34.46444446164448,34.58985900878906,20173600
2020-05-08,35.13332017814358,35.969429644954694,34.86576540392438,35.9443473815918,21959100
2020-05-11,35.76876452499845,36.49618210953692,35.62662743644789,36.22026443481445,26182700
2020-05-12,36.73865445435208,37.03965441885873,36.11157225813154,36.13665771484375,25817100
2020-05-13,36.29551784237162,36.42929525165372,34.539688946855996,35.074798583984375,36986700
2020-05-14,36.31223429854648,37.273761458527275,36.17009403103855,36.66339874267578,50417700
2020-05-15,35.89417776051036,37.10653706094925,35.82728747575308,37.014564514160156,30573000
2020-05-18,37.800516768537996,37.87576676513085,37.06474256796921,37.67510223388672,26966500
2020-05-19,37.4827961519743,37.60821068246378,37.13162844969251,37.298851013183594,24345400
2020-05-20,37.6667384917855,38.31054329472276,37.650015916312505,37.992820739746094,20184500
2020-05-21,38.0011825830685,38.17676483647585,37.257045537147306,37.32393264770508,18674900
2020-05-22,37.349012793777646,37.58312564119317,36.88915317023678,37.54132080078125,12592800
2020-05-26,38.277095574485905,38.29381814883642,37.35737631174178,37.491153717041016,21776900
2020-05-27,37.65837025626877,38.44431198818351,37.457702585617966,38.427589416503906,22157200
2020-05-28,38.37743380208708,38.84565315981728,37.93429352344294,38.1265983581543,20013000
2020-05-29,38.494487294622004,39.98276138305664,37.96773734610102,39.98276138305664,43553600
2020-06-01,39.42257102729555,39.53962586724427,38.65334849555298,38.711875915527344,18712400
2020-06-02,38.79548917794798,39.21354400447972,38.36071177561434,39.20518112182617,17285900
2020-06-03,39.28043154112406,39.46437668742028,38.91254443803687,39.246986389160156,17492000
2020-06-04,39.10484948973027,39.506181746958745,38.9041817663634,39.18009948730469,14100700
2020-06-05,39.52290822115766,40.375740547947096,39.464380793883386,39.99113082885742,22591100
2020-06-08,39.68175972876028,40.267037070116146,39.397482345216275,40.2419548034668,17820900
2020-06-09,40.149981820526605,40.333926946047654,39.706844770322135,40.17506408691406,18597300
2020-06-10,39.84898313569635,39.99112342526615,39.39748318930518,39.6483154296875,18462400
2020-06-11,39.28878785440143,39.29714754624196,36.48781904112604,36.512901306152344,35582000
2020-06-12,37.59148005650283,38.34397983630339,36.88078830075019,37.68345260620117,26125600
2020-06-15,36.88915380532517,38.26037300727442,36.73029413322298,37.91756820678711,21300100
2020-06-16,39.63995163471887,39.70684192630088,38.38578737309793,38.862369537353516,28074600
2020-06-17,39.08812118344357,39.146648596365345,38.377429346819234,38.60317611694336,20399100
2020-06-18,38.28545972689808,38.50284682165888,37.91756945798823,38.318904876708984,22423500
2020-06-19,38.67843623060961,38.88746367134671,37.666744182923416,37.892494201660156,36103200
2020-06-22,37.7168964913141,38.00953351285992,37.466064302917076,37.75870132446289,18398600
2020-06-23,38.39414141640373,38.586449381658134,37.89247706136003,38.01789474487305,23222400
2020-06-24,37.86740881380204,38.01790881391053,37.11490881325958,37.41590881347656,22840100
2020-06-25,37.432618537122195,37.892478073108094,36.95603643025445,37.808868408203125,19114900
2020-06-26,37.725265240755775,38.88745710468155,37.31557331221616,38.720237731933594,106928300
2020-06-29,38.7453121317832,38.83728468182041,38.18511714042225,38.58645248413086,23875400
2020-06-30,38.58646282996739,39.30551447226901,38.54465479455582,38.99615478515625,21888800
2020-07-01,38.912539787654865,39.06303976400114,38.461039858616026,38.511207580566406,17129500
2020-07-02,38.82300216281731,38.949407841180644,38.32581142368745,38.45221710205078,19632000
2020-07-06,38.82300431175563,39.17693830198602,38.654464469485454,39.11794662475586,16152900
2020-07-07,38.86513631739511,39.00839630051555,38.393228642715876,38.45221710205078,17102800
2020-07-08,38.41851057636703,38.823004268587624,38.1909822717498,38.603904724121094,15020800
2020-07-09,39.26963319345605,39.77525273355573,38.94941102081947,39.353904724121094,26027700
2020-07-10,39.37918652615371,39.53929762040107,38.96626725665196,39.32019805908203,13775700
2020-07-13,39.49715774429993,39.59828357147112,38.57861904258924,38.70502471923828,17965500
2020-07-14,38.33424304871764,39.18536460747498,38.266825824650034,38.983116149902344,19303500
2020-07-15,39.1853616012257,39.463452807224506,38.75558808197201,39.10109329223633,15705000
2020-07-16,38.51121451995856,38.6207659190489,38.08986644690569,38.57862854003906,17709400
2020-07-17,38.797720909326586,39.54771976341882,38.66288969077775,39.396034240722656,20389700
2020-07-20,39.32861717925473,39.690976683277036,38.983111979446235,39.58142852783203,15966500
2020-07-21,39.842669051687345,39.88480642677614,39.48030948541034,39.62356948852539,16044700
2020-07-22,39.623568303713455,39.699411076122914,39.21064582845521,39.52244567871094,27218300
2020-07-23,39.589850005856405,40.19659203670815,39.33704189787802,39.95220947265625,23750200
2020-07-24,40.0196320045922,40.14603446807625,38.856710695685244,39.10109329223633,16983600
2020-07-27,39.32019496663066,39.82581127737377,38.89042142396203,39.766822814941406,15576000
2020-07-28,39.589857319768214,39.674128847749174,38.94098102015025,38.999969482421875,13975300
2020-07-29,39.1010976744583,39.50559138927446,39.07581460722397,39.36233139038086,11618200
2020-07-30,38.873573840617944,39.15166189522661,38.2415517355802,39.13480758666992,15385100
2020-07-31,39.09267314955526,39.69941539483558,38.646045227129825,39.69098663330078,17701100
