Date,Open,High,Low,Close,Volume
2016-04-01,37.50115050477174,38.13907735103914,37.40407090159999,38.12075424194336,31674000
2016-04-04,38.112833541940674,38.25795606943942,37.73047413066568,37.89540481567383,26924000
2016-04-05,37.549188082913126,37.78395359346003,37.42387753274643,37.570980072021484,24478000
2016-04-06,37.534831590543355,38.05884839595257,37.45855771841655,38.04151153564453,25312000
2016-04-07,37.90530223772778,38.1053978463492,37.51798896572283,37.64775466918945,25498000
2016-04-08,37.93254967484541,37.994955573336725,37.43231245691766,37.61556625366211,23434000
2016-04-11,37.91173828017728,37.99940503675809,37.51006204923836,37.51996612548828,31774000
2016-04-12,37.56405522264028,37.885493752969026,37.22428602387416,37.855777740478516,27388000
2016-04-13,38.1524531610522,38.42188866227975,37.869149683869864,38.2317008972168,35426000
2016-04-14,38.402575318940805,38.613070031877825,38.29658166131791,38.40406036376953,26992000
2016-04-15,38.40950761970658,38.6784480927536,38.38127287550089,38.63238525390625,31712000
2016-04-18,38.641797532961036,39.055860544655744,38.51401565534559,39.01276779174805,33540000
2016-04-19,39.15244079478409,39.174727803987004,38.150473844421946,38.4466552734375,43952000
2016-04-20,38.590786577128455,38.61555244151473,38.200004363004034,38.38078308105469,34262000
2016-04-21,38.499154444055584,38.71559310554026,38.213867142390555,38.63238525390625,77628000
2016-04-22,36.844896001095734,37.340678034305846,36.174279222395306,36.54079055786133,140798000
2016-04-25,36.42093479305841,36.892941020861805,36.40855186114279,36.76070022583008,49442000
2016-04-26,36.87015299325561,36.9280999661002,35.676509591231394,35.926631927490234,55864000
2016-04-27,35.92415278068243,36.014789629674375,35.11980648228856,35.732975006103516,66262000
2016-04-28,35.82361490803624,36.11930131002236,34.828581986418435,34.92070388793945,62590000
2016-04-29,34.874151378431705,35.26988371741744,34.8573095336667,35.06037902832031,58278000
2016-05-02,35.260469966627014,35.433324632210166,34.985090537433294,35.38379669189453,33476000
2016-05-03,35.289193679181835,35.3322826444029,35.03313118341403,35.08810806274414,38620000
2016-05-04,35.00539903230092,35.41549432613991,34.87067940109443,35.23323059082031,34172000
2016-05-05,35.41302174341661,35.53931857250475,35.13813729761531,35.398658752441406,29668000
2016-05-06,35.274344021418024,35.95734376958837,35.26196108951972,35.9172248840332,39952000
2016-05-09,35.992504989133266,36.36842914813491,35.83401330201769,36.11286163330078,38074000
2016-05-10,36.40161546428539,36.651239031030414,36.23569476806669,36.62053298950195,32634000
2016-05-11,36.67699517933567,36.690863155362834,36.051942449477195,36.18319320678711,29834000
2016-05-12,36.25501046120543,36.421924977806384,35.87215605133095,36.06036376953125,27094000
2016-05-13,35.98854387776571,36.21984053992493,35.834507329223655,35.89988708496094,25244000
2016-05-16,35.87462927120066,36.28868849707507,35.66066567016862,36.17081069946289,22538000
2016-05-17,36.208450361907204,36.44569097482514,35.56160570460678,35.67007064819336,33404000
2016-05-18,35.58637328678557,35.936541588975,35.41401360741658,35.74882888793945,32536000
2016-05-19,35.57646784791149,35.685431597811636,35.180731732091246,35.428375244140625,30598000
2016-05-20,35.485334856943105,36.04203394785662,35.413516124612315,35.745357513427734,34798000
2016-05-23,35.6596744917315,35.83401421839503,35.509106818310286,35.52445983886719,24816000
2016-05-24,35.65323400325436,36.36396961924162,35.64332614743624,36.30602264404297,37884000
2016-05-25,36.403598756887234,36.64579334223057,36.284730921034495,36.55713653564453,32216000
2016-05-26,36.453128436870365,36.70572590644266,36.30454457968826,36.49919128417969,27202000
2016-05-27,36.52790688725396,37.04300575897087,36.50314102872605,37.027652740478516,34802000
2016-05-31,37.085113992794206,37.318889547845316,36.927117298199484,37.08957290649414,42484000
2016-06-01,37.070750294527095,37.21438399403629,36.86619574306748,37.070255279541016,20788000
2016-06-02,36.95336115470181,37.0127969514814,36.502648197954244,36.86272430419922,33916000
2016-06-03,36.72503438171717,36.72503438171717,36.34960525815896,36.44618606567383,24608000
2016-06-06,36.57694724228561,36.57694724228561,36.07126110786057,36.1589241027832,29992000
2016-06-07,36.317907938553475,36.48828374743537,36.19557124558525,36.20993423461914,24314000
2016-06-08,36.626471613868354,36.83994018689096,36.44173280011592,36.796356201171875,32314000
2016-06-09,36.50612005374246,36.845885461754385,36.477889087126684,36.77605056762695,19180000
2016-06-10,36.4506531168908,36.63341190238269,36.18121758123633,36.3139533996582,29050000
2016-06-13,36.147035646029316,36.60170873283684,36.147035646029316,36.24906539916992,23354000
2016-06-14,36.12177952805844,36.45312592789525,35.98260474442586,36.31692123413086,26584000
2016-06-15,36.3996304271619,36.51007921602251,36.220831790789894,36.26441955566406,23234000
2016-06-16,36.05491503495733,36.17527169300012,35.43977011895962,35.87116622924805,45002000
2016-06-17,35.729512816402405,35.729512816402405,34.72556574470168,34.880592346191406,82262000
2016-06-20,35.18073492384493,35.456114413307816,34.93804531806589,34.97370529174805,45654000
2016-06-21,35.16785221997364,35.43184254999821,34.900895579092385,35.10990524291992,30318000
2016-06-22,35.36596945485646,35.373893472896775,34.961319289923196,35.188655853271484,29058000
2016-06-23,35.1926220771718,35.407080708348346,34.682477011742776,35.406585693359375,42500000
2016-06-24,34.18322743330838,34.91773901679458,33.92270594646883,33.937068939208984,95436000
2016-06-27,33.80284579665207,33.8444497270407,33.315977785117845,33.73598098754883,58146000
2016-06-28,34.24265444781034,34.310509274011096,33.919727144124266,34.237205505371094,38246000
2016-06-29,34.38579518880809,34.6453228159784,34.30753748786173,34.431854248046875,43124000
2016-06-30,34.55369743884555,34.856812842639116,34.41749275736382,34.84492492675781,42250000
2016-07-01,34.92268856686224,35.29068494560745,34.85483373174089,35.17776107788086,30984000
2016-07-05,34.91822499368618,35.072257753887065,34.62699753671093,34.91228103637695,28440000
2016-07-06,34.662166587541094,35.31396522804846,34.62056266019424,35.11436462402344,28902000
2016-07-07,35.170817847544264,35.173787936444974,34.703266906243,35.029659271240234,21174000
2016-07-08,35.19311528725154,35.55665654375242,35.07176860384999,35.55071258544922,29946000
2016-07-11,35.63193970544159,36.10295588116853,35.60469876800274,36.01727294921875,28822000
2016-07-12,36.25104862543386,36.433312376512376,36.03213109516511,36.280269622802734,26468000
2016-07-13,36.42934705832271,36.42934705832271,36.10740978202977,36.130191802978516,20436000
2016-07-14,36.35109635712433,36.46006011272278,36.18517564882316,36.44322204589844,21408000
2016-07-15,36.70076580323066,36.70076580323066,36.38576248646314,36.43479919433594,32342000
2016-07-18,36.547718359070444,37.40109753546447,36.47837849055098,37.30501174926758,38698000
2016-07-19,37.140077123332645,37.47290845650473,37.071727291879235,37.31541061401367,30436000
2016-07-20,37.34712350956064,37.67351979728522,37.34712350956064,37.497196197509766,22502000
2016-07-21,37.4932251597202,37.55018588658459,37.221809601242725,37.36494827270508,19062000
2016-07-22,37.50907575319227,37.61457061327195,37.278270321081564,37.60615158081055,20920000
2016-07-25,37.52690595157455,37.63289961126049,37.34810730646368,37.51898193359375,21466000
2016-07-26,37.518978355371786,37.60516007251645,37.2827277683765,37.52541732788086,23792000
2016-07-27,37.590807460749055,37.86222307465339,37.44023975568504,37.7393913269043,32172000
2016-07-28,38.07965223749696,38.08609121121549,37.59674432356896,37.93106460571289,73464000
2016-07-29,39.50953284322333,39.818093344974194,39.12766480220496,39.194034576416016,101810000
2016-08-01,38.96273826001454,39.9939260488374,38.88200548987763,39.66951370239258,60594000
2016-08-02,39.490717700141126,39.737866175714565,39.35203795006782,39.628902435302734,39928000
2016-08-03,39.44812655132865,39.60017927231343,39.27725192614084,39.5694694519043,29206000
2016-08-04,39.53579211991361,39.632867958200386,39.32182850795127,39.486759185791016,21520000
2016-08-05,39.62841259538579,39.98056095932397,39.514494912240835,39.9661979675293,36146000
2016-08-08,39.92013119791531,39.99937893122146,39.70666262315225,39.881996154785156,24426000
2016-08-09,39.84534611117556,40.28318118761505,39.8240491310705,39.993438720703125,32154000
2016-08-10,39.97213709587108,40.16182983487827,39.944401145585964,40.04345703125,18370000
2016-08-11,40.141523543774255,40.31041810157045,39.92013095278801,40.02909469604492,25646000
2016-08-12,39.875057818878155,39.979067623445786,39.80323909605845,39.97213363647461,17946000
2016-08-15,39.98006273119915,40.18560729207288,39.82256107035205,39.91815185546875,18596000
2016-08-16,39.796308931056345,39.83395273750911,39.47437163148233,39.68190002441406,21158000
2016-08-17,39.62295775017451,39.901806068676585,39.43970021023365,39.89140319824219,21322000
2016-08-18,39.888437417129474,40.01919316159791,39.70369481252694,39.7591667175293,17292000
2016-08-19,39.612562956075244,39.683886682730765,39.46843801523454,39.605628967285156,22416000
2016-08-22,39.549157198042984,39.588286046041326,39.34212761579929,39.471893310546875,17056000
2016-08-23,39.64673001841068,39.67248590844643,39.424347406249005,39.454063415527344,18350000
2016-08-24,39.46743481675115,39.54668254334994,39.16530947188754,39.305973052978516,25672000
2016-08-25,39.226732319812804,39.361451967553045,38.99048170003361,39.19206237792969,24054000
2016-08-26,39.25099635613975,39.593240580805094,39.098448638330076,39.28715133666992,24978000
2016-08-29,39.27873318508929,39.54965370580238,39.143518542812494,39.41592788696289,15474000
2016-08-30,39.27031093913358,39.52389836014121,39.101416403834925,39.22276306152344,23348000
2016-08-31,39.10786014205451,39.20543098345982,38.988992322911685,39.120243072509766,21428000
2016-09-01,39.22573601914554,39.27080882575827,38.94590145394553,39.1970100402832,26070000
2016-09-02,39.38868589221172,39.47932273994229,39.28913121905614,39.46792984008789,26998000
2016-09-06,39.543219644284996,40.1623284317512,39.39661586237993,40.02018356323242,39790000
2016-09-07,40.01572196299426,40.14796274467995,39.80720731634327,40.01869583129883,22906000
2016-09-08,39.88150386208578,40.03999556077648,39.67298542236639,39.76362228393555,23554000
2016-09-09,39.562041067354286,39.709638656123914,39.0310940729756,39.052391052246094,37752000
2016-09-12,38.856261160710666,39.631382820248135,38.80573940302876,39.56452178955078,37274000
2016-09-13,39.32628414321109,39.41444592578274,38.84684517149424,39.06427764892578,36180000
2016-09-14,39.005340545495145,39.44119557138707,39.005340545495145,39.15045928955078,25842000
2016-09-15,39.12817079726856,39.80374152732934,39.06130598946674,39.68388366699219,31144000
2016-09-16,39.57442195861149,39.57442195861149,39.306966526020986,39.52241516113281,42612000
2016-09-19,39.677933879364375,39.82057752213832,39.303993583058045,39.394630432128906,22990000
2016-09-20,39.62296606389315,39.75917076548589,39.53678432913867,39.61206817626953,20984000
2016-09-21,39.68537052401841,39.91568097085668,39.42633409288401,39.872093200683594,26970000
2016-09-22,40.11824841371804,40.566977574863046,40.004829530746385,40.41294479370117,35186000
2016-09-23,40.372824722593656,40.46494662386342,40.25346188501585,40.36391067504883,28234000
2016-09-26,40.10933363160005,40.1222115774968,39.64524767933799,39.75421142578125,29454000
2016-09-27,39.713594767308365,40.291099560315516,39.713594767308365,40.15439987182617,27346000
2016-09-28,39.82503441529191,40.13062866117835,39.76064846767519,40.1212158203125,29406000
2016-09-29,39.981059738508215,40.31191115339215,39.665561346817135,39.75372314453125,27000000
2016-09-30,39.801265064764245,40.02364769639707,39.69725524444355,39.82404708862305,33204000
2016-10-03,39.74926342156919,39.798296359028136,39.436243890104386,39.641788482666016,29784000
2016-10-04,39.870601484709326,39.94489528670207,39.606614947858944,39.76114273071289,25174000
2016-10-05,39.92013428290503,40.043956041709784,39.65812777380331,39.68388366699219,24276000
2016-10-06,39.825040645746085,39.967189302144234,39.64822582491078,39.7755126953125,21998000
2016-10-07,39.91667206881517,39.917167083816935,39.46546400532921,39.65813064575195,23262000
2016-10-10,39.81760838753281,40.48377003582438,39.733905515755836,40.32478332519531,29922000
2016-10-11,40.32478210045062,40.606600527949496,39.98798678502359,40.09695053100586,34432000
2016-10-12,40.21532642166276,40.34112824262493,40.04643562543831,40.20591735839844,18158000
2016-10-13,39.92360357023108,39.94787064002745,39.55461336491413,39.82503890991211,27380000
2016-10-14,39.99195054123899,40.12270628020538,39.737868066074995,39.850791931152344,22238000
2016-10-17,39.919635830808495,40.29110107523914,39.81265592627688,39.961734771728516,21128000
2016-10-18,40.32676857796853,41.04988726878374,40.283184584135476,40.687339782714844,45786000
2016-10-19,40.756180737357184,41.09892003234839,40.756180737357184,40.95231246948242,30002000
2016-10-20,40.98797367974325,41.03304649439143,40.640779239544564,40.694271087646484,27878000
2016-10-21,40.6135353198127,40.82601387293646,40.52983244892093,40.81462097167969,32316000
2016-10-24,41.113281401725494,41.50207974585815,41.06127460219689,41.39311599731445,28952000
2016-10-25,41.52981452874955,41.52981452874955,40.87603583463335,41.03700637817383,37814000
2016-10-26,40.96617425204781,40.99539902445275,40.43275224897416,40.7175407409668,35898000
2016-10-27,40.762614092905096,40.939428880682605,40.34657107381869,40.48228073120117,59470000
2016-10-28,41.10585239134757,41.55458155284639,40.4649478463459,40.59174346923828,87098000
2016-10-31,40.73388260932353,40.74379046438234,40.019186928773024,40.11328887939453,44854000
2016-11-01,40.16133910143331,40.3143856379736,39.53678135977977,39.894378662109375,47118000
2016-11-02,39.957775587332776,39.957775587332776,38.880029826845984,39.04941940307617,47014000
2016-11-03,38.85525743182062,39.12766674980231,38.56452500684914,38.740848541259766,43504000
2016-11-04,38.20149138523326,39.05239574331703,38.186633377328604,38.68687438964844,39412000
2016-11-07,39.37283984022069,39.870601894834735,39.271305102410835,39.72350311279297,39852000
2016-11-08,39.723504267357484,40.41739805152858,39.60413765307024,40.216312408447266,35382000
2016-11-09,39.713594605728545,40.20293762009324,39.228710504227664,39.89982223510742,61970000
2016-11-10,40.118249505226984,40.1212195949968,38.049434609680205,38.646751403808594,118192000
2016-11-11,38.47439137391961,38.49816342807949,37.91620343934803,38.223777770996094,71852000
2016-11-14,38.22427143437527,38.2252614642544,36.82904726538873,37.306007385253906,73766000
2016-11-15,37.91273189155231,38.644273256932934,37.90035273975532,38.39266586303711,58878000
2016-11-16,38.15790222483213,38.805736977191685,37.95533152801052,38.63139724731445,35968000
2016-11-17,38.75621101406046,39.07319441845771,38.624960250305676,38.93748474121094,30674000
2016-11-18,38.98750782925376,39.191563562231025,38.40207899380685,38.43278503417969,36126000
2016-11-21,38.53827966022365,38.95679777329987,38.4491278504634,38.87012481689453,32616000
2016-11-22,39.0776444689384,39.31439004922627,38.81761807526623,38.88002395629883,27884000
2016-11-23,39.10390581015946,39.10390581015946,38.268354511843725,38.582862854003906,26260000
2016-11-25,38.7616537230008,38.776016712371174,38.542736220716364,38.643775939941406,12270000
2016-11-28,38.55066376960576,39.61008264826148,38.5382808386721,38.919158935546875,51508000
2016-11-29,39.047435625864814,39.4466368309274,38.89686795314394,39.099937438964844,31240000
2016-11-30,39.08309813633009,39.2024609706254,38.293114783861434,38.42832565307617,45582000
2016-12-01,38.5605663781449,38.5630414524988,37.312936188063325,37.856266021728516,57342000
2016-12-02,37.735921009534806,38.1618681687482,37.592287313638174,37.86271286010742,34376000
2016-12-05,38.13709857126541,38.63238556569743,37.98702591666437,38.54422378540039,33770000
2016-12-06,38.64179446654179,38.89389687577066,38.301534056124154,38.44318389892578,34682000
2016-12-07,38.62990682505034,39.22672472485992,38.31192967249922,39.200477600097656,40588000
2016-12-08,39.27378188193176,39.57343218052212,39.0241583214218,39.38373565673828,32250000
2016-12-09,39.588283681582276,40.11576546077649,39.526372816559075,40.090999603271484,38090000
2016-12-12,39.861692522203306,40.1851148976498,39.84732953062635,40.01424026489258,32572000
2016-12-13,40.23661601762069,40.82650371619379,40.214329011617224,40.38272476196289,42564000
2016-12-14,40.4114585441862,40.824527723049094,40.25593694407588,40.509029388427734,35994000
2016-12-15,40.4827832710608,40.7621266548893,40.217307864488326,40.39809036254883,35394000
2016-12-16,40.52983302871288,40.57391203204998,40.02513316392819,40.11032485961914,51978000
2016-12-19,40.082587523713634,40.42631682685612,39.845838128020986,40.242069244384766,25272000
2016-12-20,40.28515660360441,40.43968816872117,40.167773829700835,40.37579345703125,25438000
2016-12-21,40.40154689251946,40.40154689251946,39.875553898413706,40.22720718383789,29192000
2016-12-22,40.07367575047343,40.171246600921556,39.921619245224505,40.10240173339844,22632000
2016-12-23,40.01968402892712,40.166287794276506,39.87605035300641,40.009281158447266,15310000
2016-12-27,40.0528657386515,40.41541692755279,39.91022586915704,40.114776611328125,19520000
2016-12-28,40.28317531386213,40.28317531386213,39.74380934402393,39.84930419921875,24296000
2016-12-29,39.738364988807035,39.90775079455509,39.53084035877363,39.76560592651367,21148000
2016-12-30,39.78194665052405,39.78591054870447,39.108851044056664,39.249019622802734,34718000
2017-01-03,39.653671332675636,40.18957230095374,39.46893249162255,40.019691467285156,39180000
2017-01-04,40.11280473449718,40.28813829639935,39.82653112854575,40.00780487060547,30306000
2017-01-05,39.99443046799224,40.30348986838387,39.91617653258882,40.26782989501953,26810000
2017-01-06,40.36539335727956,41.05731083176217,40.19253868706999,40.871578216552734,40342000
2017-01-09,40.929027851080434,41.130113474393404,40.69376730759002,40.969146728515625,28178000
2017-01-10,40.96370329093332,41.079601026185316,40.76905661359754,40.91120147705078,23948000
2017-01-11,40.941411201917184,41.10386299409677,40.686338724521754,41.10188293457031,26508000
2017-01-12,41.028580050214984,41.127639709766335,40.66355380140094,41.085540771484375,26990000
2017-01-13,41.158342708763286,41.33912137832814,41.08504272272163,41.155372619628906,25804000
2017-01-17,41.10881877067412,41.117732817683695,40.77202347778889,40.98301696777344,28818000
2017-01-18,41.09891368017955,41.099408695071226,40.81560645507907,41.060279846191406,20554000
2017-01-19,41.05929169596535,41.25740724515224,40.80966814450937,40.82997131347656,21410000
2017-01-20,41.06375252744144,41.07118530966726,40.8413698803792,41.0181884765625,26124000
2017-01-23,41.18856763000142,41.87850136750815,41.04443891804039,41.823524475097656,49148000
2017-01-24,41.94981406107563,42.174675520366705,41.7170285847759,42.076114654541016,33768000
2017-01-25,42.27522044949486,42.53474806755264,42.086513969999984,42.51791000366211,33108000
2017-01-26,42.54762745938286,42.64420826944014,42.125149236931115,42.44510269165039,69866000
2017-01-27,42.545154673095425,42.941382011600886,41.69821434425477,41.85323715209961,75050000
2017-01-30,41.45849401547241,41.46691304798565,40.66454675231036,40.80323028564453,70338000
2017-01-31,40.588761330591744,40.765579878441166,40.286636008967726,40.6229362487793,40404000
2017-02-01,40.81164822539706,40.81164822539706,40.22968450787155,40.377777099609375,45020000
2017-02-02,40.36589340404101,40.83938844493394,40.2197846354271,40.5273551940918,33784000
2017-02-03,40.76855600912753,40.91713982520891,40.58133458160615,40.61996841430664,30562000
2017-02-06,40.65910523524347,40.73191022356615,40.33072892911232,40.69377517700195,27018000
2017-02-07,40.885943707671984,41.20391711792648,40.7764849472161,41.070682525634766,33332000
2017-02-08,41.13506580058018,41.31931335344,40.86662037711549,41.10287094116211,26044000
2017-02-09,41.19450636126251,41.206889292741955,40.935473723814795,41.111793518066406,23884000
2017-02-10,41.254931427405566,41.46295106892511,41.13408354083997,41.349037170410156,28302000
2017-02-13,41.49019119062651,41.690290589000725,41.41837623677785,41.5526008605957,25914000
2017-02-14,41.59271668883884,41.7031654824509,41.397574993956574,41.605594635009766,27266000
2017-02-15,41.54516570641992,41.69177325287088,41.41688882670008,41.471370697021484,27144000
2017-02-16,41.5298172941104,41.7373419277721,41.46840142945694,41.71158981323242,20102000
2017-02-17,41.66898499683495,41.94783330461815,41.5932061535105,41.92851638793945,29224000
2017-02-21,41.99984032247682,42.208354951772925,41.928516612722305,42.063236236572266,25206000
2017-02-22,42.000343766042405,42.287112371049496,41.936449045498655,42.1667594909668,24488000
2017-02-23,42.15288967970254,42.229163550307334,41.727932558661394,42.14892578125,27734000
2017-02-24,41.98300844579917,42.01817340476764,41.75071793186531,41.99093246459961,26924000
2017-02-27,41.8492780553022,42.132581535048224,41.753192252640154,42.08305358886719,20206000
2017-02-28,41.968147314362604,42.041451095606234,41.67543098309519,41.84828567504883,27662000
2017-03-01,42.1677492187837,42.495630516427205,42.05086144443764,42.433719635009766,36374000
2017-03-02,42.41191817926848,42.42083600523113,42.03599780628442,42.09196472167969,25018000
2017-03-03,42.046895205012426,42.14001091881585,41.83739051706491,42.053829193115234,20100000
2017-03-06,41.943869231617455,42.0468890080673,41.66205083570983,41.964176177978516,20958000
2017-03-07,41.96368258199487,42.26432288978439,41.87750464482153,42.156349182128906,20774000
2017-03-08,42.25391864120118,42.44262511599391,42.16130173463177,42.2796745300293,20576000
2017-03-09,42.282153028819565,42.629842410126955,42.23163128135097,42.487693786621094,26954000
2017-03-10,42.728411203442974,42.80419005997063,42.476312549147444,42.664520263671875,26732000
2017-03-13,42.635792939895076,42.9478224043921,42.63529792494081,42.82152557373047,23332000
2017-03-14,42.78041408259422,42.97011060337482,42.60112043270681,42.88739776611328,21234000
2017-03-15,42.9879363820528,43.08402217457736,42.6590651104232,43.010223388671875,26658000
2017-03-16,43.11622435870599,43.224198084592885,42.9671417168842,43.08997344970703,22090000
2017-03-17,43.27223264901563,43.30888642625031,43.00923612924687,43.20735168457031,37366000
2017-03-20,43.06421291993208,43.10680687622737,42.82598226213966,42.986454010009766,30844000
2017-03-21,43.09293320937475,43.26182774620388,41.98497658339938,42.1063232421875,50760000
2017-03-22,42.073637169881756,42.36437340663717,41.95080545540332,42.0894889831543,27334000
2017-03-23,41.67294699874479,41.687805002055654,41.25740280594415,41.58676528930664,65754000
2017-03-24,41.703161068678135,41.80222072922402,41.06424420717066,41.36339569091797,42114000
2017-03-27,41.01421882435238,41.67245640350525,40.82650614613545,41.53030776977539,38692000
2017-03-28,41.58876089481395,41.87156938881878,41.2212557119897,41.635318756103516,30384000
2017-03-29,41.74030940949602,42.17814063455904,41.67245458190528,42.092952728271484,29146000
2017-03-30,42.19746831729639,42.19845834733284,41.939425679400664,42.073646545410156,18988000
2017-03-31,41.94238983810023,42.07760449376498,41.863640895192894,41.99043273925781,28820000
2017-04-03,42.03748848244202,42.545158465813095,41.97706264597069,42.433719635009766,39388000
2017-04-04,42.00033805425113,42.24798154801737,41.97606720829683,42.2266845703125,26970000
2017-04-05,42.33267369614479,42.623901170013,41.97656148173173,42.045406341552734,37104000
2017-04-06,42.074636087758805,42.27721059008145,41.802230460010904,41.856712341308594,30672000
2017-04-07,41.85175595214637,41.89533994312617,41.470386584222254,41.70812225341797,22232000
2017-04-10,41.68038469765035,41.9379360712453,41.64323968162232,41.68830871582031,20924000
2017-04-11,41.68830544479964,41.83342417151486,41.33665213194565,41.59816360473633,19486000
2017-04-12,41.52783450631439,41.78835595432547,41.48474553451597,41.676422119140625,22716000
2017-04-13,41.65561580686632,41.788850397399514,41.497622912434174,41.61302185058594,21474000
2017-04-17,41.672461606303045,42.3787421714296,41.655124745944256,42.35348129272461,20982000
2017-04-18,42.225193603460575,42.465408082519694,42.16130267358907,42.29701232910156,18724000
2017-04-19,42.465413211931285,42.60458798850671,42.274231635377376,42.42182922363281,21606000
2017-04-20,42.58180241337638,42.78932702355084,42.470858613330456,42.5986442565918,23776000
2017-04-21,42.62538785626296,42.715533475623964,42.482252967104046,42.54267501831055,23458000
2017-04-24,43.01270680639477,43.583277664577906,42.89730408439131,43.53226089477539,33930000
2017-04-25,43.697189163616315,44.19198114109263,43.54959536298666,44.02309036254883,40760000
2017-04-26,44.149383602198945,44.22863132834643,43.840324271954984,44.03794479370117,26466000
2017-04-27,44.08053935192594,44.24794507441495,43.94086957822186,44.151859283447266,46846000
2017-04-28,46.01217084935121,46.35391636769337,45.72589346382503,45.790283203125,76918000
2017-05-01,45.77194658684843,46.34994640026166,45.60602590244416,46.201358795166016,46556000
2017-05-02,46.22365549539334,46.705074560714195,46.11122285799709,46.4128532409668,35026000
2017-05-03,46.361343350318045,47.062171161056426,46.31973942185553,46.97549819946289,36496000
2017-05-04,47.06662872236477,47.50495878222806,46.922005006805605,47.286041259765625,38752000
2017-05-05,47.385095019843064,47.47028670904223,46.95815788023436,47.066131591796875,32310000
2017-05-08,46.92596321440944,47.59657989748785,46.92348436127795,47.482666015625,37534000
2017-05-09,47.61343080223062,47.65651977728946,47.270196489197204,47.384605407714844,33758000
2017-05-10,47.360342046475374,47.38460911825445,47.04434864715224,47.2919921875,22920000
2017-05-11,47.116154949443604,47.448000104346505,46.983419154726356,47.34398651123047,20622000
2017-05-12,47.44106742587728,47.44750262001972,47.15429507199372,47.30684280395508,24298000
2017-05-15,47.31426828819068,47.68127460023484,47.19193159126273,47.508914947509766,26754000
2017-05-16,47.72338087205677,47.83976984140722,47.56488918212898,47.77587890625,22030000
2017-05-17,47.53269268468349,47.59658361764567,46.55994680647657,46.66445541381836,48982000
2017-05-18,46.71546901445875,47.25929392099857,46.61987823184976,47.077030181884766,36010000
2017-05-19,47.19193684006295,47.525762076163396,47.15132294153553,47.28257369995117,27206000
2017-05-22,47.39895820822505,47.786275221726356,47.37716621789478,47.74912643432617,27748000
2017-05-23,48.040866432431706,48.26621918073397,47.77043708848416,48.07008743286133,30908000
2017-05-24,48.303357473485704,48.445007309755695,48.123568817457056,48.41975021362305,22660000
2017-05-25,48.48859345832482,49.319685660813356,48.43014769338141,49.12553024291992,39082000
2017-05-26,49.132465041782595,49.34989749902524,48.902653433501094,49.195369720458984,32728000
2017-05-30,49.15723958660026,49.410827069459465,49.10077764902285,49.33900833129883,30324000
2017-05-31,49.340989070989444,49.508889828238004,48.621335583345704,48.889286041259766,34482000
2017-06-01,49.08095597930686,49.188929683252745,48.60201207736699,48.94871520996094,26128000
2017-06-02,48.963582266303106,49.354364468013955,48.88829842429911,49.33653259277344,34710000
2017-06-05,49.42419454609459,49.895210693597605,49.303342887200884,49.72087097167969,27578000
2017-06-06,49.692637887650676,49.95513937855616,49.27114970174379,49.364261627197266,31042000
2017-06-07,49.483622592245084,49.722352022570036,49.32414088835182,49.602989196777344,27482000
2017-06-08,49.738205655835046,49.806060490077826,49.36129523418635,49.740684509277344,33758000
2017-06-09,49.80061766885454,49.80111268381829,47.219178871489504,48.04878616333008,72958000
2017-06-12,47.484152851691306,47.94377985172875,46.39848315644934,47.6371955871582,84042000
2017-06-13,48.143874108397874,48.4346065519198,47.64709833252278,48.06760025024414,40108000
2017-06-14,48.31525323233278,48.52327288640642,47.523285944430455,47.9403190612793,30110000
2017-06-15,46.95420202055689,47.58123482663765,46.57530774462255,47.55646896362305,48552000
2017-06-16,47.44403350476708,47.545073223867796,46.98787539224676,47.47919845581055,51184000
2017-06-19,48.025501914024744,48.503455831708585,47.953686962010025,48.3013801574707,29376000
2017-06-20,48.3058402499086,48.577259608117515,47.953691883948174,47.992820739746094,25946000
2017-06-21,48.081968971927985,48.515840121964764,48.015599182265596,48.468292236328125,23232000
2017-06-22,48.383095245911896,48.56288767624832,48.20677547727113,48.3707160949707,20190000
2017-06-23,48.31525179352967,48.86601073481301,48.263740007155725,48.839759826660156,31280000
2017-06-26,49.03341388976922,49.23103443417254,48.059182922284435,48.14635467529297,30358000
2017-06-27,47.626796112088115,47.90514563158612,46.90813273456309,46.95766067504883,48872000
2017-06-28,47.08495227495686,47.708021109942024,46.36678389743331,47.597572326660156,54912000
2017-06-29,47.119130656880415,47.134483677490955,46.04187990086387,46.449005126953125,64134000
2017-06-30,46.75459289280555,46.80461584594545,46.04236851950779,46.04583740234375,45754000
2017-07-03,46.22117222543091,46.27169397774513,45.334113036518254,45.53965759277344,33896000
2017-07-05,45.77442473535182,46.37322655139147,45.49855026269771,46.17362594604492,41882000
2017-07-06,45.814046260273315,46.3657951773651,45.558973764474764,45.9472770690918,40298000
2017-07-07,46.110722551527815,46.7877820368514,46.05128675295739,46.59709548950195,33266000
2017-07-10,46.65355726630272,47.20729001841975,46.65355726630272,47.10179138183594,29030000
2017-07-11,47.07802532528433,47.294464011333744,46.810569866645906,47.22710418701172,29224000
2017-07-12,47.590149397166705,48.02451558343207,47.40095165397296,47.926944732666016,32042000
2017-07-13,48.08245879639685,48.47373594672142,47.785287377302375,47.985877990722656,30492000
2017-07-14,48.24095354949988,48.41628329981763,48.05026700043019,48.38508224487305,21592000
2017-07-17,48.35585982693087,48.70404424272042,48.082460449319925,48.33802795410156,33210000
2017-07-18,48.20924778155342,49.07550489219079,48.14387181142916,48.88234329223633,28266000
2017-07-19,49.033916430761465,49.31078097415302,48.88532879376298,49.170616149902344,28242000
2017-07-20,49.380110686023265,49.46331853639547,48.76694591507201,49.14188003540039,28368000
2017-07-21,48.983890415717084,49.28651083606067,48.744665922102655,49.223609924316406,29266000
2017-07-24,49.23648503598266,49.835286868642214,49.046788502963956,49.44499969482422,79690000
2017-07-25,48.07751341363564,48.376169930477104,47.73576414263076,47.99480056762695,118672000
2017-07-26,48.180538600126965,48.238485588817454,47.5589546480799,47.8105583190918,44432000
2017-07-27,48.0022179218203,48.019059763165096,46.41135731340996,47.17657470703125,74358000
2017-07-28,46.95271863536961,47.636213401095,46.819979046305086,47.46484375,36276000
2017-07-31,47.547556181148856,47.60649697174753,46.642665029470805,46.82939147949219,45670000
2017-08-01,46.94379640374039,47.2746477579216,46.80264157328401,46.88188552856445,28052000
2017-08-02,46.97153783097796,47.007696597678716,46.18650829567477,46.93538284301758,40788000
2017-08-03,47.007681828318496,47.05225583584185,46.52923298662836,46.57182693481445,22478000
2017-08-04,46.75262196562369,46.93043060061568,46.547081153982965,46.84375762939453,25092000
2017-08-07,46.92943312348718,47.00075683941316,46.73032753854119,46.841766357421875,28916000
2017-08-08,46.76945359204091,47.17558875523791,46.6798067716231,46.76449966430664,30102000
2017-08-09,46.48021082197138,46.74320735193617,46.25584435171766,46.560943603515625,28018000
2017-08-10,46.309335003018006,46.373720953371,45.654566277193965,45.74421310424805,54148000
2017-08-11,45.750157312284315,46.228107461293106,45.62683057520137,46.0661506652832,32334000
2017-08-14,46.51091653191989,46.60848737850921,46.284074988540326,46.50398254394531,23012000
2017-08-15,46.60798465376967,46.70902436700252,46.39055598779793,46.461875915527344,22130000
2017-08-16,46.61889310921716,47.04731534508195,46.55896228849677,46.768470764160156,26906000
2017-08-17,46.7030866404181,46.7456805967927,45.944803121996515,45.94579315185547,33914000
2017-08-18,45.91212143245934,46.112217083117784,45.7372866626698,45.87249755859375,26748000
2017-08-21,45.85219044281597,45.975018395253066,45.49706821109512,45.6094970703125,26024000
2017-08-22,45.911130772753545,46.65406139321137,45.87200191444238,46.57679748535156,35502000
2017-08-23,46.40838780307842,46.82591586955474,46.3212198352478,46.68476104736328,22690000
2017-08-24,46.740727979797036,46.86949987198122,46.098338448627246,46.4029426574707,25892000
2017-08-25,46.51785243050318,46.593136271424925,46.0666481786786,46.08646011352539,23746000
2017-08-28,46.15480687493397,46.30190566342561,45.8690245518032,45.96907424926758,20988000
2017-08-29,45.563930704527486,46.46733298837685,45.53223085402362,46.34648132324219,23172000
2017-08-30,46.34251954090316,46.84721560492609,46.262281776992296,46.73676681518555,22406000
2017-08-31,46.86900533482183,47.40887010540671,46.86653026027988,47.31179428100586,33866000
2017-09-01,47.42224099331896,47.46483494601784,47.06612879528002,47.150821685791016,20858000
2017-09-05,46.896737316596436,47.121103749524444,46.33904449901787,46.63027572631836,29148000
2017-09-06,46.748651262840845,46.77985231622036,46.194423516786195,46.65702438354492,27830000
2017-09-07,46.76747440673989,47.07702876797397,46.43463922983732,47.04681396484375,22332000
2017-09-08,47.03740992343136,47.08693787076729,46.55747591388011,46.62681579589844,19998000
2017-09-11,46.91357772364601,47.184993233028614,46.60649847252906,46.71992111206055,26748000
2017-09-12,46.89971787044889,46.9576648480062,46.43315684540799,46.88634490966797,25696000
2017-09-13,46.82938509816708,47.1934213278719,46.79174129281177,47.07405471801758,21908000
2017-09-14,46.854151828246486,46.954696545398455,46.475752571223005,46.563419342041016,28548000
2017-09-15,46.56143938644609,46.64365721419299,46.12360432507197,46.323699951171875,39886000
2017-09-18,46.30983022653741,46.401457113748585,45.83386013774162,46.04930877685547,29474000
2017-09-19,46.23058409011098,46.45494676627424,45.896263864243735,46.40145492553711,24854000
2017-09-20,46.44454579811328,47.052261603356506,46.43315289804918,46.930419921875,40080000
2017-09-21,46.95964559067562,47.190942249459546,46.52626948868884,46.93091583251953,27414000
2017-09-22,46.69417775377249,47.0522700818385,46.59858695945934,46.71844482421875,21496000
2017-09-25,46.52973270510842,46.54459070911819,45.789772364009664,46.2736701965332,37468000
2017-09-26,46.393041313007586,46.75905765115233,46.31528239613262,46.429691314697266,33454000
2017-09-27,46.692688306566616,47.81649313441195,46.65355945406281,47.542598724365234,46692000
2017-09-28,47.36181483838551,47.85363290802106,47.32714490285601,47.78578186035156,28018000
2017-09-29,47.84472577365087,48.33060373488293,47.84472577365087,48.227088928222656,40622000
2017-10-02,48.32267904761472,48.42619385284135,47.644134473629876,47.91753387451172,30782000
2017-10-03,47.92199111460498,48.163694454476286,47.68178037712329,48.1458625793457,21666000
2017-10-04,48.13001147555852,48.26076721529586,47.825407245282896,47.883358001708984,21156000
2017-10-05,48.18102265164307,48.86055721649431,48.0562108746022,48.7951774597168,35618000
2017-10-06,48.53812862230013,49.24440916188403,48.464329827495845,49.21369934082031,31060000
2017-10-09,49.281057964821336,49.551483495892555,49.107708265416704,49.1478271484375,25910000
2017-10-10,49.29591517570532,49.40339387697298,48.59310354797711,48.9244499206543,23268000
2017-10-11,48.985867062808616,49.90363611707686,48.931385188343604,49.80854034423828,36300000
2017-10-12,49.71889351459423,50.10026285710925,49.583183843382095,49.80854034423828,30614000
2017-10-13,49.979907222641,50.2597418037526,49.878372482320046,49.91849136352539,26552000
2017-10-16,50.00565874664607,50.12304152060324,49.60398248187421,49.991790771484375,21420000
2017-10-17,49.89719705517133,50.24984041497498,49.828352189787,50.073516845703125,20260000
2017-10-18,50.0759956151185,50.33651329151259,49.79219334243559,50.159698486328125,25596000
2017-10-19,49.7639597813025,49.89125041254202,49.39497339053849,49.61983108520508,34284000
2017-10-20,49.877873894528726,49.95711784267704,49.64112452237975,49.779808044433594,32120000
2017-10-23,49.7852534911092,49.81546829312125,48.69165979352285,48.8125114440918,32786000
2017-10-24,48.86005730259879,48.996756981482015,48.393496340864175,48.9586181640625,28902000
2017-10-25,48.848671800904036,49.25282694158186,48.42520351989612,49.10572814941406,30574000
2017-10-26,49.45291891828231,49.851130071535,49.05668782466318,49.10374069213867,47396000
2017-10-27,51.06359902812028,52.67972091233253,50.85854946412761,51.19633483886719,103682000
2017-10-30,50.972955676074974,51.50142755564638,50.63467532940637,51.169586181640625,46804000
2017-10-31,51.16315055543624,51.55937790324692,50.83130538098546,51.165130615234375,30326000
2017-11-01,51.327590455980385,51.89915139046635,51.212682739598435,51.63862991333008,43262000
2017-11-02,51.509354282985996,51.78324869617565,50.94819249566028,51.65694808959961,26694000
2017-11-03,51.646051376608575,52.03782356509526,51.39345395493985,52.004638671875,27770000
2017-11-06,51.9605591145605,52.1334137876635,51.60890203191992,51.642581939697266,18294000
2017-11-07,51.98779498110379,52.17402638845428,51.65843247141537,52.123504638671875,26104000
2017-11-08,52.0076104921159,52.63365323491119,51.85902665816718,52.41572952270508,24276000
2017-11-09,51.90607607409388,52.0487159405944,51.30430043936339,51.892208099365234,35892000
2017-11-10,51.701525090729874,51.83822478775127,51.5702743367399,51.71539306640625,19442000
2017-11-13,51.549470598776864,51.9427278322744,51.47319673518232,51.56928253173828,18814000
2017-11-14,51.39692803960578,51.62376959352439,50.98137997803044,51.59107971191406,21012000
2017-11-15,51.26220398746124,51.491520596511826,51.052200517995686,51.33203887939453,18106000
2017-11-16,51.44793660177409,52.09230622164754,51.410791588647825,51.92935562133789,23768000
2017-11-17,51.99523331117425,52.054665335510855,51.19930594710436,51.3062858581543,26712000
2017-11-20,51.31172733088796,51.445456923655776,51.14729170051542,51.245361328125,17526000
2017-11-21,51.5118278844198,52.02445174147042,51.467253868366655,52.01999282836914,22206000
2017-11-22,52.06258736318945,52.27407588117706,51.86893071906519,52.1002311706543,14538000
2017-11-24,52.222569100215786,52.50389251796374,52.10023239119901,52.32806396484375,16492000
2017-11-27,52.4295977852043,53.14627738858993,52.24138630427026,53.09526062011719,35430000
2017-11-28,53.19333282607308,53.4909993036399,52.22999970272659,52.66337585449219,36424000
2017-11-29,52.31122712385738,52.43950780323749,50.99723060672635,51.380088806152344,55866000
2017-11-30,51.50687871924846,51.71489835561749,51.018030684411244,51.320152282714844,45092000
2017-12-01,51.034871138541874,51.373151515629374,50.365739387532074,50.770389556884766,37762000
2017-12-04,50.905597190042286,51.08093072253201,49.98535309878607,50.11660385131836,38778000
2017-12-05,50.07301998993938,51.34541241539941,49.643607762605264,50.49946212768555,38998000
2017-12-06,50.34691424912757,51.48904594824603,50.28698343395342,51.1492805480957,28710000
2017-12-07,51.31520898293262,51.951650907935026,51.28004402390543,51.736202239990234,30866000
2017-12-08,52.09478295357833,52.32310954000198,51.80008657760177,51.974430084228516,31170000
2017-12-11,52.06011295182674,52.30230751380156,51.71390857117377,52.10270690917969,23254000
2017-12-12,52.00513853115986,52.62424732319747,51.751056041068246,51.944217681884766,33882000
2017-12-13,52.108149529847,52.27654527906351,51.83574019583258,52.073974609375,27680000
2017-12-14,52.27704858370643,52.851084515454254,52.1834378608064,52.37511444091797,30962000
2017-12-15,52.68764327758015,53.25573907743634,52.50488450839002,53.09476852416992,63760000
2017-12-18,53.31517959848607,53.81245055023593,53.014047966185196,53.74311065673828,30292000
2017-12-19,53.640570427365965,53.737151235429515,53.10813466702405,53.48009490966797,26350000
2017-12-20,53.53656649771495,53.55191951881382,52.92637176474287,53.172035217285156,28728000
2017-12-21,53.26267277041459,53.36816763839692,52.94618438772744,53.037811279296875,25640000
2017-12-22,52.99570906343734,53.08089697650318,52.878821301067504,52.939247131347656,17788000
2017-12-26,52.928353513987766,52.93925140083552,52.43306647345058,52.79016876220703,18376000
2017-12-27,52.82731738152425,52.91003022632868,52.42018835210679,52.51033020019531,22324000
2017-12-28,52.61186084015848,52.74014150332591,52.172540757075275,52.29983139038086,19884000
2017-12-29,52.27705298086757,52.4038448292665,52.13886445204989,52.17353439331055,23606000
2018-01-02,52.154714323536105,53.29189213324735,52.154714323536105,53.15469741821289,31766000
2018-01-03,53.190361765647495,54.28841459123976,53.16559968005486,54.06157302856445,31318000
2018-01-04,54.33744307367388,54.68364745853761,54.19727826890904,54.271568298339844,26052000
2018-01-05,54.65243941359534,55.15416533864201,54.57071661293118,54.991214752197266,30250000
2018-01-08,55.026388499569606,55.43054365481004,54.976860552117536,55.18537521362305,24644000
2018-01-09,55.39488201397876,55.39488201397876,54.887707080680556,55.11504364013672,26808000
2018-01-10,54.82827355493141,55.1145509137219,54.67869968094772,54.983795166015625,20734000
2018-01-11,55.091269974554386,55.21707178493261,54.80251756136048,55.078392028808594,22424000
2018-01-12,54.98181121814807,56.03181724529466,54.87829641598141,55.99962615966797,38586000
2018-01-16,56.47806814070995,56.90253019657511,55.802002478227394,56.002098083496094,36462000
2018-01-17,56.28243455967417,56.429038333336884,55.64499891828019,56.41814422607422,27830000
2018-01-18,56.43052065819257,56.49193651556535,55.69303913354998,56.26311492919922,27498000
2018-01-19,56.365149701268464,56.64993822763117,56.091255282613524,56.636070251464844,30552000
2018-01-22,56.65192394604837,57.79405573659688,56.55286427104463,57.65933609008789,29550000
2018-01-23,57.97929262141531,58.37007484102787,57.812381878179195,58.25417709350586,39138000
2018-01-24,58.69051592512428,58.79304069069063,57.8197998295314,58.01246643066406,37128000
2018-01-25,58.47903316808695,58.691511722351315,58.039713068543485,58.54985809326172,29984000
2018-01-26,58.81681329512731,58.81829833984375,57.851005205879616,58.81829833984375,42170000
2018-01-29,58.840096304058775,59.33538329726216,58.64495084057303,58.76481246948242,31494000
2018-01-30,58.33094693712644,58.83663307103419,58.171956441519015,58.3136100769043,37338000
2018-01-31,58.63255904676865,58.75687956994032,58.052579244367315,58.553810119628906,36022000
2018-02-01,58.24525022467427,58.81285091998001,57.916873975429795,58.52260971069336,73514000
2018-02-02,55.83965089388455,56.03182251079689,55.034809439004256,55.432525634765625,117842000
2018-02-05,54.511779658792,55.22400410026753,52.33895890910913,52.61879348754883,83550000
2018-02-06,51.211685308382165,53.85651601170891,51.01505480210104,53.71040725708008,76630000
2018-02-07,53.73715558547398,53.814419482431425,52.2339576950617,52.27308654785156,51942000
2018-02-08,52.49398716160833,52.69507282277826,49.761489413833445,49.91057205200195,66792000
2018-02-09,50.810494205442495,52.090315448670715,49.38010531257103,51.82038497924805,98360000
2018-02-12,52.33548856006512,52.77629366436565,51.781759597714995,52.23098373413086,56240000
2018-02-13,52.00513265566674,52.56084546082366,51.852584931601655,52.210182189941406,31586000
2018-02-14,52.21908898003305,53.26661973418674,51.995221352870644,53.129425048828125,41304000
2018-02-15,53.66186250442209,54.18934428884885,52.85850629570422,54.05363464355469,37396000
2018-02-16,54.15368626002008,54.893151621690954,54.06304940822292,54.258689880371094,39948000
2018-02-20,54.122978368258494,55.28838701412206,53.986278683509646,54.65937423706055,33754000
2018-02-21,54.932283383972866,56.2745107103021,54.853530664534716,55.16259002685547,41486000
2018-02-22,55.43103678505009,55.742571229309036,54.73664417818535,54.97190475463867,28010000
2018-02-23,55.40576962721717,55.91789842870444,54.8995885618863,55.872825622558594,25292000
2018-02-26,56.05955058022811,56.670735287297454,55.93473880553307,56.645973205566406,30912000
2018-02-27,56.64597807591566,56.6732190132798,55.31315976236426,55.348819732666016,42964000
2018-02-28,55.57120229933103,55.85104067566794,54.63015998149804,54.675724029541016,49292000
2018-03-01,54.95407522114462,55.039758149419924,52.86148461385466,53.06554412841797,55338000
2018-03-02,52.40037169625163,53.832249601046136,52.01058334084755,53.696044921875,50162000
2018-03-05,53.398378773982685,54.54001167475715,53.108137540447714,54.22203826904297,28648000
2018-03-06,54.58557409978571,54.760412599258935,54.20915496116103,54.52613830566406,23382000
2018-03-07,54.12595458039762,55.283938133886465,53.981825877237945,55.22648239135742,30748000
2018-03-08,55.3334648946313,56.03875159574201,55.3334648946313,55.93672561645508,33862000
2018-03-09,56.43795214678702,57.50281995269129,56.179909554464,57.494895935058594,42662000
2018-03-12,57.70341006855094,58.352733617329754,57.41366762954099,57.74699783325195,44306000
2018-03-13,58.03921636545667,58.34481062369362,56.19377801507319,56.45825958251953,43140000
2018-03-14,56.74998764349581,57.44140638851811,56.579113017042566,56.90303039550781,41870000
2018-03-15,56.93670458458376,57.57711027416449,56.24776098354262,56.98821258544922,33382000
2018-03-16,57.222988675952756,57.29529864742965,56.03479406625708,56.18635177612305,58656000
2018-03-19,55.36120006772286,55.44093903752452,53.93279103290788,54.48503875732422,63656000
2018-03-20,54.40232002021162,54.75645217553608,53.61085163849673,54.2735481262207,54598000
2018-03-21,54.1135737285054,54.91247114700298,53.84809835431222,54.18439865112305,44898000
2018-03-22,53.49149520564098,53.68515186344425,51.98730719914103,52.161155700683594,69312000
2018-03-23,52.0729846659789,52.83622203862637,50.76047349046453,50.84368133544922,49880000
2018-03-26,52.03485176957417,52.4642677813901,50.05271371080923,52.207706451416016,65984000
2018-03-27,52.69358319992127,52.725283048929974,49.41082180677937,49.87242889404297,60816000
2018-03-28,49.62330244793258,50.766424217892826,48.73624321927484,49.78525924682617,77698000
2018-03-29,50.08391801398573,51.9085543920975,49.728795812770564,51.368194580078125,69338000
2018-04-02,50.8966866336741,51.48657442750591,49.24391480101631,50.15425109863281,65068000
2018-04-03,50.32858496553638,50.766914996972,49.39249288398896,50.45389175415039,51322000
2018-04-04,49.44102987945127,51.150267195667425,49.355841972266745,51.00019454956055,50724000
2018-04-05,51.82633670716218,51.84218474253055,50.717389892770996,51.14531707763672,35836000
2018-04-06,50.67280703793724,51.311727661836606,49.8382497299174,50.021507263183594,40134000
2018-04-09,50.52124856386829,51.73717892349328,50.47964464177361,50.52372741699219,33220000
2018-04-10,51.02744269243296,51.56978260185334,50.29194114112864,51.33650207519531,36620000
2018-04-11,51.113619145641465,51.30529573701438,50.47965236224437,50.76988983154297,34060000
2018-04-12,51.08737197981285,51.74015688841402,50.818926504843326,51.37562561035156,32896000
2018-04-13,51.851102799988446,52.15272938196606,51.02199056921725,51.31371307373047,25410000
2018-04-16,51.78473263552287,52.07596012298749,51.20871285471783,51.811973571777344,29776000
2018-04-17,52.55985881246813,53.73864053482102,52.35629430982228,53.45929718017578,54584000
2018-04-18,53.44196225905686,53.59005107463315,53.02146408612167,53.26266860961914,31126000
2018-04-19,52.947174369163434,54.358246635993304,52.947174369163434,53.95904541015625,39884000
2018-04-20,53.70248542809292,54.221544489799854,53.09971971805324,53.35826110839844,42434000
2018-04-23,53.63858816969618,53.887225470727,52.83127174462388,53.184410095214844,69590000
2018-04-24,52.4607965701441,52.722803052809056,50.165639129146925,50.650028228759766,128220000
2018-04-25,51.002173656855696,51.31519688802984,50.3711770456284,50.667362213134766,57860000
2018-04-26,51.17404405189157,52.10518605454312,50.5415623248048,51.673789978027344,50926000
2018-04-27,51.78422992868358,52.0893253464236,50.895190799214085,51.086368560791016,40746000
2018-04-30,51.233478518407395,51.42911522075934,50.435076116256894,50.448944091796875,34492000
2018-05-01,50.33601296099716,51.5955273519445,50.05419455660957,51.54698944091797,35326000
2018-05-02,51.21268004985971,51.7069770537229,50.67578908660852,50.81892776489258,34698000
2018-05-03,50.78524739379704,51.048738944651824,49.91948512242832,50.83130645751953,39282000
2018-05-04,50.49995129771254,52.098244742513074,50.422687411229255,52.054656982421875,36892000
2018-05-07,52.19780410965964,52.748068023211516,52.018510448922456,52.47367858886719,34400000
2018-05-08,52.729240424938496,52.75945522759506,52.08635966071087,52.43058395385742,26030000
2018-05-09,52.70349185361488,54.1843989359592,52.60492720061002,53.93427658081055,47160000
2018-05-10,54.233930733568094,54.947640293408654,54.17845882707724,54.75249481201172,36414000
2018-05-11,54.50187278090121,54.927819870630415,54.34387611906273,54.64897155761719,30504000
2018-05-14,54.757443468740725,55.38051610557874,54.71930842606978,54.8084602355957,39338000
2018-05-15,54.32803233565259,54.43798611030764,53.4305702646546,53.732200622558594,35738000
2018-05-16,53.74310472685781,54.203226827131836,53.57173507219618,53.693572998046875,25628000
2018-05-17,53.5633098031264,54.03581100185704,53.31368246439746,53.553401947021484,25738000
2018-05-18,52.79758728018795,53.18044538637619,52.73221130830545,52.97787094116211,35482000
2018-05-21,53.44146720192436,54.14972775175822,53.391939258463644,53.689605712890625,25180000
2018-05-22,53.976382402438205,54.07543829732825,53.107646257968995,53.25870895385742,22226000
2018-05-23,52.99571160950674,53.887229764901036,52.845143930873924,53.786190032958984,23740000
2018-05-24,53.83274020264654,53.84363430884318,53.109621703749745,53.760921478271484,20604000
2018-05-25,53.81540998155274,53.96498762736049,53.619773273377604,53.69307327270508,22224000
2018-05-29,53.292882021358196,53.5573673730496,52.65297128911095,52.90011978149414,36076000
2018-05-30,53.16806398584976,53.44096833826216,52.82482973206382,53.365684509277344,28686000
2018-05-31,53.59005306641815,54.97685820839622,53.39194128505558,54.481571197509766,79368000
2018-06-01,55.119011287555914,56.371591906398145,55.0764135479684,56.21508026123047,63202000
2018-06-04,56.388425420941054,57.34730337127463,56.31413161357686,57.10857391357422,44754000
2018-06-05,57.18880949147938,57.50777292364141,56.83220225276364,57.008522033691406,32964000
2018-06-06,57.095195547125506,57.19128133903843,56.28045015418377,56.80693817138672,34934000
2018-06-07,56.689562822925204,56.75345376135179,55.77526263539505,56.18635177612305,36108000
2018-06-08,56.02735262977209,56.40228292281854,55.632111612936065,56.101646423339844,27284000
2018-06-11,56.11305020446524,56.8460766984538,56.03677633157087,56.50729751586914,24796000
2018-06-12,56.513236409518306,56.89609456335456,56.513236409518306,56.86835861206055,26092000
2018-06-13,57.07092831979859,57.23734780343342,56.63012319630143,56.67222213745117,34302000
2018-06-14,57.06746684447188,57.74997155115877,56.98772409143527,57.458744049072266,35422000
2018-06-15,57.44932823152563,57.64694877278908,57.14076766443033,57.417137145996094,44438000
2018-06-18,57.091237658550156,58.64842242506758,57.007534787671815,58.62118148803711,33038000
2018-06-19,57.95402925657269,58.58304209818442,57.53303605277838,58.37898635864258,47282000
2018-06-20,58.60730792168544,59.50823503880133,58.54440702078991,58.645442962646484,51686000
2018-06-21,58.71676851937502,58.95549418559187,57.625649841848,57.920841217041016,44966000
2018-06-22,58.02237774597903,58.196222455027424,57.435955096819775,57.913414001464844,34220000
2018-06-25,57.205645790724304,57.25467871772338,55.46718744501101,56.42705535888672,57682000
2018-06-26,56.66776934002606,56.80298021645919,55.91790482848343,56.097198486328125,34688000
2018-06-27,56.264603318198674,56.77029319707854,55.30869924220121,55.320587158203125,34538000
2018-06-28,55.095233360623446,56.16555017838397,54.782213860918844,55.807952880859375,29726000
2018-06-29,56.081842509762694,56.53007663075063,55.81983602479439,55.927310943603516,31562000
2018-07-02,55.24183712806388,56.610810360116105,54.80846100487398,56.567222595214844,23216000
2018-07-03,56.929281693715645,56.95354876268108,55.19627212722594,55.287899017333984,16448000
2018-07-05,55.69997040712884,56.66776229445028,55.62666663803235,56.52660369873047,28594000
2018-07-06,56.55038615206682,57.26508570356876,56.32601968453282,57.20961380004883,21820000
2018-07-09,57.453290676488514,57.84605289568169,57.31609596903954,57.81385803222656,21584000
2018-07-10,57.94808151537677,58.12192621715042,57.58008138557567,57.806922912597656,21334000
2018-07-11,57.23635864993495,58.46566219069951,57.22397949703814,58.020896911621094,33252000
2018-07-12,58.189291612688145,59.53300404562759,58.10211985661673,59.496849060058594,44148000
2018-07-13,59.57312069455112,59.95151993828653,59.20116042375657,59.653358459472656,32612000
2018-07-16,59.62314646695314,59.86583983291974,59.10755248612484,59.26158905029297,26784000
2018-07-17,58.57957630900136,60.36359880270279,58.54292253128568,60.082275390625,40162000
2018-07-18,59.85692649390116,60.50377128418772,59.660299734568525,60.0738639831543,38948000
2018-07-19,59.763810037930284,60.25067803575038,59.32201485279838,59.389869689941406,38338000
2018-07-20,59.39680088957563,59.96786674894193,59.265546356106285,59.32944107055664,37938000
2018-07-23,59.21948710187242,60.18232516254306,59.0387046239733,59.97925567626953,65446000
2018-07-24,62.95098275180742,63.1490983258326,61.620643228342736,62.31454086303711,107600000
2018-07-25,62.040638586101984,63.30956208336913,61.86382001464221,63.195648193359375,51104000
2018-07-26,62.76177755400844,63.76324941346447,62.55474795624564,63.66914367675781,54686000
2018-07-27,63.84843760410794,63.96334152533836,61.63796926282399,62.054012298583984,48362000
2018-07-30,61.665712574568815,62.05401970621454,60.631554487604504,60.92228698730469,43896000
2018-07-31,61.00499830124551,61.47552325245097,60.23631563314612,60.782615661621094,39382000
2018-08-01,61.371516777248885,61.70781333735168,60.66969509998637,61.06840133666992,36994000
2018-08-02,60.350722845116245,61.63401321135938,60.328930850987355,61.4715576171875,34704000
2018-08-03,61.67214083834992,61.73851062139853,60.89157036951774,61.3244514465332,21264000
2018-08-06,61.49533162617464,61.537430568326535,60.94655277590662,61.30018615722656,22114000
2018-08-07,62.01042630882609,62.707297752384854,62.00002721647295,62.20012283325195,42506000
2018-08-08,62.24371170410872,62.98664226726294,62.01588011819025,62.472042083740234,34344000
2018-08-09,62.5413731986612,62.99852135132164,62.41111248301211,62.62705612182617,27326000
2018-08-10,62.365546914287634,62.465596609485665,61.77021400727174,62.03519058227539,26602000
2018-08-13,61.97030910362219,62.70184668270643,61.76377452096679,61.84351348876953,27500000
2018-08-14,62.034701581370776,62.43538785844942,61.39281075834606,62.31404495239258,28080000
2018-08-15,61.62757496885741,62.00894431748452,60.734076747799456,61.03025817871094,37052000
2018-08-16,61.51414784622211,61.59884452158065,60.40668610248797,60.6260986328125,32176000
2018-08-17,60.52605143690165,60.76923601458407,59.6325532994892,60.21946716308594,33092000
2018-08-20,60.4577002556298,60.717726670793255,59.8653374623516,60.52159118652344,22218000
2018-08-21,60.57459216306816,61.05700122154429,60.17885606309456,60.29673385620117,23082000
2018-08-22,60.138730383137236,60.74843000704727,60.089202444057044,60.51168441772461,22296000
2018-08-23,60.41907554050296,61.17636909989101,60.39282463182586,60.48247146606445,24666000
2018-08-24,60.72218382038343,61.28681068298465,60.49534228976,61.25461959838867,24454000
2018-08-27,61.62063086248598,62.300660383894375,61.449261246537105,62.221412658691406,28580000
2018-08-28,62.203092868200905,62.2357827475134,61.562687136336,61.70582580566406,27330000
2018-08-29,62.158513065862614,62.761278712972725,62.049549330790256,62.6364631652832,36926000
2018-08-30,62.57455830214067,62.87618866209253,61.77269078859715,62.13078308105469,30104000
2018-08-31,62.02033376834746,62.037171833474375,60.709802522136044,61.00945281982422,42308000
2018-09-04,60.54982381532953,60.81480416552744,59.75934545644739,59.994606018066406,41458000
2018-09-05,59.891096900388526,60.17093528204825,58.21306419783376,59.389869689941406,53988000
2018-09-06,59.36361952709607,59.38442149196552,57.63209495703287,58.6414909362793,46854000
2018-09-07,58.04763277307514,58.867335902344244,57.912421905856014,58.324501037597656,32658000
2018-09-10,58.651888930787,58.77373062791461,57.978793285573936,58.199195861816406,27670000
2018-09-11,58.003066282626634,58.985716356653334,57.74799375613354,58.938663482666016,29254000
2018-09-12,58.54292338442358,58.97332943083719,57.75838893775626,58.027828216552734,35716000
2018-09-13,58.429010207010094,58.83316535144091,57.909947355721286,58.54985809326172,40068000
2018-09-14,58.840103340386364,58.840103340386364,58.12292487708241,58.34382247924805,24176000
2018-09-17,58.33341806601584,58.53400869935893,57.377018975910794,57.44487380981445,34096000
2018-09-18,57.58504023675779,58.50974328196133,57.52411938900708,57.805442810058594,32314000
2018-09-19,57.897068189681065,58.259120580968286,57.384939370640154,58.160064697265625,25962000
2018-09-20,58.47704576938746,59.13726337321865,58.258128269514195,59.01690673828125,29244000
2018-09-21,59.18283503971153,59.26505286647782,58.050611148086276,58.05358123779297,91222000
2018-09-24,57.424070372533805,58.70091791678627,57.0322981784633,58.42207336425781,31150000
2018-09-25,58.654365543829975,59.27891946932648,58.1511507383873,59.13182067871094,33152000
2018-09-26,59.12191279181252,59.793024529574645,58.71131870889963,59.140235900878906,37650000
2018-09-27,59.43444181016383,60.26949423633054,59.33786099337192,59.798973083496094,36274000
2018-09-28,59.63701024876902,59.85295767664474,59.32696086113288,59.78510284423828,35612000
2018-10-01,60.07831087896058,60.633029866103534,59.59243297157082,59.85691452026367,33164000
2018-10-02,59.764796608379704,60.648885721169954,59.41760220337603,59.81283950805664,40180000
2018-10-03,60.02877782945918,60.13675153509642,59.540919873275186,60.00550079345703,26246000
2018-10-04,59.68356540176654,59.726654370910076,57.643975517429396,58.298744201660156,46576000
2018-10-05,58.24574891886128,58.54292035533071,57.17196709374146,57.84109878540039,31852000
2018-10-08,57.453292565610894,58.23881702982609,56.23488698706484,57.251216888427734,46190000
2018-10-09,57.02288594951988,57.530060865203154,56.66925257333919,56.718780517578125,33690000
2018-10-10,56.284413179631855,56.31512299838277,54.06107066993579,54.093265533447266,58980000
2018-10-11,53.44345661410277,55.27701110278185,53.28743997509607,54.02294158935547,67696000
2018-10-12,55.45431212814943,55.76089641357545,54.23541154662628,55.4988899230957,49370000
2018-10-15,55.37308337737978,55.56129106094261,54.393403568353285,54.6024169921875,30074000
2018-10-16,55.14921777234451,56.28293046363899,55.06353484272854,56.11997985839844,38378000
2018-10-17,56.46271807500473,56.80941746396931,55.17497262904208,55.84806823730469,35652000
2018-10-18,55.96743531125964,56.083828067524756,53.80501343280134,54.37805938720703,46152000
2018-10-19,54.66531986878749,55.51919413098952,54.33446853186651,54.73812484741211,41286000
2018-10-22,55.10117018030207,55.5558432539641,54.48156645567991,55.044708251953125,27116000
2018-10-23,54.050171762530304,55.37308588613751,53.44196092292916,55.22003936767578,37686000
2018-10-24,55.22450272566534,55.30474049255571,52.25575069560264,52.35778045654297,49286000
2018-10-25,53.50584972732411,55.36416585860329,53.27058917688243,54.65937423706055,72956000
2018-10-26,51.922424565104556,55.32355894935248,51.62029917882041,53.67673110961914,106438000
2018-10-29,54.31019755563432,54.91890718185647,49.88530466369168,51.24882888793945,81290000
2018-10-30,50.519766595293284,52.04970652329112,50.22061510564619,51.98086166381836,59768000
2018-10-31,52.90655900362725,54.87780299388954,52.90655900362725,54.015010833740234,70916000
2018-11-01,54.05561967224516,54.47661284153261,53.383019119692094,53.787174224853516,40132000
2018-11-02,53.93675486067104,54.382513914806815,52.87981107637731,53.06950759887695,43438000
2018-11-05,53.12102285137064,53.16163675352481,51.212683358823284,52.2889404296875,45358000
2018-11-06,52.25376753259809,53.48208093180129,52.18393264129936,52.97441101074219,28660000
2018-11-07,53.663851985386415,54.9733894546815,53.52021829844188,54.889686584472656,43388000
2018-11-08,54.8431306149798,54.88869466058277,53.706939104621405,54.215599060058594,33694000
2018-11-09,53.690109934358745,53.90456857364858,52.71142369799144,53.34341049194336,34860000
2018-11-12,53.15073486593075,53.19877776474122,51.52718416233509,51.97343444824219,34002000
2018-11-13,52.24337359797783,52.830782545490095,51.52966403701406,51.90459442138672,25750000
2018-11-14,52.5004171793841,52.78718950501937,51.56482015252103,52.231971740722656,34666000
2018-11-15,52.07744346546405,53.43502366469135,51.573733705237146,53.04771041870117,41584000
2018-11-16,52.75946268155497,53.11656497005777,52.24782881110956,52.910030364990234,35366000
2018-11-19,52.668319443327675,52.89664978920876,50.66141945675783,50.88677215576172,45684000
2018-11-20,49.88976430223799,51.37859922795724,49.638160673092806,51.03684997558594,54458000
2018-11-21,51.772841386629445,52.238412347646175,51.48309896261575,51.67972946166992,29698000
2018-11-23,51.18791176092487,51.6584366879738,50.94125828564646,51.01951599121094,14178000
2018-11-26,51.70796646227262,52.35183733122089,51.49845799386155,52.299339294433594,31558000
2018-11-27,52.0715069877795,52.83523948335219,51.7822595489403,52.11806106567383,33048000
2018-11-28,52.374616429244476,54.127932736787244,51.65595304867717,54.07493591308594,46042000
2018-11-29,53.665833312341945,54.48900161546981,53.59005445816816,54.21312713623047,31004000
2018-11-30,54.265129647334916,54.95951843261719,53.64849599115852,54.95951843261719,59668000
2018-12-03,56.07441688540029,56.215076706044705,55.06254208871045,55.29186248779297,57532000
2018-12-04,55.12494776628658,55.186858639231,52.53905409261525,52.62275695800781,45630000
2018-12-06,51.75748828252991,53.46226669561172,51.6326765104273,53.395896911621094,47436000
2018-12-07,53.106159162173384,53.7401259339629,51.47864449637659,51.83574676513672,42682000
2018-12-10,51.65545334051169,52.48060152966647,51.16314028891927,52.162628173828125,33652000
2018-12-11,52.84414835208087,53.015517977053605,52.01008602771962,52.5821418762207,33852000
2018-12-12,53.34637878059656,54.071972510128624,53.09328630680946,53.180458068847656,28960000
2018-12-13,53.276538223023664,53.90802991359745,52.747571305804165,53.17103958129883,24986000
2018-12-14,52.50140878288737,53.08089363015127,51.97392695131295,52.08982467651367,36358000
2018-12-17,51.8570404111921,52.61829777060275,50.35236134415142,50.799110412597656,49932000
2018-12-18,51.21267924120859,52.485071731849246,51.038335729213074,51.67874526977539,43640000
2018-12-19,51.87091228074411,53.27851940715812,50.491044885167376,51.28498840332031,58264000
2018-12-20,50.81644063465961,51.87833825031847,49.91799239916836,50.69658279418945,53674000
2018-12-21,51.115602387570746,51.39444695222503,48.597068364199366,49.0953254699707,104656000
2018-12-24,48.7520875803964,50.12898477901255,48.4222262706209,48.76942443847656,36360000
2018-12-26,49.42915006255567,51.928367134430836,49.16466471352241,51.898651123046875,46318000
2018-12-27,50.82635397793012,52.17056137212432,49.875400053410274,52.14876937866211,45996000
2018-12-28,52.47565501384212,52.709925548211785,51.60890278241842,51.8406982421875,34398000
2018-12-31,52.392940245605,52.64851152707626,51.16512568821355,51.75550842285156,33110000
2019-01-02,50.87588161706506,52.5395512366134,50.78078584731063,52.23693084716797,31868000
2019-01-03,52.03831693552536,52.81046838749875,50.63665389831648,50.790191650390625,41960000
2019-01-04,51.63663207434004,53.490987955893075,51.354318677944626,53.3953971862793,46022000
2019-01-07,53.539036103093736,53.62471902651307,52.63117498882194,53.288917541503906,47446000
2019-01-08,53.78816669236628,54.15220293457674,52.913985451885345,53.75696563720703,35414000
2019-01-09,53.88672902952126,54.06750771618479,53.21214463701567,53.572715759277344,26998000
2019-01-10,53.24037783737263,53.481582343815184,52.73221293534237,53.43304443359375,26598000
2019-01-11,52.99074983888897,53.16261447137644,52.323598255313215,52.72180938720703,30864000
2019-01-14,52.170558574702184,52.42365100748316,51.93331795528554,52.07992172241211,28490000
2019-01-15,52.40186724184491,53.90060636242992,52.225048643702756,53.81343460083008,37518000
2019-01-16,53.98627645885889,54.59845114691586,53.88771559722752,53.962005615234375,38280000
2019-01-17,53.88673056512776,54.51623838952258,53.652456253655245,54.437984466552734,24896000
2019-01-18,54.9070229547519,55.37308896607223,54.445910871555206,54.84313201904297,44892000
2019-01-22,54.28345863781188,54.4305612158798,53.03979209875701,53.42314529418945,39632000
2019-01-23,53.83076597209655,54.13239635507978,52.87536062348363,53.70942306518555,25194000
2019-01-24,53.61531482329287,53.88722918029726,52.9967010644742,53.68911361694336,29114000
2019-01-25,54.195787197812265,54.647985222393906,54.0754343321334,54.556358337402344,23260000
2019-01-28,53.98974436604555,54.153186181446536,53.22402817088622,53.48405456542969,29334000
2019-01-29,53.54250503965595,53.725267578606804,52.798584495404725,52.998680114746094,19704000
2019-01-30,53.36023646661718,54.457794073421354,53.324576500441886,54.382015228271484,29452000
2019-01-31,55.08780449698671,55.85203202645565,54.74160010020651,55.76387023925781,40232000
2019-02-01,55.58555823188162,56.18535379195906,55.18735087269382,55.40378952026367,33116000
2019-02-04,55.42310990879711,56.57861454626305,55.348816104606605,56.53304672241211,78408000
2019-02-05,55.94910324544131,57.09519882696969,55.6504467610193,57.050621032714844,82296000
2019-02-06,56.92185134438701,57.15612188924328,55.39091749879368,55.61528396606445,48256000
2019-02-07,55.06700071860629,55.0754197514556,54.164093454177674,54.774288177490234,38298000
2019-02-08,54.22798389842387,54.73416879704021,54.19628782710498,54.599449157714844,21766000
2019-02-11,54.66730351965466,55.146742492237834,54.481570891615064,54.586570739746094,18498000
2019-02-12,55.02687539109028,56.109079965793505,55.02687539109028,55.84756851196289,35036000
2019-02-13,56.11799294693533,56.60387083494993,55.7693097555357,55.89957046508789,28042000
2019-02-14,55.71978722218281,56.271041136525646,55.328015025756656,55.92780685424805,21106000
2019-02-15,56.42804249928842,56.42804249928842,55.309682961334424,55.45381164550781,27826000
2019-02-19,55.30573050553342,55.949601364041804,55.30573050553342,55.794578552246094,21980000
2019-02-20,55.911963611431155,56.01349836152531,55.06353818159713,55.50136947631836,24090000
2019-02-21,55.411719909157085,55.43004679838898,54.38152200992176,54.690086364746094,33272000
2019-02-22,54.962000034730664,55.33594036646095,54.50633689300502,55.30176544189453,29436000
2019-02-25,55.567732527759496,55.739597170241076,55.18041925822261,55.339900970458984,26208000
2019-02-26,55.1933017701827,55.791113608061224,54.81341744560428,55.57170104980469,35026000
2019-02-27,55.17546885796388,55.75594378447066,54.90553834356378,55.61528396606445,22092000
2019-02-28,55.42261046380801,56.16504587396825,55.393389470883804,55.79655075073242,27422000
2019-03-01,56.016962258640085,56.958008370067496,56.016962258640085,56.88470458984375,34086000
2019-03-04,57.18385756294769,57.72669245750234,56.376042304704,57.12739562988281,35490000
2019-03-05,57.25517882334881,58.270023712083415,57.107585014321316,57.90846252441406,40094000
2019-03-06,58.03574904568272,58.18334284423935,57.604352993084895,57.69796371459961,23602000
2019-03-07,57.47805690884928,57.630604637262714,56.54740996081109,57.00010299682617,30086000
2019-03-08,56.16059275130759,57.12887974533633,55.977335200557874,56.956520080566406,23694000
2019-03-11,57.05706375241342,58.43941002017811,57.035766773103475,58.40721893310547,30032000
2019-03-12,58.557781414177995,59.7172461505951,58.557781414177995,59.29823303222656,42220000
2019-03-13,59.728146427571,59.78708343433338,59.330925285629434,59.387882232666016,25888000
2019-03-14,59.38589921497645,59.667222610366615,59.00007099315597,59.064456939697266,27302000
2019-03-15,59.335379270044704,59.51962305647929,58.79105560639741,58.95400619506836,51886000
2019-03-18,58.923798203513506,59.18431964133926,58.51716801198953,58.86733627319336,24442000
2019-03-19,59.02434126298929,59.60333491333445,58.912407428142764,59.55628204345703,29788000
2019-03-20,59.50378564678228,60.919811891439004,59.414138812010414,60.74348831176758,41508000
2019-03-21,60.42501010510731,61.23926049004584,60.25562054121966,61.223907470703125,28150000
2019-03-22,60.86334912117985,61.10009475493801,59.731616418144526,59.81333923339844,34422000
2019-03-25,59.41264977385646,59.901992830501676,58.93915475294564,59.3046760559082,27576000
2019-03-26,59.69149221330397,59.81333390286845,58.531037409094154,58.93122863769531,30752000
2019-03-27,59.03424233463008,59.03424233463008,57.662790392947635,58.345298767089844,29428000
2019-03-28,58.22098896741661,58.30766192607468,57.62317718943599,58.06100845336914,22402000
2019-03-29,58.45277989164012,58.64049635460244,57.7692851938089,58.289833068847656,30890000
2019-04-01,58.81731185548313,59.444344628932846,58.75886986319586,59.3839225769043,27706000
2019-04-02,59.43691742976985,59.7222047482487,59.0005711978958,59.708831787109375,18288000
2019-04-03,60.06345176198101,60.45472893848953,59.686046339506525,59.969844818115234,22180000
2019-04-04,59.99361860900588,60.45225561558731,59.882179788501375,60.39777374267578,21022000
2019-04-05,60.390350920043595,60.44433778354368,59.931218851539796,60.001548767089844,20012000
2019-04-08,59.98470062019651,60.12536042766006,59.66722224485626,59.84453582763672,21750000
2019-04-09,59.52804882789943,59.78856648653898,59.354200345515004,59.56766891479492,19668000
2019-04-10,59.686546391575085,59.87722917859246,59.467133842961,59.753902435302734,15510000
2019-04-11,59.87524508952984,60.065436627525045,59.65930143893356,59.909420013427734,16998000
2019-04-12,60.208078135576585,60.57607829080983,60.09267919382185,60.56023025512695,24312000
2019-04-15,60.62758431445428,60.88563068388042,60.155578134082795,60.748435974121094,23796000
2019-04-16,60.92030326457273,61.21648468997316,60.67463981516365,61.0149040222168,22622000
2019-04-17,61.26699809040539,61.668183114900266,61.06393239296706,61.42251968383789,30366000
2019-04-18,61.66323425246353,61.709792109209396,61.386369744232624,61.488399505615234,24750000
2019-04-22,61.25065781074722,62.125829100059825,61.08721219258896,62.097103118896484,19084000
2019-04-23,62.23974797091926,63.12086323513677,62.00844751487935,62.93067169189453,31868000
2019-04-24,62.930674776057806,63.09956934876245,62.3967576772055,62.40864181518555,23396000
2019-04-25,62.91630668366039,63.04012843302719,62.30710579287008,62.76970291137695,31344000
2019-04-26,63.068855797179076,63.3427502080742,62.653806553854444,63.268951416015625,27228000
2019-04-29,63.421991278063544,64.2372392794385,62.98614009091481,64.1990966796875,72368000
2019-04-30,58.97035660254346,59.482976671890924,58.592452387597895,59.382930755615234,133178000
2019-05-01,59.31062560228468,59.397302349525305,58.031794046998684,58.11302185058594,74340000
2019-05-02,58.07736052076985,58.41316583584083,57.370584933309104,57.77573013305664,45098000
2019-05-03,58.31558186854034,59.00848936814665,58.12440409067274,58.91686248779297,41588000
2019-05-06,58.047635467254594,59.208094068561614,58.006031540219304,59.11052322387695,31774000
2019-05-07,58.731633554371605,59.175408810740414,57.700940581769316,58.38740921020508,36604000
2019-05-08,58.30964167835988,58.65535481751742,57.83119651976779,57.987213134765625,25520000
2019-05-09,57.58207109403174,58.15016310994897,57.18782001887021,57.84803771972656,29556000
2019-05-10,57.891123724190116,58.25961508477187,56.77821308268988,57.831687927246094,31650000
2019-05-13,56.7222453726447,57.05557177677972,55.744549388013766,56.293819427490234,45626000
2019-05-14,56.57762852616041,56.70392535711721,55.64698151625123,55.71285629272461,40392000
2019-05-15,55.59844648520321,58.359674058571315,55.541489532451536,57.98820877075195,59302000
2019-05-16,58.03971145820099,59.14519317189485,57.87181070522782,58.666744232177734,35308000
2019-05-17,58.23732747979743,58.75539646785315,57.771261507136366,57.88814926147461,25362000
2019-05-20,57.106588740908514,57.106588740908514,56.37059227856318,56.693519592285156,30602000
2019-05-21,57.17988991070369,57.35423340533098,56.62665595999286,57.17790985107422,20562000
2019-05-22,57.01991015552058,57.64050388806304,57.00752722601468,57.24774169921875,18826000
2019-05-23,56.76335831681906,56.96048006392855,56.12394261855994,56.72719955444336,25214000
2019-05-24,57.057062896686,57.1739506630299,56.29976937956139,56.39387512207031,18554000
2019-05-28,56.53602136651418,57.279446876061826,56.39684281844969,56.44092559814453,20948000
2019-05-29,56.101160201037274,56.21507788053336,55.07344112573063,55.46917724609375,36230000
2019-05-30,55.47957866180913,55.80894500385442,55.26908015384158,55.54198455810547,18088000
2019-05-31,54.760914800933854,55.14525422806117,54.64749214021227,54.80350875854492,31582000
2019-06-03,52.84365132938813,52.847116433578314,50.867457442722504,51.44743728637695,96890000
2019-06-04,51.73222540953857,52.42315282099511,51.31321231724133,52.22751235961914,60512000
2019-06-05,52.25278106936707,52.342427899855494,51.163151127283896,51.739662170410156,46988000
2019-06-06,51.817426669787686,52.00513937028514,51.28746968640201,51.894195556640625,29020000
2019-06-07,52.217112784626195,53.16558773869225,52.06208621735204,52.91497039794922,43828000
2019-06-10,53.34241726570934,54.22601150662087,53.25722933856856,53.62770462036133,28510000
2019-06-11,54.33248671698533,54.68017990988899,53.46969837559754,53.542503356933594,33508000
2019-06-12,53.488517701220644,53.61580454806325,52.975893873324885,53.44641876220703,23670000
2019-06-13,53.72427882546966,54.3126777814297,53.61828894462655,54.03630828857422,20814000
2019-06-14,53.97340006621647,54.22203357309975,53.56429482559034,53.80302047729492,24582000
2019-06-17,53.941710627224865,54.54496758160116,53.88722875326578,54.178951263427734,19770000
2019-06-18,55.05115736756084,55.411724774582794,54.52070535055258,54.74110794067383,34526000
2019-06-19,54.840155442193684,54.948624168178235,54.28493764576931,54.70494079589844,26714000
2019-06-20,55.556350160048986,55.60687192042926,54.828277556980225,55.13535690307617,24018000
2019-06-21,54.96992580259619,55.79754924264089,54.96299181447412,55.73811721801758,50774000
2019-06-24,55.47214618485859,55.648964769329886,55.14079980363629,55.30870056152344,24236000
2019-06-25,55.22847161799569,55.259177662674446,53.718834589012005,53.866432189941406,31644000
2019-06-26,54.03580661884397,54.23986611616622,53.178467278635104,53.506839752197266,34698000
2019-06-27,53.82531619310023,53.910009091065085,53.28545139859072,53.3240852355957,24078000
2019-06-28,53.35380234736618,53.629676818847656,53.18391775426052,53.629676818847656,33672000
2019-07-01,54.53307920261683,54.90702331422971,54.25027074261955,54.481571197509766,29196000
2019-07-02,54.72079457064714,55.1199957724804,54.46522705253358,55.10563278198242,20630000
2019-07-03,55.397852844858804,55.867882769661435,55.21707413925631,55.6202392578125,20154000
2019-07-05,55.4409415792781,56.197740087765375,55.348324659581365,56.099674224853516,29794000
2019-07-08,55.762875293624795,55.829245080339426,55.06402758839945,55.31315612792969,29888000
2019-07-09,54.99270242544533,55.8614384726801,54.83569578883825,55.68461990356445,29472000
2019-07-10,56.08234508542038,56.57862217176473,56.000127252683384,56.50779724121094,30710000
2019-07-11,56.767814710831296,57.11847800523599,56.43944220375937,56.664794921875,26004000
2019-07-12,56.60783671758229,56.8341832392987,56.39139805195837,56.72719955444336,21878000
2019-07-15,56.72719861607751,56.991683955517104,56.46271705537778,56.9832649230957,21164000
2019-07-16,56.79604903876569,57.38296675095655,56.79604903876569,57.12937927246094,25352000
2019-07-17,57.00357272421351,57.3760280034177,56.790599163439744,56.79654312133789,19538000
2019-07-18,56.56177670723543,56.86737097801879,56.109087419897726,56.82130813598633,25450000
2019-07-19,56.924329998398186,57.036263842230625,56.02934670523156,56.04420471191406,23184000
2019-07-22,56.23835399560529,56.46371049735105,55.730192806459634,56.42359161376953,28914000
2019-07-23,56.6335957280726,56.901546191159234,56.10859268845329,56.861427307128906,20648000
2019-07-24,56.09720388785051,56.73315078437055,55.89363936307017,56.4493522644043,27192000
2019-07-25,56.41071368089707,56.640529096008606,55.65589901065511,56.261634826660156,54762000
2019-07-26,60.82124897218375,62.82171023894311,60.82124897218375,61.67413330078125,121216000
2019-07-29,61.53940755984886,61.86084983922618,60.930202908884525,61.506717681884766,41382000
2019-07-30,60.771707753036765,61.262539573144544,60.688499907511805,60.82123947143555,28616000
2019-07-31,60.666217538983844,61.163484590606885,59.83958418427697,60.33586120605469,39960000
2019-08-01,60.30762954898786,61.2323287501369,59.78113772926543,60.017887115478516,35426000
2019-08-02,59.583029556178026,59.90496309369341,58.939154923667154,59.25217819213867,34910000
2019-08-05,58.09568007652619,58.28934050552652,56.59892491034866,57.193267822265625,47840000
2019-08-06,57.726691926979775,58.513206420620904,57.52907138432887,58.002071380615234,36014000
2019-08-07,57.34433156922909,58.43743040415637,56.99961222052724,58.24129867553711,30686000
2019-08-08,58.762330406598984,59.74547533670877,58.146690581927615,59.74102020263672,30116000
2019-08-09,59.43394410682026,59.65533669726062,58.686059689824496,58.88467025756836,20418000
2019-08-12,58.4438685714798,58.721723109439104,57.885185627106054,58.17145919799805,22064000
2019-08-13,58.164020721273,59.703373380712726,58.096664690042296,59.2724723815918,28434000
2019-08-14,58.24922050938354,58.58205192910055,57.50628999430948,57.66379165649414,35430000
2019-08-15,57.87081891831931,58.26655122813424,57.60187844552222,57.91489791870117,28506000
2019-08-16,58.48299326699837,58.634055949053966,58.09716503698395,58.40473556518555,24916000
2019-08-19,59.02978803946685,59.899514131027765,58.95896311915331,59.45623016357422,24450000
2019-08-20,59.20413456650774,59.335385321885944,58.59492988143493,58.61870193481445,20206000
2019-08-21,59.22740993354587,59.46217548603108,58.83613275315723,59.01740646362305,14152000
2019-08-22,59.12736249662652,59.37401597426125,58.389880917191206,59.01443862915039,17352000
2019-08-23,58.6999287007099,59.219981563695576,56.95800516315785,57.135318756103516,36254000
2019-08-26,57.42605291108327,58.04070276773835,57.19822133720337,58.007022857666016,21166000
2019-08-27,58.59244982368734,58.69150570578773,57.67913977806216,57.98918914794922,23460000
2019-08-28,57.6944965778,58.3695722454839,57.4656749811865,58.13431167602539,16810000
2019-08-29,58.76183761092513,59.3943193021965,58.705375680629345,59.14915466308594,19636000
2019-08-30,59.45178131415145,59.45178131415145,58.72717386976557,58.96540832519531,18064000
2019-09-03,58.53548946301978,58.89358173147138,57.6370411950292,57.92628860473633,25908000
2019-09-04,58.41663131673013,58.68557182375832,58.02436406143185,58.55630111694336,21312000
2019-09-05,59.120423776802696,60.12783957065317,59.07238087972799,60.03819274902344,26394000
2019-09-06,59.88713683512153,60.07583956165312,59.59590555159964,59.747467041015625,18972000
2019-09-09,59.785108106500914,60.452259809745804,59.09616440832748,59.69546127319336,31854000
2019-09-10,59.24078482009586,59.92972847973825,59.23682092181226,59.71675491333008,27922000
2019-09-11,59.627103337747535,60.54734737964081,59.54736059340152,60.425010681152344,23522000
2019-09-12,60.596877336476226,61.53544451849424,60.55180452757735,61.16645812988281,31644000
2019-09-13,61.02480887794694,61.46759786621537,60.775680320717825,61.417076110839844,23676000
2019-09-16,60.942092997539106,61.367050090007304,60.682066566772484,61.001033782958984,28218000
2019-09-17,61.00103296703228,61.16794368622437,60.59093388545209,60.91435623168945,20806000
2019-09-18,60.932188981834784,61.22936042640877,60.2501793262344,61.051551818847656,17440000
2019-09-19,61.035211221346685,61.63054416428074,61.03471620639554,61.35367965698242,16554000
2019-09-20,61.10058792815853,61.55427102564121,60.602330812102906,60.91238021850586,37692000
2019-09-23,60.75041663443363,61.39974019130352,60.61223189345284,61.152591705322266,20798000
2019-09-24,61.415587240068895,61.76773556719349,59.96142610732814,60.34230041503906,35804000
2019-09-25,60.227397105585325,61.81281288374729,59.89010675908413,61.70979309082031,26798000
2019-09-26,61.52157795529746,61.64688852899052,61.01044291937786,61.52900695800781,23166000
2019-09-27,61.55575761438939,61.66274130763194,60.18727928452313,60.7197151184082,34122000
2019-09-30,60.45473372191468,60.792024068700115,60.099120264087766,60.48147964477539,24470000
2019-10-01,60.548338606588864,61.061952477190204,59.70932233716347,59.73160934448242,24504000
2019-10-02,59.26109887020753,59.37303272056704,58.07884811643912,58.34085464477539,33030000
2019-10-03,58.60929264181459,58.98868191569401,57.60881454798401,58.91092300415039,28368000
2019-10-04,59.151624972441226,60.05156201648553,58.98718934395664,59.97726821899414,24282000
2019-10-07,59.781141033696585,60.37102880405795,59.650385292328075,59.84305191040039,17040000
2019-10-08,59.373521990054044,59.7747032700144,58.913399921863515,58.945594787597656,20086000
2019-10-09,59.50031353192826,59.8534518859047,59.34132305272396,59.553306579589844,15948000
2019-10-10,59.36509695767759,60.20807333110587,59.32844696105802,59.903472900390625,12842000
2019-10-11,60.624607326072606,60.85838282248125,60.11000346930288,60.212528228759766,22330000
2019-10-14,60.12238835548814,60.71623617713361,60.02283746075842,60.31455993652344,13296000
2019-10-15,60.49931098168188,61.76872960391588,60.47058499923212,61.52653503417969,27584000
2019-10-16,61.50523767864759,62.118402499177094,61.34278208407689,61.564178466796875,22986000
2019-10-17,61.98021304183353,62.591892771014635,61.90443419353795,62.04955291748047,20958000
2019-10-18,62.14317298133923,62.31255879785308,61.42252940244848,61.63401794433594,31624000
2019-10-21,61.846492451752454,62.08472312369092,61.41509636274962,61.6275749206543,18094000
2019-10-22,61.6374731641582,61.847971642306,61.4081565619093,61.47502136230469,22862000
2019-10-23,61.42599560873949,62.30909097704538,61.42599560873949,62.28878402709961,21282000
2019-10-24,62.362083435058594,62.54979612109488,62.02726818128927,62.362083435058594,20224000
2019-10-25,62.0099359030896,62.802398190165945,61.86878106161953,62.619140625,27104000
2019-10-28,63.149098148922654,64.34967194914378,63.01586732458095,63.84150695800781,65428000
2019-10-29,63.19861894999268,63.43635836701717,62.188728055352335,62.43885040283203,52654000
2019-10-30,62.16595339789057,62.80338909699513,61.943075738251075,62.44083786010742,29204000
2019-10-31,62.406153626844414,62.72908091912607,61.88511080539633,62.346717834472656,31904000
2019-11-01,62.69343139934963,63.05003865550883,62.39180103220263,63.01288986206055,28812000
2019-11-04,63.20407443399878,64.01584986158814,63.20407443399878,63.872711181640625,30632000
2019-11-05,63.9514528438649,64.2506081163926,63.86131478466326,63.963340759277344,25148000
2019-11-06,63.89647544828982,64.0401053384667,63.50916220221379,63.942039489746094,24626000
2019-11-07,64.10399683669011,65.50912870716965,64.07774971156412,64.73103332519531,45140000
2019-11-08,64.46259360711396,65.23474892425246,64.46259360711396,64.83306884765625,30392000
2019-11-11,64.58542372194074,64.63000529696797,64.18276118295945,64.3021240234375,17234000
2019-11-12,64.31648243880079,64.85040328530087,64.10202382905766,64.2491226196289,28852000
2019-11-13,64.04953247878424,64.51213346216768,63.99851948050227,64.1981201171875,20538000
2019-11-14,64.13966449078022,65.16590220608438,64.08716267984857,64.84049224853516,28948000
2019-11-15,65.13271494371524,66.04850006103516,64.97619954644436,66.04850006103516,39286000
2019-11-18,65.98905032417237,66.06730801075673,65.18767801008778,65.36994171142578,27984000
2019-11-19,65.70625066215686,65.70625066215686,64.97025799405635,65.01087188720703,21864000
2019-11-20,64.94995994288024,65.04158683309186,63.852900998893205,64.47943878173828,28892000
2019-11-21,64.350158557398,64.93806241432635,63.92916162646703,64.39424133300781,25546000
2019-11-22,64.53589358098802,64.72905519662515,63.86032294115784,64.07379150390625,27776000
2019-11-25,64.20208304254504,64.90291089728889,64.16988817490127,64.66665649414062,23590000
2019-11-26,64.87813481854676,65.08120429211198,64.58740614051993,65.03118133544922,21910000
2019-11-27,65.15104489246795,65.26099866465015,64.85634852897411,64.98809051513672,18808000
2019-11-29,64.71419479888687,64.88011169520007,64.54728031533155,64.58987426757812,12802000
2019-12-02,64.51409674833155,64.65674416940152,63.41554912028859,63.83555603027344,26538000
2019-12-03,63.33034790728624,64.25010049769381,63.25060896034751,64.12677001953125,25270000
2019-12-04,64.689439194662,65.58937639189563,64.53837272084628,65.32538604736328,35506000
2019-12-05,65.72458290394658,65.7731245967192,65.09656388982363,65.72260284423828,24408000
2019-12-06,66.00937029165347,66.49078930436868,65.93409023662048,66.33824157714844,32968000
2019-12-09,66.31198979684073,67.23768274471344,66.17380129069844,66.51654052734375,30842000
2019-12-10,66.36548792156054,66.7646891227079,66.07128278810355,66.5115966796875,17606000
2019-12-11,66.779539582379,66.85828851361852,66.42293237801545,66.57894897460938,20480000
2019-12-12,66.5274442148583,67.0905822648884,66.2793094804911,66.78895568847656,29114000
2019-12-13,66.75973033441775,66.93060495127669,66.45067475804319,66.7087173461914,33170000
2019-12-16,67.11139005127455,67.5338683000843,66.89396135072258,67.39370727539062,28128000
2019-12-17,67.47839706461865,67.57349283681637,66.9018822520675,67.10594177246094,32948000
2019-12-18,67.21044592473815,67.33079879423406,66.88653233060347,66.95834350585938,23330000
2019-12-19,66.95834227718696,67.23669937658612,66.80183442609396,67.18270874023438,28922000
2019-12-20,67.51258189221453,67.55715591642891,66.89991200496254,66.92417907714844,50090000
2019-12-23,67.29612445854431,67.45065223396979,66.76468252731135,66.89494323730469,19936000
2019-12-24,66.87415274026768,66.96330834168657,66.57500497634773,66.58787536621094,13468000
2019-12-26,66.69286688442598,67.51752392838698,66.64135510441135,67.48136138916016,23662000
2019-12-27,67.55714262925474,67.70820909157774,67.01233147299867,67.09355926513672,23212000
2019-12-30,67.20103188146805,67.21044094340947,66.26147091867256,66.35408782958984,19994000
2019-12-31,66.15993795919911,66.40114248047537,65.9786642517379,66.33824157714844,19514000
2020-01-02,66.78498971382032,67.78893280029297,66.68989395379829,67.78893280029297,27278000
2020-01-03,66.76468042543556,68.04004277301541,66.73099674208892,67.4343032836914,23408000
2020-01-06,66.94446400420281,69.25696180582963,66.9132667320055,69.23170471191406,46768000
2020-01-07,69.36297232708252,69.51354001246602,68.92216715791305,69.09799194335938,34330000
2020-01-08,69.08362827610843,69.92710360538418,68.9751633101045,69.58981323242188,35314000
2020-01-09,70.42634437897857,70.76066463148995,69.84586943820742,70.32035827636719,33200000
2020-01-10,70.79978552621174,71.07070603223812,70.310937556679,70.77452087402344,26258000
2020-01-13,71.08606177612984,71.39462611312574,70.59672252569149,71.32281494140625,30730000
2020-01-14,71.32133264146023,71.45159337277671,70.71559303390933,70.85527038574219,26076000
2020-01-15,70.97562225633712,71.35996547159147,70.9082624349284,71.28170776367188,21550000
2020-01-16,71.59126251264676,71.85129273667978,71.32133198944545,71.82454681396484,26080000
2020-01-17,72.43771294689661,73.32972240709998,72.14103648015305,73.2787094116211,52424000
2020-01-21,73.25295083550218,73.79182942757238,72.8175946118009,73.41392517089844,48930000
2020-01-22,73.78438560666041,74.32176770966639,73.43421737387162,73.494140625,28458000
2020-01-23,73.6764169178253,73.97111327468183,73.31832086517792,73.53475952148438,26650000
2020-01-24,73.93742914042214,74.0057789848921,72.46939630777668,72.61749267578125,29786000
2020-01-27,70.90231121444117,71.15193474800631,70.30598077122315,70.9117202758789,34132000
2020-01-28,71.40750236139107,72.05434703002898,70.84386554182085,71.84137725830078,29724000
2020-01-29,72.2356283657092,72.51695556905503,71.58829239250339,72.1484603881836,21566000
2020-01-30,71.2272236271273,72.07663903462614,71.07368586337883,72.02711486816406,27110000
2020-01-31,72.70121008899609,72.79085693325705,70.6804378122802,70.9637451171875,43822000
2020-02-03,72.39362460503492,73.61451286401599,72.14400103298378,73.4312515258789,71636000
2020-02-04,72.03900213330179,72.67544019107511,70.43129942671113,71.58927917480469,95880000
2020-02-05,72.49069398479408,72.5387368823494,70.81019015766002,71.6209716796875,36376000
2020-02-06,71.91468773089143,73.37975068632419,71.84039769678412,73.1028823852539,37822000
2020-02-07,72.67791742804089,73.56249776232856,72.57985157058434,73.25839233398438,28360000
2020-02-10,73.16530235179677,74.73288275181145,73.06475761600919,74.72198486328125,38302000
2020-02-11,74.9503075337088,75.77298471199276,74.5629941774411,74.79132080078125,34852000
2020-02-12,75.07856842840461,75.29847595966785,74.72246000606891,75.21576690673828,31042000
2020-02-13,74.78834088363026,75.57832429425112,74.49116564520651,74.95624542236328,22914000
2020-02-14,75.01270637201145,75.28610577397488,74.56793355013087,75.2207260131836,23198000
2020-02-18,75.00328863329595,75.80664112300143,74.83835420554657,75.2558822631836,25642000
2020-02-19,75.640228763457,75.81556229042059,75.33216322209424,75.52482604980469,22746000
2020-02-20,75.23459028988579,75.63379148682316,74.50403894947559,75.1345443725586,25962000
2020-02-21,74.51989240290945,74.83539453422384,73.2276917437357,73.47384643554688,42520000
2020-02-24,70.48181106187245,71.14203248501451,69.67647847176895,70.32381439208984,49560000
2020-02-25,70.8755637283308,71.16530235437199,68.37040306531343,68.6626205444336,51580000
2020-02-26,69.09155578357455,70.01724894377222,68.17874057079152,68.86817932128906,49776000
2020-02-27,67.31644613004579,67.82461113676888,65.09260451220945,65.12776947021484,62290000
2020-02-28,63.114925882585645,66.48980964727754,62.81280047052396,66.3313217163086,80198000
2020-03-02,66.93258514724356,68.71957370541868,65.63542702644739,68.6626205444336,55430000
2020-03-03,69.22527312469211,69.74581720018458,65.83552438581239,66.25553131103516,56602000
2020-03-04,67.30752234405442,68.48729788958772,66.21987248090595,68.4288558959961,47598000
2020-03-05,66.64333311435507,67.04353186949021,64.46853243135237,65.11834716796875,54380000
2020-03-06,62.89898400964835,64.52352124676455,62.26798724266631,64.17633056640625,64640000
2020-03-09,59.68009963641481,62.04608569622213,59.33736038920193,60.216495513916016,69252000
2020-03-10,62.12830858804805,63.19119257438766,60.15310073180695,63.15751266479492,54872000
2020-03-11,61.82519142092742,62.254108628293366,58.99561431064682,59.974300384521484,54732000
2020-03-12,55.60191470564654,58.877247417138825,54.901083084204004,55.05363082885742,94326000
2020-03-13,58.19572453085053,60.1476514358914,55.09027308239977,60.141212463378906,79400000
2020-03-16,53.96696417976584,56.733636538754325,52.85108342429565,53.14429473876953,96520000
2020-03-17,54.01798135684941,55.7693139034493,51.960559548221276,55.37605667114258,83194000
2020-03-18,52.497451376816,54.72871792879037,51.36125986645297,54.045223236083984,93044000
2020-03-19,53.89812915135589,57.08728409499688,52.28002713064386,55.05957794189453,74064000
2020-03-20,56.01200383327532,56.387432973532285,52.604430705586964,52.90705108642578,82878000
2020-03-23,52.32062625391016,52.84265910449781,49.96801332221949,52.20968246459961,83672000
2020-03-24,54.67869553610549,56.13236167218039,53.80946443254948,55.967926025390625,72468000
2020-03-25,55.69899124404958,56.768314293745405,53.64008412281459,54.56181335449219,90324000
2020-03-26,55.210628806623966,58.02187886874352,54.08682406987629,57.5979118347168,76562000
2020-03-27,55.84212777842716,57.01001544559556,54.67968905458534,54.98973846435547,62794000
2020-03-30,56.09818990150613,57.00753615927192,54.40678424766814,56.775245666503906,58736000
2020-03-31,56.895108398511475,58.11697916199635,56.30026667134477,57.54987716674805,65228000
2020-04-01,55.67025474930783,55.938700189441114,54.15913300334786,54.585575103759766,51970000
2020-04-02,54.48157130703519,55.60934004470026,54.14131088320753,55.32504653930664,56410000
2020-04-03,55.210135197808874,55.41221086454149,53.247314168651364,54.1200065612793,51374000
2020-04-06,56.11601974830172,58.97629920825369,55.71978862877884,58.601863861083984,63320000
2020-04-07,60.27691932785058,60.4636457550222,58.30765931147763,58.570655822753906,61620000
2020-04-08,59.58797774612607,60.17241655713172,58.6395026879109,59.7811393737793,40334000
2020-04-09,60.334879365750766,60.523582102874904,59.05901790617949,59.759849548339844,54028000
2020-04-13,59.50873494414131,60.1535995978349,58.55926983766794,59.950035095214844,38702000
2020-04-14,61.41410381655945,63.18623839971038,60.84798810738659,62.665199279785156,63358000
2020-04-15,61.73802218124415,63.15454334623227,61.11841839764076,62.272438049316406,42236000
2020-04-16,62.75980131332511,63.06787067267617,61.326441990306215,62.27887725830078,57896000
2020-04-17,63.4809319389817,63.89202104328957,62.70333152394552,63.347206115722656,51050000
2020-04-20,62.895996779651476,63.239231045755254,62.229835194765286,62.46311569213867,35292000
2020-04-21,61.54981072123342,61.91087308906381,59.682081657857516,60.03670883178711,49648000
2020-04-22,61.470563498325916,63.39079060980057,61.276906860069985,62.32741165161133,46296000
2020-04-23,62.69045588241704,63.800396504836506,62.43241328855193,62.95939636230469,34202000
2020-04-24,62.1585184165666,63.283317036081904,61.613703473045874,63.22834014892578,37402000
2020-04-27,63.99107812534568,64.09509171939635,62.65677484233892,62.94404220581055,44186000
2020-04-28,63.55522991283114,63.63249002753352,60.939121412826324,61.048580169677734,80700000
2020-04-29,66.61611023326104,67.36646983433275,65.71122282126633,66.4764404296875,108358000
2020-04-30,65.94054107016746,66.86375539572747,65.4521842032697,66.70030975341797,55842000
2020-05-01,65.58045798829897,66.93457706750878,64.86576219710645,65.24514770507812,48872000
2020-05-04,64.78996597274732,65.59926608459405,64.18967547834109,65.52149963378906,30806000
2020-05-05,66.24464133439702,67.90434717096521,66.12230839853984,66.8152084350586,39666000
2020-05-06,67.25997539271505,67.78943731097657,66.62253976087045,66.63739776611328,31732000
2020-05-07,67.42391462370928,68.15149590002073,66.98954845815923,67.81865692138672,30652000
2020-05-08,68.43975577847236,69.17376849684152,67.95387781137184,68.56456756591797,33326000
2020-05-11,68.1906095115692,70.1093475675794,68.126718586014,69.51797485351562,32718000
2020-05-12,69.74731441852666,70.04993105053738,68.07770072347968,68.11088562011719,33918000
2020-05-13,68.15940704714981,68.61358886479172,65.7745991923848,66.78102111816406,40368000
2020-05-14,66.0475144238828,67.22877119677766,65.54132953853221,67.2035140991211,36660000
2020-05-15,66.77757251881627,68.08116232621015,66.31893170113807,68.0058822631836,41544000
2020-05-18,67.43729297529579,68.98159604195445,67.07176788673299,68.60617065429688,47094000
2020-05-19,68.62102154900354,68.96821215456,68.04054666803748,68.0722427368164,31586000
2020-05-20,68.8032949341757,69.9360176693198,68.71711698400958,69.79386901855469,38262000
2020-05-21,69.8845145071388,70.15543510161635,69.0623361018383,69.67451477050781,30894000
2020-05-22,69.53334027151953,70.18216501966805,69.13958802109688,69.99594116210938,28544000
2020-05-26,71.41840412552945,71.57442074037448,70.30103828130237,70.39860534667969,44590000
2020-05-27,70.3307594037654,70.59573978291996,69.0727336523979,70.3446273803711,31684000
2020-05-28,69.3401776820852,71.54222318725598,69.29461363754203,70.24358367919922,35170000
2020-05-29,70.35204797281085,71.1593681667158,70.13164919711579,71.00038146972656,37044000
2020-06-01,70.6130711741078,71.39958565996686,70.44367782066597,71.06724548339844,25162000
2020-06-02,71.07368902861234,71.46992016535502,70.41049745634162,71.43574523925781,23442000
2020-06-03,71.45506194687327,71.76758643044298,70.9062830710981,71.28418731689453,27732000
2020-06-04,71.16183703101473,71.38670226943195,69.63784110482716,70.04843139648438,26982000
2020-06-05,70.11480005425456,71.63335457099181,69.71757894981374,71.32231140136719,42642000
2020-06-08,70.64180893468713,71.76709520011376,70.55265332998563,71.71955108642578,33878000
2020-06-09,71.58086036140007,72.69822621574482,71.43821292718843,71.91963195800781,33624000
2020-06-10,72.38669630726893,72.9443854607301,72.03256788922275,72.54469299316406,31762000
2020-06-11,71.37233549620176,71.8958572006623,69.26142572948949,69.43428039550781,47144000
2020-06-12,70.6209918779244,71.04941785617385,68.63687377649948,69.98009490966797,36676000
2020-06-15,68.81964431757447,70.57840613032252,68.70622164599033,70.36741638183594,30468000
2020-06-16,71.76708004899045,72.17173017484788,70.77601485737686,71.64177703857422,30648000
2020-06-17,71.96223667280438,72.42086992194581,71.0801275728507,71.94242095947266,30610000
2020-06-18,71.80918341707451,71.96371120218673,70.63980704312232,71.03009796142578,34862000
2020-06-19,71.32133607368311,71.54421373741724,70.28123023294962,70.56057739257812,52784000
2020-06-22,70.57889933770979,71.8636709690492,70.29064192851833,71.84930419921875,29442000
2020-06-23,71.91567270014066,73.06474219667734,71.56897330290289,72.50902557373047,37752000
2020-06-24,72.47434938272832,73.0939492987786,70.8260329822864,70.95976257324219,31592000
2020-06-25,70.88645432582972,71.43622313045614,70.30795954379751,71.37580108642578,23958000
2020-06-26,70.9562926011227,71.17372126869749,67.11137987256234,67.48482513427734,97640000
2020-06-29,67.3758782586516,69.24113253185516,66.9454721708946,69.20001983642578,45074000
2020-06-30,69.18564429876447,70.52885771285644,68.69282865102589,70.23416137695312,40286000
2020-07-01,70.28963717589664,71.74132301052057,70.04248495319584,71.42037200927734,42182000
2020-07-02,71.90774158333313,73.7244537075192,71.8695989872969,72.8037109375,57218000
2020-07-06,73.70613404852509,74.78833490399879,73.1528963084758,74.27571105957031,44712000
2020-07-07,74.10136699755626,75.34899338827412,73.78289484015339,73.79379272460938,42364000
2020-07-08,74.33267187185562,74.84628574672716,73.91167491016297,74.47135162353516,31766000
2020-07-09,74.78486095554295,75.73630979120777,74.07462418142079,75.21724700927734,41836000
2020-07-10,74.94930499270149,76.34056904013117,74.32871496647132,76.22516632080078,35918000
2020-07-13,76.76651376660473,78.07506115466981,74.61796006227452,74.89878845214844,42954000
2020-07-14,73.93595870830924,75.42231108902422,73.5961894957982,75.32622528076172,38108000
2020-07-15,75.44359385108443,76.09241855269676,74.18556831114255,75.12908935546875,31026000
2020-07-16,74.3673402136335,75.081053498292,73.71207647834652,75.03202056884766,26484000
2020-07-17,75.13057171289171,75.45350280247234,74.19893856976338,75.12760162353516,34264000
2020-07-20,75.03598803252913,77.7110338717438,74.42678707746852,77.45497131347656,30166000
2020-07-21,78.504468706308,78.60451461241732,76.89923750859414,77.06268310546875,27486000
2020-07-22,77.05228897741014,77.61047684984354,76.43417029318135,77.5049819946289,24482000
2020-07-23,77.55848677338363,77.77740431624677,74.71850645345809,75.12266540527344,33910000
2020-07-24,74.2529388126378,75.05728143638413,73.67840404854456,74.6996841430664,29902000
2020-07-27,74.9498128375825,76.15335678507493,74.9037499915274,75.75068664550781,27124000
2020-07-28,75.53127392034418,75.58129688377899,74.31881220863937,74.47383880615234,30910000
2020-07-29,74.54068341099557,75.94382760403128,74.44211877202297,75.45745849609375,22676000
2020-07-30,74.19250254822516,76.3182779617759,74.05382279794463,76.19346618652344,36042000
2020-07-31,74.14694100972764,74.54168329645547,72.01472655151453,73.69622802734375,91468000
